test_lot,lot_number,current_wafer,next_wafer,actual_target,prediction,predicted_risk,pre_alarm_eligible,next_first_spc_alarm,feature,feature_clean,feature_value,shap_value,abs_shap
1,1,3,4,0,1,0.5659177899360657,1,0,current_wafer,wafer,3.0,-0.9562489986419678,0.9562489986419678
1,1,3,4,0,1,0.5659177899360657,1,0,current_mean_si_etch,mean_si_etch,44.149623595505616,-0.6467421650886536,0.6467421650886536
1,1,3,4,0,1,0.5659177899360657,1,0,current_std_si_etch,std_si_etch,3.603756541381583,0.02093462646007538,0.02093462646007538
1,1,3,4,0,1,0.5659177899360657,1,0,current_cv_si_etch,cv_si_etch,0.0816259856346417,0.22881697118282318,0.22881697118282318
1,1,3,4,0,1,0.5659177899360657,1,0,conditioning_count,conditioning_count,3.0,0.0,0.0
1,1,3,4,0,1,0.5659177899360657,1,0,current_Heater2Temp_mean,Heater2Temp_mean,54.417831722831664,0.32535773515701294,0.32535773515701294
1,1,3,4,0,1,0.5659177899360657,1,0,current_Gas7Flow_min,Gas7Flow_min,1.8799999952316284,0.10807464271783829,0.10807464271783829
1,1,3,4,0,1,0.5659177899360657,1,0,current_Gas7Flow_mean,Gas7Flow_mean,2.045423429894161,0.17674310505390167,0.17674310505390167
1,1,3,4,0,1,0.5659177899360657,1,0,current_PlatenRFReflectedPower_std,PlatenRFReflectedPower_std,7.697233407552694,0.4910740554332733,0.4910740554332733
1,1,3,4,0,1,0.5659177899360657,1,0,current_moriInnerCurrent_max,moriInnerCurrent_max,10.026795387268066,-0.04295695200562477,0.04295695200562477
1,1,3,4,0,1,0.5659177899360657,1,0,current_HeliumBPPressure_min,HeliumBPPressure_min,0.0042725913226604,-0.1522146612405777,0.1522146612405777
1,1,3,4,0,1,0.5659177899360657,1,0,current_HeliumBPFlow_mean,HeliumBPFlow_mean,1.6764453597892277,0.4901910126209259,0.4901910126209259
1,1,3,4,0,1,0.5659177899360657,1,0,current_Gas2Flow_max,Gas2Flow_max,4.28000020980835,0.11513553559780121,0.11513553559780121
1,1,3,4,0,1,0.5659177899360657,1,0,current_ForeLinePressure_min,ForeLinePressure_min,20.14221572875977,0.0,0.0
1,1,3,4,0,1,0.5659177899360657,1,0,current_HeliumBPFlow_max,HeliumBPFlow_max,9.966124534606934,-0.0033117104321718216,0.0033117104321718216
1,1,3,4,0,1,0.5659177899360657,1,0,conditioning_surface_Chuck,conditioning_surface_Chuck,1.0,0.0,0.0
1,1,3,4,0,1,0.5659177899360657,1,0,conditioning_surface_Si,conditioning_surface_Si,0.0,0.0,0.0
1,1,3,4,0,1,0.5659177899360657,1,0,conditioning_surface_SiO2,conditioning_surface_SiO2,0.0,0.1369123011827469,0.1369123011827469
1,1,4,5,1,1,0.713219940662384,1,1,current_wafer,wafer,4.0,-0.912222683429718,0.912222683429718
1,1,4,5,1,1,0.713219940662384,1,1,current_mean_si_etch,mean_si_etch,43.90529550561798,-0.16522900760173798,0.16522900760173798
1,1,4,5,1,1,0.713219940662384,1,1,current_std_si_etch,std_si_etch,3.5522596776850137,0.10822193324565887,0.10822193324565887
1,1,4,5,1,1,0.713219940662384,1,1,current_cv_si_etch,cv_si_etch,0.0809073173697345,0.21678122878074646,0.21678122878074646
1,1,4,5,1,1,0.713219940662384,1,1,conditioning_count,conditioning_count,3.0,0.0,0.0
1,1,4,5,1,1,0.713219940662384,1,1,current_Heater2Temp_mean,Heater2Temp_mean,54.43224515994218,0.2971607446670532,0.2971607446670532
1,1,4,5,1,1,0.713219940662384,1,1,current_Gas7Flow_min,Gas7Flow_min,1.919999957084656,0.10807464271783829,0.10807464271783829
1,1,4,5,1,1,0.713219940662384,1,1,current_Gas7Flow_mean,Gas7Flow_mean,2.0520603166274154,0.18830905854701996,0.18830905854701996
1,1,4,5,1,1,0.713219940662384,1,1,current_PlatenRFReflectedPower_std,PlatenRFReflectedPower_std,7.675505811409587,0.5743451118469238,0.5743451118469238
1,1,4,5,1,1,0.713219940662384,1,1,current_moriInnerCurrent_max,moriInnerCurrent_max,10.022767066955566,-0.01909843645989895,0.01909843645989895
1,1,4,5,1,1,0.713219940662384,1,1,current_HeliumBPPressure_min,HeliumBPPressure_min,0.0,-0.2445649951696396,0.2445649951696396
1,1,4,5,1,1,0.713219940662384,1,1,current_HeliumBPFlow_mean,HeliumBPFlow_mean,1.615242167265554,0.5020953416824341,0.5020953416824341
1,1,4,5,1,1,0.713219940662384,1,1,current_Gas2Flow_max,Gas2Flow_max,4.289999961853027,0.11513553559780121,0.11513553559780121
1,1,4,5,1,1,0.713219940662384,1,1,current_ForeLinePressure_min,ForeLinePressure_min,20.44740104675293,0.0,0.0
1,1,4,5,1,1,0.713219940662384,1,1,current_HeliumBPFlow_max,HeliumBPFlow_max,9.723196983337402,-0.0033117104321718216,0.0033117104321718216
1,1,4,5,1,1,0.713219940662384,1,1,conditioning_surface_Chuck,conditioning_surface_Chuck,1.0,0.0,0.0
1,1,4,5,1,1,0.713219940662384,1,1,conditioning_surface_Si,conditioning_surface_Si,0.0,0.0,0.0
1,1,4,5,1,1,0.713219940662384,1,1,conditioning_surface_SiO2,conditioning_surface_SiO2,0.0,0.17192792892456055,0.17192792892456055
1,1,5,6,1,1,0.8976715803146362,0,0,current_wafer,wafer,5.0,0.382229208946228,0.382229208946228
1,1,5,6,1,1,0.8976715803146362,0,0,current_mean_si_etch,mean_si_etch,43.42659101123596,0.4778697192668915,0.4778697192668915
1,1,5,6,1,1,0.8976715803146362,0,0,current_std_si_etch,std_si_etch,3.509060637272411,0.09272205084562302,0.09272205084562302
1,1,5,6,1,1,0.8976715803146362,0,0,current_cv_si_etch,cv_si_etch,0.0808044231785197,0.16414958238601685,0.16414958238601685
1,1,5,6,1,1,0.8976715803146362,0,0,conditioning_count,conditioning_count,3.0,0.0,0.0
1,1,5,6,1,1,0.8976715803146362,0,0,current_Heater2Temp_mean,Heater2Temp_mean,54.412735260639,0.3134918212890625,0.3134918212890625
1,1,5,6,1,1,0.8976715803146362,0,0,current_Gas7Flow_min,Gas7Flow_min,1.940000057220459,0.15375810861587524,0.15375810861587524
1,1,5,6,1,1,0.8976715803146362,0,0,current_Gas7Flow_mean,Gas7Flow_mean,2.056531184655092,0.13520154356956482,0.13520154356956482
1,1,5,6,1,1,0.8976715803146362,0,0,current_PlatenRFReflectedPower_std,PlatenRFReflectedPower_std,8.06046530712927,-0.3976757824420929,0.3976757824420929
1,1,5,6,1,1,0.8976715803146362,0,0,current_moriInnerCurrent_max,moriInnerCurrent_max,10.020752906799316,0.02628464624285698,0.02628464624285698
1,1,5,6,1,1,0.8976715803146362,0,0,current_HeliumBPPressure_min,HeliumBPPressure_min,0.0048829615116119,-0.031867679208517075,0.031867679208517075
1,1,5,6,1,1,0.8976715803146362,0,0,current_HeliumBPFlow_mean,HeliumBPFlow_mean,1.6145042939040428,0.49777910113334656,0.49777910113334656
1,1,5,6,1,1,0.8976715803146362,0,0,current_Gas2Flow_max,Gas2Flow_max,4.340000152587891,0.15286880731582642,0.15286880731582642
1,1,5,6,1,1,0.8976715803146362,0,0,current_ForeLinePressure_min,ForeLinePressure_min,20.44740104675293,0.0,0.0
1,1,5,6,1,1,0.8976715803146362,0,0,current_HeliumBPFlow_max,HeliumBPFlow_max,10.022278785705566,-0.009554657153785229,0.009554657153785229
1,1,5,6,1,1,0.8976715803146362,0,0,conditioning_surface_Chuck,conditioning_surface_Chuck,1.0,0.0,0.0
1,1,5,6,1,1,0.8976715803146362,0,0,conditioning_surface_Si,conditioning_surface_Si,0.0,0.0,0.0
1,1,5,6,1,1,0.8976715803146362,0,0,conditioning_surface_SiO2,conditioning_surface_SiO2,0.0,0.24091120064258575,0.24091120064258575
1,1,8,9,1,1,0.97034752368927,0,0,current_wafer,wafer,8.0,0.8024365305900574,0.8024365305900574
1,1,8,9,1,1,0.97034752368927,0,0,current_mean_si_etch,mean_si_etch,43.09692808988764,0.511407732963562,0.511407732963562
1,1,8,9,1,1,0.97034752368927,0,0,current_std_si_etch,std_si_etch,3.477713183714158,0.0835973247885704,0.0835973247885704
1,1,8,9,1,1,0.97034752368927,0,0,current_cv_si_etch,cv_si_etch,0.0806951524818813,0.14118704199790955,0.14118704199790955
1,1,8,9,1,1,0.97034752368927,0,0,conditioning_count,conditioning_count,3.0,0.0,0.0
1,1,8,9,1,1,0.97034752368927,0,0,current_Heater2Temp_mean,Heater2Temp_mean,54.40539704734011,0.2392035573720932,0.2392035573720932
1,1,8,9,1,1,0.97034752368927,0,0,current_Gas7Flow_min,Gas7Flow_min,1.8899999856948853,0.12957525253295898,0.12957525253295898
1,1,8,9,1,1,0.97034752368927,0,0,current_Gas7Flow_mean,Gas7Flow_mean,2.0187022251169053,0.14158912003040314,0.14158912003040314
1,1,8,9,1,1,0.97034752368927,0,0,current_PlatenRFReflectedPower_std,PlatenRFReflectedPower_std,7.778438055248354,0.2827572226524353,0.2827572226524353
1,1,8,9,1,1,0.97034752368927,0,0,current_moriInnerCurrent_max,moriInnerCurrent_max,10.016724586486816,0.009313803166151047,0.009313803166151047
1,1,8,9,1,1,0.97034752368927,0,0,current_HeliumBPPressure_min,HeliumBPPressure_min,0.0097659230232238,0.32746851444244385,0.32746851444244385
1,1,8,9,1,1,0.97034752368927,0,0,current_HeliumBPFlow_mean,HeliumBPFlow_mean,1.6182242562783131,0.5189093947410583,0.5189093947410583
1,1,8,9,1,1,0.97034752368927,0,0,current_Gas2Flow_max,Gas2Flow_max,4.369999885559082,0.08125278353691101,0.08125278353691101
1,1,8,9,1,1,0.97034752368927,0,0,current_ForeLinePressure_min,ForeLinePressure_min,20.14221572875977,0.0,0.0
1,1,8,9,1,1,0.97034752368927,0,0,current_HeliumBPFlow_max,HeliumBPFlow_max,9.75859832763672,-0.0033117104321718216,0.0033117104321718216
1,1,8,9,1,1,0.97034752368927,0,0,conditioning_surface_Chuck,conditioning_surface_Chuck,1.0,0.0,0.0
1,1,8,9,1,1,0.97034752368927,0,0,conditioning_surface_Si,conditioning_surface_Si,0.0,0.0,0.0
1,1,8,9,1,1,0.97034752368927,0,0,conditioning_surface_SiO2,conditioning_surface_SiO2,0.0,0.24927562475204468,0.24927562475204468
1,1,9,10,1,1,0.9627565741539001,0,0,current_wafer,wafer,9.0,0.8733199238777161,0.8733199238777161
1,1,9,10,1,1,0.9627565741539001,0,0,current_mean_si_etch,mean_si_etch,43.339929213483146,0.5057019591331482,0.5057019591331482
1,1,9,10,1,1,0.9627565741539001,0,0,current_std_si_etch,std_si_etch,3.4895088394683547,0.0835973247885704,0.0835973247885704
1,1,9,10,1,1,0.9627565741539001,0,0,current_cv_si_etch,cv_si_etch,0.0805148716851794,0.11679395288228989,0.11679395288228989
1,1,9,10,1,1,0.9627565741539001,0,0,conditioning_count,conditioning_count,3.0,0.0,0.0
1,1,9,10,1,1,0.9627565741539001,0,0,current_Heater2Temp_mean,Heater2Temp_mean,54.41333924703075,0.17339636385440826,0.17339636385440826
1,1,9,10,1,1,0.9627565741539001,0,0,current_Gas7Flow_min,Gas7Flow_min,1.909999966621399,0.15447013080120087,0.15447013080120087
1,1,9,10,1,1,0.9627565741539001,0,0,current_Gas7Flow_mean,Gas7Flow_mean,2.0772950798364898,-0.11265300959348679,0.11265300959348679
1,1,9,10,1,1,0.9627565741539001,0,0,current_PlatenRFReflectedPower_std,PlatenRFReflectedPower_std,7.487761861836691,0.42807552218437195,0.42807552218437195
1,1,9,10,1,1,0.9627565741539001,0,0,current_moriInnerCurrent_max,moriInnerCurrent_max,10.024781227111816,-0.02190088853240013,0.02190088853240013
1,1,9,10,1,1,0.9627565741539001,0,0,current_HeliumBPPressure_min,HeliumBPPressure_min,0.0054933317005634,0.25276732444763184,0.25276732444763184
1,1,9,10,1,1,0.9627565741539001,0,0,current_HeliumBPFlow_mean,HeliumBPFlow_mean,1.58673647472558,0.4980902075767517,0.4980902075767517
1,1,9,10,1,1,0.9627565741539001,0,0,current_Gas2Flow_max,Gas2Flow_max,4.349999904632568,0.08125278353691101,0.08125278353691101
1,1,9,10,1,1,0.9627565741539001,0,0,current_ForeLinePressure_min,ForeLinePressure_min,20.14221572875977,0.0,0.0
1,1,9,10,1,1,0.9627565741539001,0,0,current_HeliumBPFlow_max,HeliumBPFlow_max,9.9002046585083,-0.0033117104321718216,0.0033117104321718216
1,1,9,10,1,1,0.9627565741539001,0,0,conditioning_surface_Chuck,conditioning_surface_Chuck,1.0,0.0,0.0
1,1,9,10,1,1,0.9627565741539001,0,0,conditioning_surface_Si,conditioning_surface_Si,0.0,0.0,0.0
1,1,9,10,1,1,0.9627565741539001,0,0,conditioning_surface_SiO2,conditioning_surface_SiO2,0.0,0.24927562475204468,0.24927562475204468
2,2,3,4,1,0,0.3683985769748688,1,1,current_wafer,wafer,3.0,-0.9399818778038025,0.9399818778038025
2,2,3,4,1,0,0.3683985769748688,1,1,current_mean_si_etch,mean_si_etch,43.95148597898877,-0.0819409191608429,0.0819409191608429
2,2,3,4,1,0,0.3683985769748688,1,1,current_std_si_etch,std_si_etch,3.547390219150668,0.34495413303375244,0.34495413303375244
2,2,3,4,1,0,0.3683985769748688,1,1,current_cv_si_etch,cv_si_etch,0.0807114967818497,0.07508304715156555,0.07508304715156555
2,2,3,4,1,0,0.3683985769748688,1,1,conditioning_count,conditioning_count,1.0,0.0,0.0
2,2,3,4,1,0,0.3683985769748688,1,1,current_Heater2Temp_mean,Heater2Temp_mean,54.02975041630601,0.20786148309707642,0.20786148309707642
2,2,3,4,1,0,0.3683985769748688,1,1,current_PlatenRFReflectedPower_std,PlatenRFReflectedPower_std,7.843154389369266,0.013519139029085636,0.013519139029085636
2,2,3,4,1,0,0.3683985769748688,1,1,current_SourceRFReflectedPower_mean,SourceRFReflectedPower_mean,137.88362378913888,-0.25847694277763367,0.25847694277763367
2,2,3,4,1,0,0.3683985769748688,1,1,current_HeliumBPPressure_min,HeliumBPPressure_min,0.0,-0.14619150757789612,0.14619150757789612
2,2,3,4,1,0,0.3683985769748688,1,1,current_Gas7Flow_min,Gas7Flow_min,1.919999957084656,0.02186877839267254,0.02186877839267254
2,2,3,4,1,0,0.3683985769748688,1,1,current_Gas7Flow_mean,Gas7Flow_mean,2.045220163039585,0.15452291071414948,0.15452291071414948
2,2,3,4,1,0,0.3683985769748688,1,1,current_HeliumBPFlow_mean,HeliumBPFlow_mean,1.449203053170951,0.291083961725235,0.291083961725235
2,2,3,4,1,0,0.3683985769748688,1,1,current_PlatenRFTuningCapacitor_std,PlatenRFTuningCapacitor_std,3.94044181649956,-0.11433358490467072,0.11433358490467072
2,2,3,4,1,0,0.3683985769748688,1,1,current_PlatenRFLoadCapacitor_min,PlatenRFLoadCapacitor_min,7.818841934204102,0.0,0.0
2,2,3,4,1,0,0.3683985769748688,1,1,current_HeliumBPFlow_max,HeliumBPFlow_max,9.717093467712402,-0.02446994185447693,0.02446994185447693
2,2,3,4,1,0,0.3683985769748688,1,1,conditioning_surface_Chuck,conditioning_surface_Chuck,1.0,0.0,0.0
2,2,3,4,1,0,0.3683985769748688,1,1,conditioning_surface_Si,conditioning_surface_Si,0.0,-0.156117781996727,0.156117781996727
2,2,3,4,1,0,0.3683985769748688,1,1,conditioning_surface_SiO2,conditioning_surface_SiO2,0.0,0.14638875424861908,0.14638875424861908
2,2,4,5,1,0,0.46172282099723816,0,0,current_wafer,wafer,4.0,-1.059897780418396,1.059897780418396
2,2,4,5,1,0,0.46172282099723816,0,0,current_mean_si_etch,mean_si_etch,43.42695056179775,0.2761673629283905,0.2761673629283905
2,2,4,5,1,0,0.46172282099723816,0,0,current_std_si_etch,std_si_etch,3.466730713088856,0.31015121936798096,0.31015121936798096
2,2,4,5,1,0,0.46172282099723816,0,0,current_cv_si_etch,cv_si_etch,0.0798290155822846,0.08237043768167496,0.08237043768167496
2,2,4,5,1,0,0.46172282099723816,0,0,conditioning_count,conditioning_count,1.0,0.0,0.0
2,2,4,5,1,0,0.46172282099723816,0,0,current_Heater2Temp_mean,Heater2Temp_mean,54.006337363044736,0.20786148309707642,0.20786148309707642
2,2,4,5,1,0,0.46172282099723816,0,0,current_PlatenRFReflectedPower_std,PlatenRFReflectedPower_std,8.09242695750964,-0.49241316318511963,0.49241316318511963
2,2,4,5,1,0,0.46172282099723816,0,0,current_SourceRFReflectedPower_mean,SourceRFReflectedPower_mean,142.03357044098647,0.15069907903671265,0.15069907903671265
2,2,4,5,1,0,0.46172282099723816,0,0,current_HeliumBPPressure_min,HeliumBPPressure_min,0.0061037018895149,0.18388114869594574,0.18388114869594574
2,2,4,5,1,0,0.46172282099723816,0,0,current_Gas7Flow_min,Gas7Flow_min,1.8899999856948853,0.014489943161606789,0.014489943161606789
2,2,4,5,1,0,0.46172282099723816,0,0,current_Gas7Flow_mean,Gas7Flow_mean,2.0499484090460944,0.11310244351625443,0.11310244351625443
2,2,4,5,1,0,0.46172282099723816,0,0,current_HeliumBPFlow_mean,HeliumBPFlow_mean,1.5067659976122378,0.2617865204811096,0.2617865204811096
2,2,4,5,1,0,0.46172282099723816,0,0,current_PlatenRFTuningCapacitor_std,PlatenRFTuningCapacitor_std,3.936366374451023,-0.13798615336418152,0.13798615336418152
2,2,4,5,1,0,0.46172282099723816,0,0,current_PlatenRFLoadCapacitor_min,PlatenRFLoadCapacitor_min,0.0,0.0,0.0
2,2,4,5,1,0,0.46172282099723816,0,0,current_HeliumBPFlow_max,HeliumBPFlow_max,9.525437355041504,-0.007405162788927555,0.007405162788927555
2,2,4,5,1,0,0.46172282099723816,0,0,conditioning_surface_Chuck,conditioning_surface_Chuck,1.0,0.0,0.0
2,2,4,5,1,0,0.46172282099723816,0,0,conditioning_surface_Si,conditioning_surface_Si,0.0,-0.156117781996727,0.156117781996727
2,2,4,5,1,0,0.46172282099723816,0,0,conditioning_surface_SiO2,conditioning_surface_SiO2,0.0,0.17276428639888763,0.17276428639888763
2,2,5,6,1,1,0.8044150471687317,0,0,current_wafer,wafer,5.0,0.4473536014556885,0.4473536014556885
2,2,5,6,1,1,0.8044150471687317,0,0,current_mean_si_etch,mean_si_etch,43.54600561797753,0.10557305812835693,0.10557305812835693
2,2,5,6,1,1,0.8044150471687317,0,0,current_std_si_etch,std_si_etch,3.4666253747622258,0.2714959979057312,0.2714959979057312
2,2,5,6,1,1,0.8044150471687317,0,0,current_cv_si_etch,cv_si_etch,0.0796083435338341,0.08237043768167496,0.08237043768167496
2,2,5,6,1,1,0.8044150471687317,0,0,conditioning_count,conditioning_count,1.0,0.0,0.0
2,2,5,6,1,1,0.8044150471687317,0,0,current_Heater2Temp_mean,Heater2Temp_mean,53.99950754807698,0.20786148309707642,0.20786148309707642
2,2,5,6,1,1,0.8044150471687317,0,0,current_PlatenRFReflectedPower_std,PlatenRFReflectedPower_std,7.692523325623361,0.05295681580901146,0.05295681580901146
2,2,5,6,1,1,0.8044150471687317,0,0,current_SourceRFReflectedPower_mean,SourceRFReflectedPower_mean,136.71664554546814,-0.29203352332115173,0.29203352332115173
2,2,5,6,1,1,0.8044150471687317,0,0,current_HeliumBPPressure_min,HeliumBPPressure_min,0.0079348124563694,0.1937587857246399,0.1937587857246399
2,2,5,6,1,1,0.8044150471687317,0,0,current_Gas7Flow_min,Gas7Flow_min,1.9299999475479128,0.0735984593629837,0.0735984593629837
2,2,5,6,1,1,0.8044150471687317,0,0,current_Gas7Flow_mean,Gas7Flow_mean,2.0633507350205567,0.08259329199790955,0.08259329199790955
2,2,5,6,1,1,0.8044150471687317,0,0,current_HeliumBPFlow_mean,HeliumBPFlow_mean,1.4029555295040177,0.3312188982963562,0.3312188982963562
2,2,5,6,1,1,0.8044150471687317,0,0,current_PlatenRFTuningCapacitor_std,PlatenRFTuningCapacitor_std,3.9136910134737626,-0.13941702246665955,0.13941702246665955
2,2,5,6,1,1,0.8044150471687317,0,0,current_PlatenRFLoadCapacitor_min,PlatenRFLoadCapacitor_min,7.525864601135254,0.0,0.0
2,2,5,6,1,1,0.8044150471687317,0,0,current_HeliumBPFlow_max,HeliumBPFlow_max,9.691457748413086,-0.02446994185447693,0.02446994185447693
2,2,5,6,1,1,0.8044150471687317,0,0,conditioning_surface_Chuck,conditioning_surface_Chuck,1.0,0.0,0.0
2,2,5,6,1,1,0.8044150471687317,0,0,conditioning_surface_Si,conditioning_surface_Si,0.0,-0.14634299278259277,0.14634299278259277
2,2,5,6,1,1,0.8044150471687317,0,0,conditioning_surface_SiO2,conditioning_surface_SiO2,0.0,0.24046581983566284,0.24046581983566284
2,2,6,7,1,1,0.9627556204795837,0,0,current_wafer,wafer,6.0,0.7081225514411926,0.7081225514411926
2,2,6,7,1,1,0.9627556204795837,0,0,current_mean_si_etch,mean_si_etch,43.41621348314607,0.25235286355018616,0.25235286355018616
2,2,6,7,1,1,0.9627556204795837,0,0,current_std_si_etch,std_si_etch,3.452597133719872,0.23204073309898376,0.23204073309898376
2,2,6,7,1,1,0.9627556204795837,0,0,current_cv_si_etch,cv_si_etch,0.0795232208598787,0.05404229834675789,0.05404229834675789
2,2,6,7,1,1,0.9627556204795837,0,0,conditioning_count,conditioning_count,1.0,0.0,0.0
2,2,6,7,1,1,0.9627556204795837,0,0,current_Heater2Temp_mean,Heater2Temp_mean,54.01145655329792,0.08474809676408768,0.08474809676408768
2,2,6,7,1,1,0.9627556204795837,0,0,current_PlatenRFReflectedPower_std,PlatenRFReflectedPower_std,7.578408419721608,0.9035146832466125,0.9035146832466125
2,2,6,7,1,1,0.9627556204795837,0,0,current_SourceRFReflectedPower_mean,SourceRFReflectedPower_mean,140.54926095527293,0.16861191391944885,0.16861191391944885
2,2,6,7,1,1,0.9627556204795837,0,0,current_HeliumBPPressure_min,HeliumBPPressure_min,0.0067140720784664,0.20453478395938873,0.20453478395938873
2,2,6,7,1,1,0.9627556204795837,0,0,current_Gas7Flow_min,Gas7Flow_min,1.899999976158142,0.0561896488070488,0.0561896488070488
2,2,6,7,1,1,0.9627556204795837,0,0,current_Gas7Flow_mean,Gas7Flow_mean,2.060505034852329,0.07402144372463226,0.07402144372463226
2,2,6,7,1,1,0.9627556204795837,0,0,current_HeliumBPFlow_mean,HeliumBPFlow_mean,1.4346553014036616,0.31572645902633667,0.31572645902633667
2,2,6,7,1,1,0.9627556204795837,0,0,current_PlatenRFTuningCapacitor_std,PlatenRFTuningCapacitor_std,3.862639868980321,0.10764317214488983,0.10764317214488983
2,2,6,7,1,1,0.9627556204795837,0,0,current_PlatenRFLoadCapacitor_min,PlatenRFLoadCapacitor_min,7.55943489074707,0.0,0.0
2,2,6,7,1,1,0.9627556204795837,0,0,current_HeliumBPFlow_max,HeliumBPFlow_max,9.768364906311035,-0.019149132072925568,0.019149132072925568
2,2,6,7,1,1,0.9627556204795837,0,0,conditioning_surface_Chuck,conditioning_surface_Chuck,1.0,0.0,0.0
2,2,6,7,1,1,0.9627556204795837,0,0,conditioning_surface_Si,conditioning_surface_Si,0.0,-0.07178181409835815,0.07178181409835815
2,2,6,7,1,1,0.9627556204795837,0,0,conditioning_surface_SiO2,conditioning_surface_SiO2,0.0,0.25454360246658325,0.25454360246658325
2,2,7,8,1,1,0.9682318568229675,0,0,current_wafer,wafer,7.0,0.7241768836975098,0.7241768836975098
2,2,7,8,1,1,0.9682318568229675,0,0,current_mean_si_etch,mean_si_etch,43.29778764044944,0.29189741611480713,0.29189741611480713
2,2,7,8,1,1,0.9682318568229675,0,0,current_std_si_etch,std_si_etch,3.45002615253,0.22243276238441467,0.22243276238441467
2,2,7,8,1,1,0.9682318568229675,0,0,current_cv_si_etch,cv_si_etch,0.0796813495687002,0.05404229834675789,0.05404229834675789
2,2,7,8,1,1,0.9682318568229675,0,0,conditioning_count,conditioning_count,1.0,0.0,0.0
2,2,7,8,1,1,0.9682318568229675,0,0,current_Heater2Temp_mean,Heater2Temp_mean,54.010101417045725,0.08474809676408768,0.08474809676408768
2,2,7,8,1,1,0.9682318568229675,0,0,current_PlatenRFReflectedPower_std,PlatenRFReflectedPower_std,7.5906654596495295,0.9035146832466125,0.9035146832466125
2,2,7,8,1,1,0.9682318568229675,0,0,current_SourceRFReflectedPower_mean,SourceRFReflectedPower_mean,139.96885477410746,0.16861191391944885,0.16861191391944885
2,2,7,8,1,1,0.9682318568229675,0,0,current_HeliumBPPressure_min,HeliumBPPressure_min,0.0085451826453208,0.20453478395938873,0.20453478395938873
2,2,7,8,1,1,0.9682318568229675,0,0,current_Gas7Flow_min,Gas7Flow_min,1.919999957084656,0.0561896488070488,0.0561896488070488
2,2,7,8,1,1,0.9682318568229675,0,0,current_Gas7Flow_mean,Gas7Flow_mean,2.065811469219338,0.040888965129852295,0.040888965129852295
2,2,7,8,1,1,0.9682318568229675,0,0,current_HeliumBPFlow_mean,HeliumBPFlow_mean,1.367008540179313,0.340101957321167,0.340101957321167
2,2,7,8,1,1,0.9682318568229675,0,0,current_PlatenRFTuningCapacitor_std,PlatenRFTuningCapacitor_std,3.881831678228012,0.1926492303609848,0.1926492303609848
2,2,7,8,1,1,0.9682318568229675,0,0,current_PlatenRFLoadCapacitor_min,PlatenRFLoadCapacitor_min,6.61336088180542,0.0,0.0
2,2,7,8,1,1,0.9682318568229675,0,0,current_HeliumBPFlow_max,HeliumBPFlow_max,9.444868087768556,0.023321816697716713,0.023321816697716713
2,2,7,8,1,1,0.9682318568229675,0,0,conditioning_surface_Chuck,conditioning_surface_Chuck,1.0,0.0,0.0
2,2,7,8,1,1,0.9682318568229675,0,0,conditioning_surface_Si,conditioning_surface_Si,0.0,-0.07178181409835815,0.07178181409835815
2,2,7,8,1,1,0.9682318568229675,0,0,conditioning_surface_SiO2,conditioning_surface_SiO2,0.0,0.25454360246658325,0.25454360246658325
2,2,8,9,1,1,0.9287612438201904,0,0,current_wafer,wafer,8.0,0.7368229627609253,0.7368229627609253
2,2,8,9,1,1,0.9287612438201904,0,0,current_mean_si_etch,mean_si_etch,42.96067191011236,0.32385608553886414,0.32385608553886414
2,2,8,9,1,1,0.9287612438201904,0,0,current_std_si_etch,std_si_etch,3.4267495520532942,0.24815228581428528,0.24815228581428528
2,2,8,9,1,1,0.9287612438201904,0,0,current_cv_si_etch,cv_si_etch,0.0797648034747492,0.05404229834675789,0.05404229834675789
2,2,8,9,1,1,0.9287612438201904,0,0,conditioning_count,conditioning_count,1.0,0.0,0.0
2,2,8,9,1,1,0.9287612438201904,0,0,current_Heater2Temp_mean,Heater2Temp_mean,54.00027270286724,0.19126853346824646,0.19126853346824646
2,2,8,9,1,1,0.9287612438201904,0,0,current_PlatenRFReflectedPower_std,PlatenRFReflectedPower_std,7.839111873866921,-0.0433652363717556,0.0433652363717556
2,2,8,9,1,1,0.9287612438201904,0,0,current_SourceRFReflectedPower_mean,SourceRFReflectedPower_mean,142.33116050230106,0.16512510180473328,0.16512510180473328
2,2,8,9,1,1,0.9287612438201904,0,0,current_HeliumBPPressure_min,HeliumBPPressure_min,0.0061037018895149,0.20677287876605988,0.20677287876605988
2,2,8,9,1,1,0.9287612438201904,0,0,current_Gas7Flow_min,Gas7Flow_min,1.909999966621399,0.0561896488070488,0.0561896488070488
2,2,8,9,1,1,0.9287612438201904,0,0,current_Gas7Flow_mean,Gas7Flow_mean,2.054722596132672,0.11805657297372818,0.11805657297372818
2,2,8,9,1,1,0.9287612438201904,0,0,current_HeliumBPFlow_mean,HeliumBPFlow_mean,1.3712492708537969,0.32077112793922424,0.32077112793922424
2,2,8,9,1,1,0.9287612438201904,0,0,current_PlatenRFTuningCapacitor_std,PlatenRFTuningCapacitor_std,3.888363531497377,0.18370871245861053,0.18370871245861053
2,2,8,9,1,1,0.9287612438201904,0,0,current_PlatenRFLoadCapacitor_min,PlatenRFLoadCapacitor_min,0.0,0.0,0.0
2,2,8,9,1,1,0.9287612438201904,0,0,current_HeliumBPFlow_max,HeliumBPFlow_max,9.850153923034668,-0.019149132072925568,0.019149132072925568
2,2,8,9,1,1,0.9287612438201904,0,0,conditioning_surface_Chuck,conditioning_surface_Chuck,1.0,0.0,0.0
2,2,8,9,1,1,0.9287612438201904,0,0,conditioning_surface_Si,conditioning_surface_Si,0.0,-0.156117781996727,0.156117781996727
2,2,8,9,1,1,0.9287612438201904,0,0,conditioning_surface_SiO2,conditioning_surface_SiO2,0.0,0.25454360246658325,0.25454360246658325
2,2,9,10,1,1,0.9454069137573242,0,0,current_wafer,wafer,9.0,0.7085597515106201,0.7085597515106201
2,2,9,10,1,1,0.9454069137573242,0,0,current_mean_si_etch,mean_si_etch,43.18773370786516,0.3046460747718811,0.3046460747718811
2,2,9,10,1,1,0.9454069137573242,0,0,current_std_si_etch,std_si_etch,3.447464424166889,0.2497953325510025,0.2497953325510025
2,2,9,10,1,1,0.9454069137573242,0,0,current_cv_si_etch,cv_si_etch,0.079825082915593,0.06286414712667465,0.06286414712667465
2,2,9,10,1,1,0.9454069137573242,0,0,conditioning_count,conditioning_count,1.0,0.0,0.0
2,2,9,10,1,1,0.9454069137573242,0,0,current_Heater2Temp_mean,Heater2Temp_mean,54.00381990692458,0.10134104639291763,0.10134104639291763
2,2,9,10,1,1,0.9454069137573242,0,0,current_PlatenRFReflectedPower_std,PlatenRFReflectedPower_std,7.635249888286498,0.9116711020469666,0.9116711020469666
2,2,9,10,1,1,0.9454069137573242,0,0,current_SourceRFReflectedPower_mean,SourceRFReflectedPower_mean,136.93916745297724,-0.279723197221756,0.279723197221756
2,2,9,10,1,1,0.9454069137573242,0,0,current_HeliumBPPressure_min,HeliumBPPressure_min,0.0079348124563694,0.17854665219783783,0.17854665219783783
2,2,9,10,1,1,0.9454069137573242,0,0,current_Gas7Flow_min,Gas7Flow_min,1.9299999475479128,0.08655013889074326,0.08655013889074326
2,2,9,10,1,1,0.9454069137573242,0,0,current_Gas7Flow_mean,Gas7Flow_mean,2.0544177016503857,0.1359560489654541,0.1359560489654541
2,2,9,10,1,1,0.9454069137573242,0,0,current_HeliumBPFlow_mean,HeliumBPFlow_mean,1.4241546162289929,0.2888699471950531,0.2888699471950531
2,2,9,10,1,1,0.9454069137573242,0,0,current_PlatenRFTuningCapacitor_std,PlatenRFTuningCapacitor_std,3.893257409870013,0.025959420949220657,0.025959420949220657
2,2,9,10,1,1,0.9454069137573242,0,0,current_PlatenRFLoadCapacitor_min,PlatenRFLoadCapacitor_min,7.205420017242432,0.0,0.0
2,2,9,10,1,1,0.9454069137573242,0,0,current_HeliumBPFlow_max,HeliumBPFlow_max,9.74517059326172,-0.019149132072925568,0.019149132072925568
2,2,9,10,1,1,0.9454069137573242,0,0,conditioning_surface_Chuck,conditioning_surface_Chuck,1.0,0.0,0.0
2,2,9,10,1,1,0.9454069137573242,0,0,conditioning_surface_Si,conditioning_surface_Si,0.0,-0.07178181409835815,0.07178181409835815
2,2,9,10,1,1,0.9454069137573242,0,0,conditioning_surface_SiO2,conditioning_surface_SiO2,0.0,0.24046581983566284,0.24046581983566284
3,3,3,4,0,0,0.22258493304252625,1,0,current_wafer,wafer,3.0,-0.9798802733421326,0.9798802733421326
3,3,3,4,0,0,0.22258493304252625,1,0,current_mean_si_etch,mean_si_etch,44.266009562584266,-0.3485936224460602,0.3485936224460602
3,3,3,4,0,0,0.22258493304252625,1,0,current_std_si_etch,std_si_etch,3.726089616354972,-0.46820926666259766,0.46820926666259766
3,3,3,4,0,0,0.22258493304252625,1,0,current_cv_si_etch,cv_si_etch,0.0841749607243667,-0.032305747270584106,0.032305747270584106
3,3,3,4,0,0,0.22258493304252625,1,0,conditioning_count,conditioning_count,9.0,0.0,0.0
3,3,3,4,0,0,0.22258493304252625,1,0,current_Heater2Temp_mean,Heater2Temp_mean,54.90511191379558,-0.1346610188484192,0.1346610188484192
3,3,3,4,0,0,0.22258493304252625,1,0,current_HeliumBPFlow_mean,HeliumBPFlow_mean,1.3361366286961012,0.6306173205375671,0.6306173205375671
3,3,3,4,0,0,0.22258493304252625,1,0,current_Pressure_min,Pressure_min,0.0006000000284984,0.13709357380867004,0.13709357380867004
3,3,3,4,0,0,0.22258493304252625,1,0,current_Gas7Flow_mean,Gas7Flow_mean,1.9499538089812705,0.28001540899276733,0.28001540899276733
3,3,3,4,0,0,0.22258493304252625,1,0,current_PlatenRFReflectedPower_std,PlatenRFReflectedPower_std,7.898260551332114,0.010538971051573753,0.010538971051573753
3,3,3,4,0,0,0.22258493304252625,1,0,current_PlatenDcBias_min,PlatenDcBias_min,-34.974212646484375,-0.012638991698622704,0.012638991698622704
3,3,3,4,0,0,0.22258493304252625,1,0,current_Gas7Flow_min,Gas7Flow_min,1.830000042915344,0.0035659135319292545,0.0035659135319292545
3,3,3,4,0,0,0.22258493304252625,1,0,current_HeliumBPFlow_max,HeliumBPFlow_max,9.289834022521973,-0.010728908702731133,0.010728908702731133
3,3,3,4,0,0,0.22258493304252625,1,0,current_HeliumBPPressure_min,HeliumBPPressure_min,0.0,-0.20793475210666656,0.20793475210666656
3,3,3,4,0,0,0.22258493304252625,1,0,current_SourceRFReflectedPower_mean,SourceRFReflectedPower_mean,137.1092787525715,-0.08780710399150848,0.08780710399150848
3,3,3,4,0,0,0.22258493304252625,1,0,conditioning_surface_Chuck,conditioning_surface_Chuck,1.0,0.01686784438788891,0.01686784438788891
3,3,3,4,0,0,0.22258493304252625,1,0,conditioning_surface_Si,conditioning_surface_Si,0.0,-0.020426256582140923,0.020426256582140923
3,3,3,4,0,0,0.22258493304252625,1,0,conditioning_surface_SiO2,conditioning_surface_SiO2,0.0,0.06634746491909027,0.06634746491909027
3,3,4,5,0,0,0.24135766923427582,1,0,current_wafer,wafer,4.0,-0.9668263792991638,0.9668263792991638
3,3,4,5,0,0,0.24135766923427582,1,0,current_mean_si_etch,mean_si_etch,44.079486308876405,-0.33488935232162476,0.33488935232162476
3,3,4,5,0,0,0.24135766923427582,1,0,current_std_si_etch,std_si_etch,3.6802060420349054,-0.46820926666259766,0.46820926666259766
3,3,4,5,0,0,0.24135766923427582,1,0,current_cv_si_etch,cv_si_etch,0.0834902207400228,-0.032305747270584106,0.032305747270584106
3,3,4,5,0,0,0.24135766923427582,1,0,conditioning_count,conditioning_count,9.0,0.0,0.0
3,3,4,5,0,0,0.24135766923427582,1,0,current_Heater2Temp_mean,Heater2Temp_mean,54.89944538954114,-0.1346610188484192,0.1346610188484192
3,3,4,5,0,0,0.24135766923427582,1,0,current_HeliumBPFlow_mean,HeliumBPFlow_mean,1.3949445827391136,0.7092741131782532,0.7092741131782532
3,3,4,5,0,0,0.24135766923427582,1,0,current_Pressure_min,Pressure_min,0.0006000000284984,0.13709357380867004,0.13709357380867004
3,3,4,5,0,0,0.24135766923427582,1,0,current_Gas7Flow_mean,Gas7Flow_mean,2.0305635675783336,0.28001540899276733,0.28001540899276733
3,3,4,5,0,0,0.24135766923427582,1,0,current_PlatenRFReflectedPower_std,PlatenRFReflectedPower_std,7.89791230835085,0.010538971051573753,0.010538971051573753
3,3,4,5,0,0,0.24135766923427582,1,0,current_PlatenDcBias_min,PlatenDcBias_min,-34.11969375610352,-0.012638991698622704,0.012638991698622704
3,3,4,5,0,0,0.24135766923427582,1,0,current_Gas7Flow_min,Gas7Flow_min,1.919999957084656,0.0035659135319292545,0.0035659135319292545
3,3,4,5,0,0,0.24135766923427582,1,0,current_HeliumBPFlow_max,HeliumBPFlow_max,9.57670783996582,-0.010728908702731133,0.010728908702731133
3,3,4,5,0,0,0.24135766923427582,1,0,current_HeliumBPPressure_min,HeliumBPPressure_min,0.0024414807558059,-0.20793475210666656,0.20793475210666656
3,3,4,5,0,0,0.24135766923427582,1,0,current_SourceRFReflectedPower_mean,SourceRFReflectedPower_mean,137.1553809486919,-0.08780710399150848,0.08780710399150848
3,3,4,5,0,0,0.24135766923427582,1,0,conditioning_surface_Chuck,conditioning_surface_Chuck,1.0,0.01686784438788891,0.01686784438788891
3,3,4,5,0,0,0.24135766923427582,1,0,conditioning_surface_Si,conditioning_surface_Si,0.0,-0.020426256582140923,0.020426256582140923
3,3,4,5,0,0,0.24135766923427582,1,0,conditioning_surface_SiO2,conditioning_surface_SiO2,0.0,0.06634746491909027,0.06634746491909027
3,3,5,6,0,1,0.6688215136528015,1,0,current_wafer,wafer,5.0,0.7278559803962708,0.7278559803962708
3,3,5,6,0,1,0.6688215136528015,1,0,current_mean_si_etch,mean_si_etch,43.97683269134832,-0.2182272970676422,0.2182272970676422
3,3,5,6,0,1,0.6688215136528015,1,0,current_std_si_etch,std_si_etch,3.617573040407448,-0.42934805154800415,0.42934805154800415
3,3,5,6,0,1,0.6688215136528015,1,0,current_cv_si_etch,cv_si_etch,0.0822608819011002,-0.032305747270584106,0.032305747270584106
3,3,5,6,0,1,0.6688215136528015,1,0,conditioning_count,conditioning_count,9.0,0.0,0.0
3,3,5,6,0,1,0.6688215136528015,1,0,current_Heater2Temp_mean,Heater2Temp_mean,54.90544567914076,-0.14259208738803864,0.14259208738803864
3,3,5,6,0,1,0.6688215136528015,1,0,current_HeliumBPFlow_mean,HeliumBPFlow_mean,1.3805950917688334,0.8568148016929626,0.8568148016929626
3,3,5,6,0,1,0.6688215136528015,1,0,current_Pressure_min,Pressure_min,0.0006000000284984,0.12948691844940186,0.12948691844940186
3,3,5,6,0,1,0.6688215136528015,1,0,current_Gas7Flow_mean,Gas7Flow_mean,2.060122017345518,0.21712122857570648,0.21712122857570648
3,3,5,6,0,1,0.6688215136528015,1,0,current_PlatenRFReflectedPower_std,PlatenRFReflectedPower_std,10.321123597518891,-0.1050340086221695,0.1050340086221695
3,3,5,6,0,1,0.6688215136528015,1,0,current_PlatenDcBias_min,PlatenDcBias_min,-33.47880554199219,-0.012638991698622704,0.012638991698622704
3,3,5,6,0,1,0.6688215136528015,1,0,current_Gas7Flow_min,Gas7Flow_min,1.950000047683716,-0.009970988146960735,0.009970988146960735
3,3,5,6,0,1,0.6688215136528015,1,0,current_HeliumBPFlow_max,HeliumBPFlow_max,9.731741905212402,0.02492588199675083,0.02492588199675083
3,3,5,6,0,1,0.6688215136528015,1,0,current_HeliumBPPressure_min,HeliumBPPressure_min,0.0,-0.2180134654045105,0.2180134654045105
3,3,5,6,0,1,0.6688215136528015,1,0,current_SourceRFReflectedPower_mean,SourceRFReflectedPower_mean,135.19492600548529,-0.09702209383249283,0.09702209383249283
3,3,5,6,0,1,0.6688215136528015,1,0,conditioning_surface_Chuck,conditioning_surface_Chuck,1.0,0.0053100488148629665,0.0053100488148629665
3,3,5,6,0,1,0.6688215136528015,1,0,conditioning_surface_Si,conditioning_surface_Si,0.0,-0.020426256582140923,0.020426256582140923
3,3,5,6,0,1,0.6688215136528015,1,0,conditioning_surface_SiO2,conditioning_surface_SiO2,0.0,0.11945027112960815,0.11945027112960815
3,3,6,7,1,1,0.7296637296676636,1,1,current_wafer,wafer,6.0,0.8439915180206299,0.8439915180206299
3,3,6,7,1,1,0.7296637296676636,1,1,current_mean_si_etch,mean_si_etch,43.70646829337079,-0.03769845515489578,0.03769845515489578
3,3,6,7,1,1,0.7296637296676636,1,1,current_std_si_etch,std_si_etch,3.612516559788651,-0.39513519406318665,0.39513519406318665
3,3,6,7,1,1,0.7296637296676636,1,1,current_cv_si_etch,cv_si_etch,0.0826540487220419,-0.032305747270584106,0.032305747270584106
3,3,6,7,1,1,0.7296637296676636,1,1,conditioning_count,conditioning_count,9.0,0.0,0.0
3,3,6,7,1,1,0.7296637296676636,1,1,current_Heater2Temp_mean,Heater2Temp_mean,54.89963002066809,-0.14259208738803864,0.14259208738803864
3,3,6,7,1,1,0.7296637296676636,1,1,current_HeliumBPFlow_mean,HeliumBPFlow_mean,1.4325937437087537,0.8708659410476685,0.8708659410476685
3,3,6,7,1,1,0.7296637296676636,1,1,current_Pressure_min,Pressure_min,0.0006000000284984,0.12948691844940186,0.12948691844940186
3,3,6,7,1,1,0.7296637296676636,1,1,current_Gas7Flow_mean,Gas7Flow_mean,2.0704558950401863,-0.13322030007839203,0.13322030007839203
3,3,6,7,1,1,0.7296637296676636,1,1,current_PlatenRFReflectedPower_std,PlatenRFReflectedPower_std,7.550589662376933,0.19807001948356628,0.19807001948356628
3,3,6,7,1,1,0.7296637296676636,1,1,current_PlatenDcBias_min,PlatenDcBias_min,-34.88265609741211,-0.012638991698622704,0.012638991698622704
3,3,6,7,1,1,0.7296637296676636,1,1,current_Gas7Flow_min,Gas7Flow_min,1.909999966621399,0.010037040337920189,0.010037040337920189
3,3,6,7,1,1,0.7296637296676636,1,1,current_HeliumBPFlow_max,HeliumBPFlow_max,9.421673774719238,-0.0038987277075648308,0.0038987277075648308
3,3,6,7,1,1,0.7296637296676636,1,1,current_HeliumBPPressure_min,HeliumBPPressure_min,0.0,-0.242116779088974,0.242116779088974
3,3,6,7,1,1,0.7296637296676636,1,1,current_SourceRFReflectedPower_mean,SourceRFReflectedPower_mean,138.9415427088228,-0.08693566918373108,0.08693566918373108
3,3,6,7,1,1,0.7296637296676636,1,1,conditioning_surface_Chuck,conditioning_surface_Chuck,1.0,0.0053100488148629665,0.0053100488148629665
3,3,6,7,1,1,0.7296637296676636,1,1,conditioning_surface_Si,conditioning_surface_Si,0.0,-0.011050022207200527,0.011050022207200527
3,3,6,7,1,1,0.7296637296676636,1,1,conditioning_surface_SiO2,conditioning_surface_SiO2,0.0,0.1252739578485489,0.1252739578485489
3,3,7,8,1,1,0.8093510270118713,0,0,current_wafer,wafer,7.0,0.8465502262115479,0.8465502262115479
3,3,7,8,1,1,0.8093510270118713,0,0,current_mean_si_etch,mean_si_etch,43.58551297651685,0.080935038626194,0.080935038626194
3,3,7,8,1,1,0.8093510270118713,0,0,current_std_si_etch,std_si_etch,3.5956182045580425,-0.1801457703113556,0.1801457703113556
3,3,7,8,1,1,0.8093510270118713,0,0,current_cv_si_etch,cv_si_etch,0.0824957183937539,-0.032305747270584106,0.032305747270584106
3,3,7,8,1,1,0.8093510270118713,0,0,conditioning_count,conditioning_count,9.0,0.0,0.0
3,3,7,8,1,1,0.8093510270118713,0,0,current_Heater2Temp_mean,Heater2Temp_mean,54.90234096947821,-0.14259208738803864,0.14259208738803864
3,3,7,8,1,1,0.8093510270118713,0,0,current_HeliumBPFlow_mean,HeliumBPFlow_mean,1.3904398426698157,0.8147837519645691,0.8147837519645691
3,3,7,8,1,1,0.8093510270118713,0,0,current_Pressure_min,Pressure_min,0.0006000000284984,0.12948691844940186,0.12948691844940186
3,3,7,8,1,1,0.8093510270118713,0,0,current_Gas7Flow_mean,Gas7Flow_mean,2.0683086309914813,-0.13965214788913727,0.13965214788913727
3,3,7,8,1,1,0.8093510270118713,0,0,current_PlatenRFReflectedPower_std,PlatenRFReflectedPower_std,7.355475308829471,0.20655496418476105,0.20655496418476105
3,3,7,8,1,1,0.8093510270118713,0,0,current_PlatenDcBias_min,PlatenDcBias_min,-34.974212646484375,-0.012638991698622704,0.012638991698622704
3,3,7,8,1,1,0.8093510270118713,0,0,current_Gas7Flow_min,Gas7Flow_min,1.899999976158142,0.010037040337920189,0.010037040337920189
3,3,7,8,1,1,0.8093510270118713,0,0,current_HeliumBPFlow_max,HeliumBPFlow_max,9.712210655212402,0.009057699702680111,0.009057699702680111
3,3,7,8,1,1,0.8093510270118713,0,0,current_HeliumBPPressure_min,HeliumBPPressure_min,0.0,-0.242116779088974,0.242116779088974
3,3,7,8,1,1,0.8093510270118713,0,0,current_SourceRFReflectedPower_mean,SourceRFReflectedPower_mean,141.29426039730097,0.06090299412608147,0.06090299412608147
3,3,7,8,1,1,0.8093510270118713,0,0,conditioning_surface_Chuck,conditioning_surface_Chuck,1.0,0.0053100488148629665,0.0053100488148629665
3,3,7,8,1,1,0.8093510270118713,0,0,conditioning_surface_Si,conditioning_surface_Si,0.0,-0.011050022207200527,0.011050022207200527
3,3,7,8,1,1,0.8093510270118713,0,0,conditioning_surface_SiO2,conditioning_surface_SiO2,0.0,0.13520798087120056,0.13520798087120056
3,3,8,9,1,1,0.9201921820640564,0,0,current_wafer,wafer,8.0,0.8072293996810913,0.8072293996810913
3,3,8,9,1,1,0.9201921820640564,0,0,current_mean_si_etch,mean_si_etch,43.50429716483146,0.21464234590530396,0.21464234590530396
3,3,8,9,1,1,0.9201921820640564,0,0,current_std_si_etch,std_si_etch,3.580641267962553,-0.13780325651168823,0.13780325651168823
3,3,8,9,1,1,0.9201921820640564,0,0,current_cv_si_etch,cv_si_etch,0.0823054617891199,-0.032305747270584106,0.032305747270584106
3,3,8,9,1,1,0.9201921820640564,0,0,conditioning_count,conditioning_count,9.0,0.0,0.0
3,3,8,9,1,1,0.9201921820640564,0,0,current_Heater2Temp_mean,Heater2Temp_mean,54.903602938450845,-0.14259208738803864,0.14259208738803864
3,3,8,9,1,1,0.9201921820640564,0,0,current_HeliumBPFlow_mean,HeliumBPFlow_mean,1.3748630840190197,0.7604469656944275,0.7604469656944275
3,3,8,9,1,1,0.9201921820640564,0,0,current_Pressure_min,Pressure_min,0.0006000000284984,0.09275339543819427,0.09275339543819427
3,3,8,9,1,1,0.9201921820640564,0,0,current_Gas7Flow_mean,Gas7Flow_mean,2.041404336057592,0.24498389661312103,0.24498389661312103
3,3,8,9,1,1,0.9201921820640564,0,0,current_PlatenRFReflectedPower_std,PlatenRFReflectedPower_std,7.4972926635786195,0.21804313361644745,0.21804313361644745
3,3,8,9,1,1,0.9201921820640564,0,0,current_PlatenDcBias_min,PlatenDcBias_min,-39.73509979248047,-0.012638991698622704,0.012638991698622704
3,3,8,9,1,1,0.9201921820640564,0,0,current_Gas7Flow_min,Gas7Flow_min,1.8899999856948853,0.010037040337920189,0.010037040337920189
3,3,8,9,1,1,0.9201921820640564,0,0,current_HeliumBPFlow_max,HeliumBPFlow_max,9.678030014038086,0.009057699702680111,0.009057699702680111
3,3,8,9,1,1,0.9201921820640564,0,0,current_HeliumBPPressure_min,HeliumBPPressure_min,0.0061037018895149,0.30654457211494446,0.30654457211494446
3,3,8,9,1,1,0.9201921820640564,0,0,current_SourceRFReflectedPower_mean,SourceRFReflectedPower_mean,140.89953310334263,0.06962105631828308,0.06962105631828308
3,3,8,9,1,1,0.9201921820640564,0,0,conditioning_surface_Chuck,conditioning_surface_Chuck,1.0,0.0053100488148629665,0.0053100488148629665
3,3,8,9,1,1,0.9201921820640564,0,0,conditioning_surface_Si,conditioning_surface_Si,0.0,-0.011050022207200527,0.011050022207200527
3,3,8,9,1,1,0.9201921820640564,0,0,conditioning_surface_SiO2,conditioning_surface_SiO2,0.0,0.13520798087120056,0.13520798087120056
3,3,9,10,1,1,0.9276807308197021,0,0,current_wafer,wafer,9.0,0.7618945240974426,0.7618945240974426
3,3,9,10,1,1,0.9276807308197021,0,0,current_mean_si_etch,mean_si_etch,43.42807412224719,0.21044370532035828,0.21044370532035828
3,3,9,10,1,1,0.9276807308197021,0,0,current_std_si_etch,std_si_etch,3.5553391158461136,0.640643835067749,0.640643835067749
3,3,9,10,1,1,0.9276807308197021,0,0,current_cv_si_etch,cv_si_etch,0.0818672986934227,0.03904550522565842,0.03904550522565842
3,3,9,10,1,1,0.9276807308197021,0,0,conditioning_count,conditioning_count,9.0,0.0,0.0
3,3,9,10,1,1,0.9276807308197021,0,0,current_Heater2Temp_mean,Heater2Temp_mean,54.90215535776264,-0.14198122918605804,0.14198122918605804
3,3,9,10,1,1,0.9276807308197021,0,0,current_HeliumBPFlow_mean,HeliumBPFlow_mean,1.488707369768807,0.6583296060562134,0.6583296060562134
3,3,9,10,1,1,0.9276807308197021,0,0,current_Pressure_min,Pressure_min,0.0006000000284984,0.12948691844940186,0.12948691844940186
3,3,9,10,1,1,0.9276807308197021,0,0,current_Gas7Flow_mean,Gas7Flow_mean,2.030772992527077,0.26599645614624023,0.26599645614624023
3,3,9,10,1,1,0.9276807308197021,0,0,current_PlatenRFReflectedPower_std,PlatenRFReflectedPower_std,7.4408544516611315,0.20971612632274628,0.20971612632274628
3,3,9,10,1,1,0.9276807308197021,0,0,current_PlatenDcBias_min,PlatenDcBias_min,-35.187843322753906,-0.012638991698622704,0.012638991698622704
3,3,9,10,1,1,0.9276807308197021,0,0,current_Gas7Flow_min,Gas7Flow_min,1.909999966621399,0.010037040337920189,0.010037040337920189
3,3,9,10,1,1,0.9276807308197021,0,0,current_HeliumBPFlow_max,HeliumBPFlow_max,9.823297500610352,0.009057699702680111,0.009057699702680111
3,3,9,10,1,1,0.9276807308197021,0,0,current_HeliumBPPressure_min,HeliumBPPressure_min,0.0024414807558059,-0.20593814551830292,0.20593814551830292
3,3,9,10,1,1,0.9276807308197021,0,0,current_SourceRFReflectedPower_mean,SourceRFReflectedPower_mean,138.4878376903036,-0.059437528252601624,0.059437528252601624
3,3,9,10,1,1,0.9276807308197021,0,0,conditioning_surface_Chuck,conditioning_surface_Chuck,1.0,0.0053100488148629665,0.0053100488148629665
3,3,9,10,1,1,0.9276807308197021,0,0,conditioning_surface_Si,conditioning_surface_Si,0.0,-0.011050022207200527,0.011050022207200527
3,3,9,10,1,1,0.9276807308197021,0,0,conditioning_surface_SiO2,conditioning_surface_SiO2,0.0,0.13520798087120056,0.13520798087120056
4,4,3,4,0,0,0.05746113136410713,1,0,current_wafer,wafer,3.0,-0.5627326369285583,0.5627326369285583
4,4,3,4,0,0,0.05746113136410713,1,0,current_mean_si_etch,mean_si_etch,44.32450595134832,-0.48364245891571045,0.48364245891571045
4,4,3,4,0,0,0.05746113136410713,1,0,current_std_si_etch,std_si_etch,3.668143649233856,-0.29395976662635803,0.29395976662635803
4,4,3,4,0,0,0.05746113136410713,1,0,current_cv_si_etch,cv_si_etch,0.0827565602933082,-0.027956493198871613,0.027956493198871613
4,4,3,4,0,0,0.05746113136410713,1,0,conditioning_count,conditioning_count,3.0,0.0,0.0
4,4,3,4,0,0,0.05746113136410713,1,0,current_PlatenRFReflectedPower_std,PlatenRFReflectedPower_std,10.122825512140182,-0.5054239630699158,0.5054239630699158
4,4,3,4,0,0,0.05746113136410713,1,0,current_Heater2Temp_mean,Heater2Temp_mean,54.71007823078472,-0.17602373659610748,0.17602373659610748
4,4,3,4,0,0,0.05746113136410713,1,0,current_Gas7Flow_mean,Gas7Flow_mean,2.0402816529938126,0.058236923068761826,0.058236923068761826
4,4,3,4,0,0,0.05746113136410713,1,0,current_HeliumBPFlow_mean,HeliumBPFlow_mean,1.3065337882355346,-0.5068495869636536,0.5068495869636536
4,4,3,4,0,0,0.05746113136410713,1,0,current_PlatenDcBias_min,PlatenDcBias_min,-33.936580657958984,-0.049618370831012726,0.049618370831012726
4,4,3,4,0,0,0.05746113136410713,1,0,current_Pressure_min,Pressure_min,0.0006000000284984,0.014801367186009884,0.014801367186009884
4,4,3,4,0,0,0.05746113136410713,1,0,current_SourceRFReflectedPower_mean,SourceRFReflectedPower_mean,132.9336714534949,-0.25550299882888794,0.25550299882888794
4,4,3,4,0,0,0.05746113136410713,1,0,current_HeliumBPFlow_min,HeliumBPFlow_min,0.1269569993019104,0.0848325788974762,0.0848325788974762
4,4,3,4,0,0,0.05746113136410713,1,0,current_PlatenDcBias_mean,PlatenDcBias_mean,4.315030686582944,-0.2106790691614151,0.2106790691614151
4,4,3,4,0,0,0.05746113136410713,1,0,current_Gas7Flow_min,Gas7Flow_min,1.899999976158142,0.007209834177047014,0.007209834177047014
4,4,3,4,0,0,0.05746113136410713,1,0,conditioning_surface_Chuck,conditioning_surface_Chuck,0.0,0.0,0.0
4,4,3,4,0,0,0.05746113136410713,1,0,conditioning_surface_Si,conditioning_surface_Si,1.0,0.0382479652762413,0.0382479652762413
4,4,3,4,0,0,0.05746113136410713,1,0,conditioning_surface_SiO2,conditioning_surface_SiO2,0.0,0.09734179824590683,0.09734179824590683
4,4,4,5,0,0,0.1012105941772461,1,0,current_wafer,wafer,4.0,-0.5918059349060059,0.5918059349060059
4,4,4,5,0,0,0.1012105941772461,1,0,current_mean_si_etch,mean_si_etch,43.998570636404494,-0.6208371520042419,0.6208371520042419
4,4,4,5,0,0,0.1012105941772461,1,0,current_std_si_etch,std_si_etch,3.640386087506352,-0.2878466546535492,0.2878466546535492
4,4,4,5,0,0,0.1012105941772461,1,0,current_cv_si_etch,cv_si_etch,0.0827387352555105,-0.027956493198871613,0.027956493198871613
4,4,4,5,0,0,0.1012105941772461,1,0,conditioning_count,conditioning_count,3.0,0.0,0.0
4,4,4,5,0,0,0.1012105941772461,1,0,current_PlatenRFReflectedPower_std,PlatenRFReflectedPower_std,8.116637402964345,-0.5054239630699158,0.5054239630699158
4,4,4,5,0,0,0.1012105941772461,1,0,current_Heater2Temp_mean,Heater2Temp_mean,54.72106574680903,-0.17602373659610748,0.17602373659610748
4,4,4,5,0,0,0.1012105941772461,1,0,current_Gas7Flow_mean,Gas7Flow_mean,2.0574807071083687,0.058236923068761826,0.058236923068761826
4,4,4,5,0,0,0.1012105941772461,1,0,current_HeliumBPFlow_mean,HeliumBPFlow_mean,1.315432165502988,-0.44531774520874023,0.44531774520874023
4,4,4,5,0,0,0.1012105941772461,1,0,current_PlatenDcBias_min,PlatenDcBias_min,-34.85213851928711,-0.05740617215633392,0.05740617215633392
4,4,4,5,0,0,0.1012105941772461,1,0,current_Pressure_min,Pressure_min,0.0006000000284984,0.014801367186009884,0.014801367186009884
4,4,4,5,0,0,0.1012105941772461,1,0,current_SourceRFReflectedPower_mean,SourceRFReflectedPower_mean,139.54984800185758,0.19840005040168762,0.19840005040168762
4,4,4,5,0,0,0.1012105941772461,1,0,current_HeliumBPFlow_min,HeliumBPFlow_min,0.1208532974123954,0.02099091373383999,0.02099091373383999
4,4,4,5,0,0,0.1012105941772461,1,0,current_PlatenDcBias_mean,PlatenDcBias_mean,3.582574117429667,0.09647293388843536,0.09647293388843536
4,4,4,5,0,0,0.1012105941772461,1,0,current_Gas7Flow_min,Gas7Flow_min,1.919999957084656,0.007209834177047014,0.007209834177047014
4,4,4,5,0,0,0.1012105941772461,1,0,conditioning_surface_Chuck,conditioning_surface_Chuck,0.0,0.0,0.0
4,4,4,5,0,0,0.1012105941772461,1,0,conditioning_surface_Si,conditioning_surface_Si,1.0,0.0382479652762413,0.0382479652762413
4,4,4,5,0,0,0.1012105941772461,1,0,conditioning_surface_SiO2,conditioning_surface_SiO2,0.0,0.12016218155622482,0.12016218155622482
4,4,5,6,1,0,0.3945600092411041,1,1,current_wafer,wafer,5.0,0.28988540172576904,0.28988540172576904
4,4,5,6,1,0,0.3945600092411041,1,1,current_mean_si_etch,mean_si_etch,43.92957708887641,-0.10187548398971558,0.10187548398971558
4,4,5,6,1,0,0.3945600092411041,1,1,current_std_si_etch,std_si_etch,3.58105345993556,-0.0378083735704422,0.0378083735704422
4,4,5,6,1,0,0.3945600092411041,1,1,current_cv_si_etch,cv_si_etch,0.0815180499618862,0.09649000316858292,0.09649000316858292
4,4,5,6,1,0,0.3945600092411041,1,1,conditioning_count,conditioning_count,3.0,0.0,0.0
4,4,5,6,1,0,0.3945600092411041,1,1,current_PlatenRFReflectedPower_std,PlatenRFReflectedPower_std,10.50345867481826,-0.5083352327346802,0.5083352327346802
4,4,5,6,1,0,0.3945600092411041,1,1,current_Heater2Temp_mean,Heater2Temp_mean,54.69862325605652,-0.14363771677017212,0.14363771677017212
4,4,5,6,1,0,0.3945600092411041,1,1,current_Gas7Flow_mean,Gas7Flow_mean,2.0585727217798127,0.058236923068761826,0.058236923068761826
4,4,5,6,1,0,0.3945600092411041,1,1,current_HeliumBPFlow_mean,HeliumBPFlow_mean,1.3340602415175131,0.2177165150642395,0.2177165150642395
4,4,5,6,1,0,0.3945600092411041,1,1,current_PlatenDcBias_min,PlatenDcBias_min,-34.63850784301758,-0.05740617215633392,0.05740617215633392
4,4,5,6,1,0,0.3945600092411041,1,1,current_Pressure_min,Pressure_min,0.0006000000284984,0.004462017677724361,0.004462017677724361
4,4,5,6,1,0,0.3945600092411041,1,1,current_SourceRFReflectedPower_mean,SourceRFReflectedPower_mean,134.22668209992617,-0.3097717761993408,0.3097717761993408
4,4,5,6,1,0,0.3945600092411041,1,1,current_HeliumBPFlow_min,HeliumBPFlow_min,0.1245155185461044,0.08001774549484253,0.08001774549484253
4,4,5,6,1,0,0.3945600092411041,1,1,current_PlatenDcBias_mean,PlatenDcBias_mean,4.103875085893371,-0.22383154928684235,0.22383154928684235
4,4,5,6,1,0,0.3945600092411041,1,1,current_Gas7Flow_min,Gas7Flow_min,1.909999966621399,0.039952345192432404,0.039952345192432404
4,4,5,6,1,0,0.3945600092411041,1,1,conditioning_surface_Chuck,conditioning_surface_Chuck,0.0,0.0,0.0
4,4,5,6,1,0,0.3945600092411041,1,1,conditioning_surface_Si,conditioning_surface_Si,1.0,0.0382479652762413,0.0382479652762413
4,4,5,6,1,0,0.3945600092411041,1,1,conditioning_surface_SiO2,conditioning_surface_SiO2,0.0,0.15522289276123047,0.15522289276123047
4,4,6,7,1,1,0.8060368895530701,0,0,current_wafer,wafer,6.0,0.5061988830566406,0.5061988830566406
4,4,6,7,1,1,0.8060368895530701,0,0,current_mean_si_etch,mean_si_etch,43.64391731,0.06716511398553848,0.06716511398553848
4,4,6,7,1,1,0.8060368895530701,0,0,current_std_si_etch,std_si_etch,3.5909332851148625,-0.04991867393255234,0.04991867393255234
4,4,6,7,1,1,0.8060368895530701,0,0,current_cv_si_etch,cv_si_etch,0.0822779783860529,-0.0326719768345356,0.0326719768345356
4,4,6,7,1,1,0.8060368895530701,0,0,conditioning_count,conditioning_count,3.0,0.0,0.0
4,4,6,7,1,1,0.8060368895530701,0,0,current_PlatenRFReflectedPower_std,PlatenRFReflectedPower_std,7.742324040006005,-0.11800958961248398,0.11800958961248398
4,4,6,7,1,1,0.8060368895530701,0,0,current_Heater2Temp_mean,Heater2Temp_mean,54.699384642924976,-0.15621539950370789,0.15621539950370789
4,4,6,7,1,1,0.8060368895530701,0,0,current_Gas7Flow_mean,Gas7Flow_mean,2.061955602344528,0.06503906846046448,0.06503906846046448
4,4,6,7,1,1,0.8060368895530701,0,0,current_HeliumBPFlow_mean,HeliumBPFlow_mean,1.335220040210236,0.27965477108955383,0.27965477108955383
4,4,6,7,1,1,0.8060368895530701,0,0,current_PlatenDcBias_min,PlatenDcBias_min,-65.46220397949219,0.08203461021184921,0.08203461021184921
4,4,6,7,1,1,0.8060368895530701,0,0,current_Pressure_min,Pressure_min,0.0006000000284984,0.004462017677724361,0.004462017677724361
4,4,6,7,1,1,0.8060368895530701,0,0,current_SourceRFReflectedPower_mean,SourceRFReflectedPower_mean,140.3073875579328,0.24917824566364288,0.24917824566364288
4,4,6,7,1,1,0.8060368895530701,0,0,current_HeliumBPFlow_min,HeliumBPFlow_min,0.1232947781682014,0.06630616635084152,0.06630616635084152
4,4,6,7,1,1,0.8060368895530701,0,0,current_PlatenDcBias_mean,PlatenDcBias_mean,3.3995570701784747,0.22588442265987396,0.22588442265987396
4,4,6,7,1,1,0.8060368895530701,0,0,current_Gas7Flow_min,Gas7Flow_min,1.940000057220459,0.025361161679029465,0.025361161679029465
4,4,6,7,1,1,0.8060368895530701,0,0,conditioning_surface_Chuck,conditioning_surface_Chuck,0.0,0.0,0.0
4,4,6,7,1,1,0.8060368895530701,0,0,conditioning_surface_Si,conditioning_surface_Si,1.0,0.0382479652762413,0.0382479652762413
4,4,6,7,1,1,0.8060368895530701,0,0,conditioning_surface_SiO2,conditioning_surface_SiO2,0.0,0.19749441742897034,0.19749441742897034
4,4,7,8,1,1,0.6452261209487915,0,0,current_wafer,wafer,7.0,0.5021330118179321,0.5021330118179321
4,4,7,8,1,1,0.6452261209487915,0,0,current_mean_si_etch,mean_si_etch,43.214110956853936,0.3924681544303894,0.3924681544303894
4,4,7,8,1,1,0.6452261209487915,0,0,current_std_si_etch,std_si_etch,3.544839253352606,0.4611869752407074,0.4611869752407074
4,4,7,8,1,1,0.6452261209487915,0,0,current_cv_si_etch,cv_si_etch,0.0820296698199313,0.08556953817605972,0.08556953817605972
4,4,7,8,1,1,0.6452261209487915,0,0,conditioning_count,conditioning_count,3.0,0.0,0.0
4,4,7,8,1,1,0.6452261209487915,0,0,current_PlatenRFReflectedPower_std,PlatenRFReflectedPower_std,7.803692920013852,-0.14606109261512756,0.14606109261512756
4,4,7,8,1,1,0.6452261209487915,0,0,current_Heater2Temp_mean,Heater2Temp_mean,54.70624478407505,-0.13822607696056366,0.13822607696056366
4,4,7,8,1,1,0.6452261209487915,0,0,current_Gas7Flow_mean,Gas7Flow_mean,2.069281547999664,-0.06630440801382065,0.06630440801382065
4,4,7,8,1,1,0.6452261209487915,0,0,current_HeliumBPFlow_mean,HeliumBPFlow_mean,1.2966061205882382,-0.7315170168876648,0.7315170168876648
4,4,7,8,1,1,0.6452261209487915,0,0,current_PlatenDcBias_min,PlatenDcBias_min,-59.6636848449707,-0.023806488141417503,0.023806488141417503
4,4,7,8,1,1,0.6452261209487915,0,0,current_Pressure_min,Pressure_min,0.0006000000284984,0.004462017677724361,0.004462017677724361
4,4,7,8,1,1,0.6452261209487915,0,0,current_SourceRFReflectedPower_mean,SourceRFReflectedPower_mean,142.5087858278572,0.16774669289588928,0.16774669289588928
4,4,7,8,1,1,0.6452261209487915,0,0,current_HeliumBPFlow_min,HeliumBPFlow_min,0.1220740377902984,0.036761656403541565,0.036761656403541565
4,4,7,8,1,1,0.6452261209487915,0,0,current_PlatenDcBias_mean,PlatenDcBias_mean,3.641536272377923,-0.18164615333080292,0.18164615333080292
4,4,7,8,1,1,0.6452261209487915,0,0,current_Gas7Flow_min,Gas7Flow_min,1.940000057220459,0.025361161679029465,0.025361161679029465
4,4,7,8,1,1,0.6452261209487915,0,0,conditioning_surface_Chuck,conditioning_surface_Chuck,0.0,0.0,0.0
4,4,7,8,1,1,0.6452261209487915,0,0,conditioning_surface_Si,conditioning_surface_Si,1.0,0.0382479652762413,0.0382479652762413
4,4,7,8,1,1,0.6452261209487915,0,0,conditioning_surface_SiO2,conditioning_surface_SiO2,0.0,0.19749441742897034,0.19749441742897034
4,4,8,9,1,1,0.7941054701805115,0,0,current_wafer,wafer,8.0,0.5019001960754395,0.5019001960754395
4,4,8,9,1,1,0.7941054701805115,0,0,current_mean_si_etch,mean_si_etch,43.135930337078655,0.43856483697891235,0.43856483697891235
4,4,8,9,1,1,0.7941054701805115,0,0,current_std_si_etch,std_si_etch,3.5405483509044084,0.4803507626056671,0.4803507626056671
4,4,8,9,1,1,0.7941054701805115,0,0,current_cv_si_etch,cv_si_etch,0.0820788684337482,0.08556953817605972,0.08556953817605972
4,4,8,9,1,1,0.7941054701805115,0,0,conditioning_count,conditioning_count,3.0,0.0,0.0
4,4,8,9,1,1,0.7941054701805115,0,0,current_PlatenRFReflectedPower_std,PlatenRFReflectedPower_std,7.752089226543015,-0.06716369837522507,0.06716369837522507
4,4,8,9,1,1,0.7941054701805115,0,0,current_Heater2Temp_mean,Heater2Temp_mean,54.69490810508763,-0.13822607696056366,0.13822607696056366
4,4,8,9,1,1,0.7941054701805115,0,0,current_Gas7Flow_mean,Gas7Flow_mean,2.0522460946533743,0.06503906846046448,0.06503906846046448
4,4,8,9,1,1,0.7941054701805115,0,0,current_HeliumBPFlow_mean,HeliumBPFlow_mean,1.2878792536921777,-0.7186135053634644,0.7186135053634644
4,4,8,9,1,1,0.7941054701805115,0,0,current_PlatenDcBias_min,PlatenDcBias_min,-35.9508056640625,-0.021036546677350998,0.021036546677350998
4,4,8,9,1,1,0.7941054701805115,0,0,current_Pressure_min,Pressure_min,0.0006000000284984,0.004462017677724361,0.004462017677724361
4,4,8,9,1,1,0.7941054701805115,0,0,current_SourceRFReflectedPower_mean,SourceRFReflectedPower_mean,142.53291213214533,0.1911858767271042,0.1911858767271042
4,4,8,9,1,1,0.7941054701805115,0,0,current_HeliumBPFlow_min,HeliumBPFlow_min,0.1220740377902984,0.030338358134031296,0.030338358134031296
4,4,8,9,1,1,0.7941054701805115,0,0,current_PlatenDcBias_mean,PlatenDcBias_mean,3.4525139170655628,0.24550889432430267,0.24550889432430267
4,4,8,9,1,1,0.7941054701805115,0,0,current_Gas7Flow_min,Gas7Flow_min,1.919999957084656,0.04712233319878578,0.04712233319878578
4,4,8,9,1,1,0.7941054701805115,0,0,conditioning_surface_Chuck,conditioning_surface_Chuck,0.0,0.0,0.0
4,4,8,9,1,1,0.7941054701805115,0,0,conditioning_surface_Si,conditioning_surface_Si,1.0,0.0382479652762413,0.0382479652762413
4,4,8,9,1,1,0.7941054701805115,0,0,conditioning_surface_SiO2,conditioning_surface_SiO2,0.0,0.1923520565032959,0.1923520565032959
4,4,9,10,1,1,0.7910692691802979,0,0,current_wafer,wafer,9.0,0.48634737730026245,0.48634737730026245
4,4,9,10,1,1,0.7910692691802979,0,0,current_mean_si_etch,mean_si_etch,42.94292808988764,0.30858027935028076,0.30858027935028076
4,4,9,10,1,1,0.7910692691802979,0,0,current_std_si_etch,std_si_etch,3.535692373945909,0.41910916566848755,0.41910916566848755
4,4,9,10,1,1,0.7910692691802979,0,0,current_cv_si_etch,cv_si_etch,0.0823346830599217,-0.02249433845281601,0.02249433845281601
4,4,9,10,1,1,0.7910692691802979,0,0,conditioning_count,conditioning_count,3.0,0.0,0.0
4,4,9,10,1,1,0.7910692691802979,0,0,current_PlatenRFReflectedPower_std,PlatenRFReflectedPower_std,7.682673324555483,0.9088284373283386,0.9088284373283386
4,4,9,10,1,1,0.7910692691802979,0,0,current_Heater2Temp_mean,Heater2Temp_mean,54.698687586134064,-0.08374330401420593,0.08374330401420593
4,4,9,10,1,1,0.7910692691802979,0,0,current_Gas7Flow_mean,Gas7Flow_mean,2.0356400751847006,0.06503906846046448,0.06503906846046448
4,4,9,10,1,1,0.7910692691802979,0,0,current_HeliumBPFlow_mean,HeliumBPFlow_mean,1.3030858958293985,-0.7186135053634644,0.7186135053634644
4,4,9,10,1,1,0.7910692691802979,0,0,current_PlatenDcBias_min,PlatenDcBias_min,-35.09628677368164,-0.015524417161941528,0.015524417161941528
4,4,9,10,1,1,0.7910692691802979,0,0,current_Pressure_min,Pressure_min,0.0006000000284984,0.004462017677724361,0.004462017677724361
4,4,9,10,1,1,0.7910692691802979,0,0,current_SourceRFReflectedPower_mean,SourceRFReflectedPower_mean,140.85521766114942,0.1467341184616089,0.1467341184616089
4,4,9,10,1,1,0.7910692691802979,0,0,current_HeliumBPFlow_min,HeliumBPFlow_min,0.1171910762786865,-0.02612893655896187,0.02612893655896187
4,4,9,10,1,1,0.7910692691802979,0,0,current_PlatenDcBias_mean,PlatenDcBias_mean,3.8036390510611446,-0.37129297852516174,0.37129297852516174
4,4,9,10,1,1,0.7910692691802979,0,0,current_Gas7Flow_min,Gas7Flow_min,1.899999976158142,0.04712233319878578,0.04712233319878578
4,4,9,10,1,1,0.7910692691802979,0,0,conditioning_surface_Chuck,conditioning_surface_Chuck,0.0,0.0,0.0
4,4,9,10,1,1,0.7910692691802979,0,0,conditioning_surface_Si,conditioning_surface_Si,1.0,0.01635565049946308,0.01635565049946308
4,4,9,10,1,1,0.7910692691802979,0,0,conditioning_surface_SiO2,conditioning_surface_SiO2,0.0,0.1923520565032959,0.1923520565032959
5,5,3,4,1,1,0.6050675511360168,1,1,current_wafer,wafer,3.0,-0.6315186619758606,0.6315186619758606
5,5,3,4,1,1,0.6050675511360168,1,1,current_mean_si_etch,mean_si_etch,43.85850112359551,-0.10905572772026062,0.10905572772026062
5,5,3,4,1,1,0.6050675511360168,1,1,current_std_si_etch,std_si_etch,3.59665582626589,0.04756743460893631,0.04756743460893631
5,5,3,4,1,1,0.6050675511360168,1,1,current_cv_si_etch,cv_si_etch,0.0820058992925984,0.04033077135682106,0.04033077135682106
5,5,3,4,1,1,0.6050675511360168,1,1,conditioning_count,conditioning_count,1.0,0.0,0.0
5,5,3,4,1,1,0.6050675511360168,1,1,current_Heater2Temp_mean,Heater2Temp_mean,54.42177380889902,0.05032379552721977,0.05032379552721977
5,5,3,4,1,1,0.6050675511360168,1,1,current_PlatenRFReflectedPower_std,PlatenRFReflectedPower_std,7.862704018511083,-0.13730712234973907,0.13730712234973907
5,5,3,4,1,1,0.6050675511360168,1,1,current_HeliumBPFlow_min,HeliumBPFlow_min,0.1196325570344924,-0.06740641593933105,0.06740641593933105
5,5,3,4,1,1,0.6050675511360168,1,1,current_Gas7Flow_mean,Gas7Flow_mean,2.0513827705295187,0.010834962129592896,0.010834962129592896
5,5,3,4,1,1,0.6050675511360168,1,1,current_HeliumBPFlow_mean,HeliumBPFlow_mean,1.3751755062115534,0.576215922832489,0.576215922832489
5,5,3,4,1,1,0.6050675511360168,1,1,current_Gas7Flow_min,Gas7Flow_min,1.940000057220459,0.06699234247207642,0.06699234247207642
5,5,3,4,1,1,0.6050675511360168,1,1,current_PlatenDcBias_min,PlatenDcBias_min,-33.875545501708984,0.0,0.0
5,5,3,4,1,1,0.6050675511360168,1,1,current_Pressure_min,Pressure_min,0.0006000000284984,0.02462596818804741,0.02462596818804741
5,5,3,4,1,1,0.6050675511360168,1,1,current_HeliumBPFlow_max,HeliumBPFlow_max,9.474165916442873,0.009542870335280895,0.009542870335280895
5,5,3,4,1,1,0.6050675511360168,1,1,current_HeliumBPPressure_min,HeliumBPPressure_min,0.0048829615116119,0.31599605083465576,0.31599605083465576
5,5,3,4,1,1,0.6050675511360168,1,1,conditioning_surface_Chuck,conditioning_surface_Chuck,0.0,0.0,0.0
5,5,3,4,1,1,0.6050675511360168,1,1,conditioning_surface_Si,conditioning_surface_Si,1.0,0.038003917783498764,0.038003917783498764
5,5,3,4,1,1,0.6050675511360168,1,1,conditioning_surface_SiO2,conditioning_surface_SiO2,0.0,0.20627877116203308,0.20627877116203308
5,5,4,5,0,1,0.9182350635528564,0,0,current_wafer,wafer,4.0,-0.5636804103851318,0.5636804103851318
5,5,4,5,0,1,0.9182350635528564,0,0,current_mean_si_etch,mean_si_etch,43.35476853932584,0.8273214101791382,0.8273214101791382
5,5,4,5,0,1,0.9182350635528564,0,0,current_std_si_etch,std_si_etch,3.5109266995920128,0.7908528447151184,0.7908528447151184
5,5,4,5,0,1,0.9182350635528564,0,0,current_cv_si_etch,cv_si_etch,0.0809813272652431,0.08487187325954437,0.08487187325954437
5,5,4,5,0,1,0.9182350635528564,0,0,conditioning_count,conditioning_count,1.0,0.0,0.0
5,5,4,5,0,1,0.9182350635528564,0,0,current_Heater2Temp_mean,Heater2Temp_mean,54.41442838485547,0.07007354497909546,0.07007354497909546
5,5,4,5,0,1,0.9182350635528564,0,0,current_PlatenRFReflectedPower_std,PlatenRFReflectedPower_std,8.017814050016108,-0.14225906133651733,0.14225906133651733
5,5,4,5,0,1,0.9182350635528564,0,0,current_HeliumBPFlow_min,HeliumBPFlow_min,0.1220740377902984,0.2455761581659317,0.2455761581659317
5,5,4,5,0,1,0.9182350635528564,0,0,current_Gas7Flow_mean,Gas7Flow_mean,2.0665443562926504,0.010834962129592896,0.010834962129592896
5,5,4,5,0,1,0.9182350635528564,0,0,current_HeliumBPFlow_mean,HeliumBPFlow_mean,1.374078546971688,0.5378533601760864,0.5378533601760864
5,5,4,5,0,1,0.9182350635528564,0,0,current_Gas7Flow_min,Gas7Flow_min,1.919999957084656,0.07949726283550262,0.07949726283550262
5,5,4,5,0,1,0.9182350635528564,0,0,current_PlatenDcBias_min,PlatenDcBias_min,-34.11969375610352,0.0,0.0
5,5,4,5,0,1,0.9182350635528564,0,0,current_Pressure_min,Pressure_min,0.0006999999750405,-0.04311089217662811,0.04311089217662811
5,5,4,5,0,1,0.9182350635528564,0,0,current_HeliumBPFlow_max,HeliumBPFlow_max,9.57670783996582,0.003833055729046464,0.003833055729046464
5,5,4,5,0,1,0.9182350635528564,0,0,current_HeliumBPPressure_min,HeliumBPPressure_min,0.0048829615116119,0.2874583601951599,0.2874583601951599
5,5,4,5,0,1,0.9182350635528564,0,0,conditioning_surface_Chuck,conditioning_surface_Chuck,0.0,0.0,0.0
5,5,4,5,0,1,0.9182350635528564,0,0,conditioning_surface_Si,conditioning_surface_Si,1.0,0.038003917783498764,0.038003917783498764
5,5,4,5,0,1,0.9182350635528564,0,0,conditioning_surface_SiO2,conditioning_surface_SiO2,0.0,0.20627877116203308,0.20627877116203308
5,5,5,6,1,1,0.9602300524711609,0,0,current_wafer,wafer,5.0,0.1972358375787735,0.1972358375787735
5,5,5,6,1,1,0.9602300524711609,0,0,current_mean_si_etch,mean_si_etch,43.50141797752809,0.7858145833015442,0.7858145833015442
5,5,5,6,1,1,0.9602300524711609,0,0,current_std_si_etch,std_si_etch,3.525516996631381,0.6991578936576843,0.6991578936576843
5,5,5,6,1,1,0.9602300524711609,0,0,current_cv_si_etch,cv_si_etch,0.081043725941361,0.08487187325954437,0.08487187325954437
5,5,5,6,1,1,0.9602300524711609,0,0,conditioning_count,conditioning_count,1.0,0.0,0.0
5,5,5,6,1,1,0.9602300524711609,0,0,current_Heater2Temp_mean,Heater2Temp_mean,54.40985811483838,0.07007354497909546,0.07007354497909546
5,5,5,6,1,1,0.9602300524711609,0,0,current_PlatenRFReflectedPower_std,PlatenRFReflectedPower_std,7.9619314535446275,-0.14934496581554413,0.14934496581554413
5,5,5,6,1,1,0.9602300524711609,0,0,current_HeliumBPFlow_min,HeliumBPFlow_min,0.1220740377902984,0.2554195523262024,0.2554195523262024
5,5,5,6,1,1,0.9602300524711609,0,0,current_Gas7Flow_mean,Gas7Flow_mean,2.062307403069988,0.010834962129592896,0.010834962129592896
5,5,5,6,1,1,0.9602300524711609,0,0,current_HeliumBPFlow_mean,HeliumBPFlow_mean,1.3808326245602898,0.5356767177581787,0.5356767177581787
5,5,5,6,1,1,0.9602300524711609,0,0,current_Gas7Flow_min,Gas7Flow_min,1.909999966621399,0.09646051377058029,0.09646051377058029
5,5,5,6,1,1,0.9602300524711609,0,0,current_PlatenDcBias_min,PlatenDcBias_min,-82.15583038330078,0.0,0.0
5,5,5,6,1,1,0.9602300524711609,0,0,current_Pressure_min,Pressure_min,0.0006000000284984,0.03314421698451042,0.03314421698451042
5,5,5,6,1,1,0.9602300524711609,0,0,current_HeliumBPFlow_max,HeliumBPFlow_max,9.311807632446287,-0.004277336876839399,0.004277336876839399
5,5,5,6,1,1,0.9602300524711609,0,0,current_HeliumBPPressure_min,HeliumBPPressure_min,0.0048829615116119,0.2874583601951599,0.2874583601951599
5,5,5,6,1,1,0.9602300524711609,0,0,conditioning_surface_Chuck,conditioning_surface_Chuck,0.0,0.0,0.0
5,5,5,6,1,1,0.9602300524711609,0,0,conditioning_surface_Si,conditioning_surface_Si,1.0,0.038003917783498764,0.038003917783498764
5,5,5,6,1,1,0.9602300524711609,0,0,conditioning_surface_SiO2,conditioning_surface_SiO2,0.0,0.2583300769329071,0.2583300769329071
5,5,6,7,1,1,0.9441539645195007,0,0,current_wafer,wafer,6.0,0.4802538752555847,0.4802538752555847
5,5,6,7,1,1,0.9441539645195007,0,0,current_mean_si_etch,mean_si_etch,43.371765168539326,0.7991381883621216,0.7991381883621216
5,5,6,7,1,1,0.9441539645195007,0,0,current_std_si_etch,std_si_etch,3.514368172720677,0.6737936735153198,0.6737936735153198
5,5,6,7,1,1,0.9441539645195007,0,0,current_cv_si_etch,cv_si_etch,0.0810289403501128,0.0643921047449112,0.0643921047449112
5,5,6,7,1,1,0.9441539645195007,0,0,conditioning_count,conditioning_count,1.0,0.0,0.0
5,5,6,7,1,1,0.9441539645195007,0,0,current_Heater2Temp_mean,Heater2Temp_mean,54.39950690403108,0.07007354497909546,0.07007354497909546
5,5,6,7,1,1,0.9441539645195007,0,0,current_PlatenRFReflectedPower_std,PlatenRFReflectedPower_std,7.723453512680429,-0.15381380915641785,0.15381380915641785
5,5,6,7,1,1,0.9441539645195007,0,0,current_HeliumBPFlow_min,HeliumBPFlow_min,0.125736266374588,0.25628677010536194,0.25628677010536194
5,5,6,7,1,1,0.9441539645195007,0,0,current_Gas7Flow_mean,Gas7Flow_mean,2.066562927169436,0.016920600086450577,0.016920600086450577
5,5,6,7,1,1,0.9441539645195007,0,0,current_HeliumBPFlow_mean,HeliumBPFlow_mean,1.3499332137812017,0.4842793941497803,0.4842793941497803
5,5,6,7,1,1,0.9441539645195007,0,0,current_Gas7Flow_min,Gas7Flow_min,1.9299999475479128,0.0900334045290947,0.0900334045290947
5,5,6,7,1,1,0.9441539645195007,0,0,current_PlatenDcBias_min,PlatenDcBias_min,-34.27228546142578,0.0,0.0
5,5,6,7,1,1,0.9441539645195007,0,0,current_Pressure_min,Pressure_min,0.0006999999750405,-0.04311089217662811,0.04311089217662811
5,5,6,7,1,1,0.9441539645195007,0,0,current_HeliumBPFlow_max,HeliumBPFlow_max,9.721976280212402,0.003833055729046464,0.003833055729046464
5,5,6,7,1,1,0.9441539645195007,0,0,current_HeliumBPPressure_min,HeliumBPPressure_min,0.0030518509447574,-0.1959226429462433,0.1959226429462433
5,5,6,7,1,1,0.9441539645195007,0,0,conditioning_surface_Chuck,conditioning_surface_Chuck,0.0,0.0,0.0
5,5,6,7,1,1,0.9441539645195007,0,0,conditioning_surface_Si,conditioning_surface_Si,1.0,0.038003917783498764,0.038003917783498764
5,5,6,7,1,1,0.9441539645195007,0,0,conditioning_surface_SiO2,conditioning_surface_SiO2,0.0,0.2583300769329071,0.2583300769329071
5,5,7,8,1,1,0.9498750567436218,0,0,current_wafer,wafer,7.0,0.46519508957862854,0.46519508957862854
5,5,7,8,1,1,0.9498750567436218,0,0,current_mean_si_etch,mean_si_etch,43.26722436393258,0.729649543762207,0.729649543762207
5,5,7,8,1,1,0.9498750567436218,0,0,current_std_si_etch,std_si_etch,3.499747225483388,0.6054858565330505,0.6054858565330505
5,5,7,8,1,1,0.9498750567436218,0,0,current_cv_si_etch,cv_si_etch,0.0808867977304494,0.0643921047449112,0.0643921047449112
5,5,7,8,1,1,0.9498750567436218,0,0,conditioning_count,conditioning_count,1.0,0.0,0.0
5,5,7,8,1,1,0.9498750567436218,0,0,current_Heater2Temp_mean,Heater2Temp_mean,54.40178643518661,0.006720715202391148,0.006720715202391148
5,5,7,8,1,1,0.9498750567436218,0,0,current_PlatenRFReflectedPower_std,PlatenRFReflectedPower_std,7.556859028976109,0.36852729320526123,0.36852729320526123
5,5,7,8,1,1,0.9498750567436218,0,0,current_HeliumBPFlow_min,HeliumBPFlow_min,0.1135288551449775,-0.3392508625984192,0.3392508625984192
5,5,7,8,1,1,0.9498750567436218,0,0,current_Gas7Flow_mean,Gas7Flow_mean,2.056201432563608,0.016920600086450577,0.016920600086450577
5,5,7,8,1,1,0.9498750567436218,0,0,current_HeliumBPFlow_mean,HeliumBPFlow_mean,1.4083071793357824,0.5316632986068726,0.5316632986068726
5,5,7,8,1,1,0.9498750567436218,0,0,current_Gas7Flow_min,Gas7Flow_min,1.8799999952316284,0.0900334045290947,0.0900334045290947
5,5,7,8,1,1,0.9498750567436218,0,0,current_PlatenDcBias_min,PlatenDcBias_min,-43.15317153930664,0.0,0.0
5,5,7,8,1,1,0.9498750567436218,0,0,current_Pressure_min,Pressure_min,0.0006999999750405,-0.04311089217662811,0.04311089217662811
5,5,7,8,1,1,0.9498750567436218,0,0,current_HeliumBPFlow_max,HeliumBPFlow_max,9.606005668640137,0.003833055729046464,0.003833055729046464
5,5,7,8,1,1,0.9498750567436218,0,0,current_HeliumBPPressure_min,HeliumBPPressure_min,0.0048829615116119,0.19542938470840454,0.19542938470840454
5,5,7,8,1,1,0.9498750567436218,0,0,conditioning_surface_Chuck,conditioning_surface_Chuck,0.0,0.0,0.0
5,5,7,8,1,1,0.9498750567436218,0,0,conditioning_surface_Si,conditioning_surface_Si,1.0,0.015668144449591637,0.015668144449591637
5,5,7,8,1,1,0.9498750567436218,0,0,conditioning_surface_SiO2,conditioning_surface_SiO2,0.0,0.24545633792877197,0.24545633792877197
5,5,8,9,1,1,0.9727233052253723,0,0,current_wafer,wafer,8.0,0.4714525640010834,0.4714525640010834
5,5,8,9,1,1,0.9727233052253723,0,0,current_mean_si_etch,mean_si_etch,43.17212696629213,0.7516872882843018,0.7516872882843018
5,5,8,9,1,1,0.9727233052253723,0,0,current_std_si_etch,std_si_etch,3.5171884290439914,0.6331161856651306,0.6331161856651306
5,5,8,9,1,1,0.9727233052253723,0,0,current_cv_si_etch,cv_si_etch,0.0814689633380846,0.0643921047449112,0.0643921047449112
5,5,8,9,1,1,0.9727233052253723,0,0,conditioning_count,conditioning_count,1.0,0.0,0.0
5,5,8,9,1,1,0.9727233052253723,0,0,current_Heater2Temp_mean,Heater2Temp_mean,54.405019858230766,0.01878729835152626,0.01878729835152626
5,5,8,9,1,1,0.9727233052253723,0,0,current_PlatenRFReflectedPower_std,PlatenRFReflectedPower_std,6.4311692896363,0.36852729320526123,0.36852729320526123
5,5,8,9,1,1,0.9727233052253723,0,0,current_HeliumBPFlow_min,HeliumBPFlow_min,0.1220740377902984,0.24487297236919403,0.24487297236919403
5,5,8,9,1,1,0.9727233052253723,0,0,current_Gas7Flow_mean,Gas7Flow_mean,2.0500338324628173,0.016920600086450577,0.016920600086450577
5,5,8,9,1,1,0.9727233052253723,0,0,current_HeliumBPFlow_mean,HeliumBPFlow_mean,1.3897796517262688,0.5048907399177551,0.5048907399177551
5,5,8,9,1,1,0.9727233052253723,0,0,current_Gas7Flow_min,Gas7Flow_min,1.8899999856948853,0.0900334045290947,0.0900334045290947
5,5,8,9,1,1,0.9727233052253723,0,0,current_PlatenDcBias_min,PlatenDcBias_min,-103.57981872558594,0.0,0.0
5,5,8,9,1,1,0.9727233052253723,0,0,current_Pressure_min,Pressure_min,0.0006999999750405,-0.04311089217662811,0.04311089217662811
5,5,8,9,1,1,0.9727233052253723,0,0,current_HeliumBPFlow_max,HeliumBPFlow_max,9.679250717163086,0.003833055729046464,0.003833055729046464
5,5,8,9,1,1,0.9727233052253723,0,0,current_HeliumBPPressure_min,HeliumBPPressure_min,0.0079348124563694,0.20233991742134094,0.20233991742134094
5,5,8,9,1,1,0.9727233052253723,0,0,conditioning_surface_Chuck,conditioning_surface_Chuck,0.0,0.0,0.0
5,5,8,9,1,1,0.9727233052253723,0,0,conditioning_surface_Si,conditioning_surface_Si,1.0,0.015668144449591637,0.015668144449591637
5,5,8,9,1,1,0.9727233052253723,0,0,conditioning_surface_SiO2,conditioning_surface_SiO2,0.0,0.24545633792877197,0.24545633792877197
5,5,9,10,1,1,0.954643726348877,0,0,current_wafer,wafer,9.0,0.4908546805381775,0.4908546805381775
5,5,9,10,1,1,0.954643726348877,0,0,current_mean_si_etch,mean_si_etch,43.233769856629216,0.8518455028533936,0.8518455028533936
5,5,9,10,1,1,0.954643726348877,0,0,current_std_si_etch,std_si_etch,3.4869587445155985,0.6551657319068909,0.6551657319068909
5,5,9,10,1,1,0.954643726348877,0,0,current_cv_si_etch,cv_si_etch,0.0806535899154519,0.0643921047449112,0.0643921047449112
5,5,9,10,1,1,0.954643726348877,0,0,conditioning_count,conditioning_count,1.0,0.0,0.0
5,5,9,10,1,1,0.954643726348877,0,0,current_Heater2Temp_mean,Heater2Temp_mean,54.40159606933594,0.07007354497909546,0.07007354497909546
5,5,9,10,1,1,0.954643726348877,0,0,current_PlatenRFReflectedPower_std,PlatenRFReflectedPower_std,9.611277070154657,-0.14225906133651733,0.14225906133651733
5,5,9,10,1,1,0.954643726348877,0,0,current_HeliumBPFlow_min,HeliumBPFlow_min,0.1220740377902984,0.24487297236919403,0.24487297236919403
5,5,9,10,1,1,0.954643726348877,0,0,current_Gas7Flow_mean,Gas7Flow_mean,2.067589931607433,0.016920600086450577,0.016920600086450577
5,5,9,10,1,1,0.954643726348877,0,0,current_HeliumBPFlow_mean,HeliumBPFlow_mean,1.3366602845198483,0.40167754888534546,0.40167754888534546
5,5,9,10,1,1,0.954643726348877,0,0,current_Gas7Flow_min,Gas7Flow_min,1.950000047683716,-0.1197245866060257,0.1197245866060257
5,5,9,10,1,1,0.954643726348877,0,0,current_PlatenDcBias_min,PlatenDcBias_min,-33.47880554199219,0.0,0.0
5,5,9,10,1,1,0.954643726348877,0,0,current_Pressure_min,Pressure_min,0.0006999999750405,-0.04311089217662811,0.04311089217662811
5,5,9,10,1,1,0.954643726348877,0,0,current_HeliumBPFlow_max,HeliumBPFlow_max,9.234901428222656,-0.004277336876839399,0.004277336876839399
5,5,9,10,1,1,0.954643726348877,0,0,current_HeliumBPPressure_min,HeliumBPPressure_min,0.0067140720784664,0.2788233160972595,0.2788233160972595
5,5,9,10,1,1,0.954643726348877,0,0,conditioning_surface_Chuck,conditioning_surface_Chuck,0.0,0.0,0.0
5,5,9,10,1,1,0.954643726348877,0,0,conditioning_surface_Si,conditioning_surface_Si,1.0,0.038003917783498764,0.038003917783498764
5,5,9,10,1,1,0.954643726348877,0,0,conditioning_surface_SiO2,conditioning_surface_SiO2,0.0,0.2583300769329071,0.2583300769329071
6,6,3,4,0,0,0.04443852975964546,1,0,current_wafer,wafer,3.0,-0.5044321417808533,0.5044321417808533
6,6,3,4,0,0,0.04443852975964546,1,0,current_mean_si_etch,mean_si_etch,44.066997752808994,-0.155556783080101,0.155556783080101
6,6,3,4,0,0,0.04443852975964546,1,0,current_std_si_etch,std_si_etch,3.679643666325756,-0.662573516368866,0.662573516368866
6,6,3,4,0,0,0.04443852975964546,1,0,current_cv_si_etch,cv_si_etch,0.0835011199756897,-0.02795531414449215,0.02795531414449215
6,6,3,4,0,0,0.04443852975964546,1,0,conditioning_count,conditioning_count,9.0,0.0,0.0
6,6,3,4,0,0,0.04443852975964546,1,0,current_Heater2Temp_mean,Heater2Temp_mean,55.007606909316905,-0.46160218119621277,0.46160218119621277
6,6,3,4,0,0,0.04443852975964546,1,0,current_PlatenRFReflectedPower_std,PlatenRFReflectedPower_std,7.910311343804477,-0.7363821268081665,0.7363821268081665
6,6,3,4,0,0,0.04443852975964546,1,0,current_Gas2Flow_max,Gas2Flow_max,4.639999866485596,-0.05503015220165253,0.05503015220165253
6,6,3,4,0,0,0.04443852975964546,1,0,current_Gas7Flow_min,Gas7Flow_min,1.7999999523162842,0.004707428626716137,0.004707428626716137
6,6,3,4,0,0,0.04443852975964546,1,0,current_Heater4Temp_mean,Heater4Temp_mean,59.19886055850307,-0.11919932067394257,0.11919932067394257
6,6,3,4,0,0,0.04443852975964546,1,0,current_HeliumBPFlow_mean,HeliumBPFlow_mean,1.2826646644384596,-0.15693721175193787,0.15693721175193787
6,6,3,4,0,0,0.04443852975964546,1,0,current_Pressure_min,Pressure_min,0.0006999999750405,-0.08826225996017456,0.08826225996017456
6,6,3,4,0,0,0.04443852975964546,1,0,current_HeliumBPFlow_max,HeliumBPFlow_max,9.640186309814451,-0.012255975976586342,0.012255975976586342
6,6,3,4,0,0,0.04443852975964546,1,0,current_Gas7Flow_mean,Gas7Flow_mean,1.9323960599585024,0.14157836139202118,0.14157836139202118
6,6,3,4,0,0,0.04443852975964546,1,0,current_HeliumBPPressure_min,HeliumBPPressure_min,0.0030518509447574,-0.185406893491745,0.185406893491745
6,6,3,4,0,0,0.04443852975964546,1,0,conditioning_surface_Chuck,conditioning_surface_Chuck,0.0,0.0,0.0
6,6,3,4,0,0,0.04443852975964546,1,0,conditioning_surface_Si,conditioning_surface_Si,1.0,0.0,0.0
6,6,3,4,0,0,0.04443852975964546,1,0,conditioning_surface_SiO2,conditioning_surface_SiO2,0.0,0.023713113740086555,0.023713113740086555
6,6,4,5,0,0,0.08048979938030243,1,0,current_wafer,wafer,4.0,-0.5153425931930542,0.5153425931930542
6,6,4,5,0,0,0.08048979938030243,1,0,current_mean_si_etch,mean_si_etch,43.89461797752809,-0.06245529279112816,0.06245529279112816
6,6,4,5,0,0,0.08048979938030243,1,0,current_std_si_etch,std_si_etch,3.660172377447228,-0.6473224759101868,0.6473224759101868
6,6,4,5,0,0,0.08048979938030243,1,0,current_cv_si_etch,cv_si_etch,0.0833854478314643,-0.02795531414449215,0.02795531414449215
6,6,4,5,0,0,0.08048979938030243,1,0,conditioning_count,conditioning_count,9.0,0.0,0.0
6,6,4,5,0,0,0.08048979938030243,1,0,current_Heater2Temp_mean,Heater2Temp_mean,55.0019403075232,-0.4510553181171417,0.4510553181171417
6,6,4,5,0,0,0.08048979938030243,1,0,current_PlatenRFReflectedPower_std,PlatenRFReflectedPower_std,8.178956293469556,-0.7380754947662354,0.7380754947662354
6,6,4,5,0,0,0.08048979938030243,1,0,current_Gas2Flow_max,Gas2Flow_max,4.579999923706055,-0.05503015220165253,0.05503015220165253
6,6,4,5,0,0,0.08048979938030243,1,0,current_Gas7Flow_min,Gas7Flow_min,1.870000004768372,0.004707428626716137,0.004707428626716137
6,6,4,5,0,0,0.08048979938030243,1,0,current_Heater4Temp_mean,Heater4Temp_mean,59.19969215428311,-0.11919932067394257,0.11919932067394257
6,6,4,5,0,0,0.08048979938030243,1,0,current_HeliumBPFlow_mean,HeliumBPFlow_mean,1.297088349539205,-0.1746646612882614,0.1746646612882614
6,6,4,5,0,0,0.08048979938030243,1,0,current_Pressure_min,Pressure_min,0.0006999999750405,-0.07984068989753723,0.07984068989753723
6,6,4,5,0,0,0.08048979938030243,1,0,current_HeliumBPFlow_max,HeliumBPFlow_max,9.245887756347656,-0.004867663607001305,0.004867663607001305
6,6,4,5,0,0,0.08048979938030243,1,0,current_Gas7Flow_mean,Gas7Flow_mean,1.9966923304253223,0.14157836139202118,0.14157836139202118
6,6,4,5,0,0,0.08048979938030243,1,0,current_HeliumBPPressure_min,HeliumBPPressure_min,0.0079348124563694,0.33132705092430115,0.33132705092430115
6,6,4,5,0,0,0.08048979938030243,1,0,conditioning_surface_Chuck,conditioning_surface_Chuck,0.0,0.0,0.0
6,6,4,5,0,0,0.08048979938030243,1,0,conditioning_surface_Si,conditioning_surface_Si,1.0,0.0,0.0
6,6,4,5,0,0,0.08048979938030243,1,0,conditioning_surface_SiO2,conditioning_surface_SiO2,0.0,0.03508235514163971,0.03508235514163971
6,6,5,6,1,0,0.16383083164691925,1,1,current_wafer,wafer,5.0,0.22317761182785034,0.22317761182785034
6,6,5,6,1,0,0.16383083164691925,1,1,current_mean_si_etch,mean_si_etch,43.69129550561797,0.04346294701099396,0.04346294701099396
6,6,5,6,1,0,0.16383083164691925,1,1,current_std_si_etch,std_si_etch,3.6235096083803935,-0.6417630314826965,0.6417630314826965
6,6,5,6,1,0,0.16383083164691925,1,1,current_cv_si_etch,cv_si_etch,0.0829343594976365,-0.02795531414449215,0.02795531414449215
6,6,5,6,1,0,0.16383083164691925,1,1,conditioning_count,conditioning_count,9.0,0.0,0.0
6,6,5,6,1,0,0.16383083164691925,1,1,current_Heater2Temp_mean,Heater2Temp_mean,54.99879860305081,-0.4737425744533539,0.4737425744533539
6,6,5,6,1,0,0.16383083164691925,1,1,current_PlatenRFReflectedPower_std,PlatenRFReflectedPower_std,8.137532581543002,-0.7531923651695251,0.7531923651695251
6,6,5,6,1,0,0.16383083164691925,1,1,current_Gas2Flow_max,Gas2Flow_max,4.420000076293945,-0.04649578779935837,0.04649578779935837
6,6,5,6,1,0,0.16383083164691925,1,1,current_Gas7Flow_min,Gas7Flow_min,1.9299999475479128,0.01230623759329319,0.01230623759329319
6,6,5,6,1,0,0.16383083164691925,1,1,current_Heater4Temp_mean,Heater4Temp_mean,59.20021559761691,-0.15915241837501526,0.15915241837501526
6,6,5,6,1,0,0.16383083164691925,1,1,current_HeliumBPFlow_mean,HeliumBPFlow_mean,1.3456955341483368,0.09241054207086563,0.09241054207086563
6,6,5,6,1,0,0.16383083164691925,1,1,current_Pressure_min,Pressure_min,0.0006999999750405,-0.08826225996017456,0.08826225996017456
6,6,5,6,1,0,0.16383083164691925,1,1,current_HeliumBPFlow_max,HeliumBPFlow_max,9.367961883544922,-0.012255975976586342,0.012255975976586342
6,6,5,6,1,0,0.16383083164691925,1,1,current_Gas7Flow_mean,Gas7Flow_mean,2.064038774920186,0.07054346054792404,0.07054346054792404
6,6,5,6,1,0,0.16383083164691925,1,1,current_HeliumBPPressure_min,HeliumBPPressure_min,0.0054933317005634,0.1566188931465149,0.1566188931465149
6,6,5,6,1,0,0.16383083164691925,1,1,conditioning_surface_Chuck,conditioning_surface_Chuck,0.0,0.0,0.0
6,6,5,6,1,0,0.16383083164691925,1,1,conditioning_surface_Si,conditioning_surface_Si,1.0,0.0,0.0
6,6,5,6,1,0,0.16383083164691925,1,1,conditioning_surface_SiO2,conditioning_surface_SiO2,0.0,0.04690054431557655,0.04690054431557655
6,6,6,7,1,0,0.35955289006233215,0,0,current_wafer,wafer,6.0,0.47403568029403687,0.47403568029403687
6,6,6,7,1,0,0.35955289006233215,0,0,current_mean_si_etch,mean_si_etch,43.231184269662926,0.1187223270535469,0.1187223270535469
6,6,6,7,1,0,0.35955289006233215,0,0,current_std_si_etch,std_si_etch,3.57928583223534,0.1143593043088913,0.1143593043088913
6,6,6,7,1,0,0.35955289006233215,0,0,current_cv_si_etch,cv_si_etch,0.0827940731373179,-0.021574940532445908,0.021574940532445908
6,6,6,7,1,0,0.35955289006233215,0,0,conditioning_count,conditioning_count,9.0,0.0,0.0
6,6,6,7,1,0,0.35955289006233215,0,0,current_Heater2Temp_mean,Heater2Temp_mean,55.00282077251292,-0.4870746433734894,0.4870746433734894
6,6,6,7,1,0,0.35955289006233215,0,0,current_PlatenRFReflectedPower_std,PlatenRFReflectedPower_std,8.10015002019062,-0.7249225378036499,0.7249225378036499
6,6,6,7,1,0,0.35955289006233215,0,0,current_Gas2Flow_max,Gas2Flow_max,4.460000038146973,-0.09469420462846756,0.09469420462846756
6,6,6,7,1,0,0.35955289006233215,0,0,current_Gas7Flow_min,Gas7Flow_min,1.9299999475479128,0.01230623759329319,0.01230623759329319
6,6,6,7,1,0,0.35955289006233215,0,0,current_Heater4Temp_mean,Heater4Temp_mean,59.21107064068661,-0.21979743242263794,0.21979743242263794
6,6,6,7,1,0,0.35955289006233215,0,0,current_HeliumBPFlow_mean,HeliumBPFlow_mean,1.3523304185380638,0.1102885827422142,0.1102885827422142
6,6,6,7,1,0,0.35955289006233215,0,0,current_Pressure_min,Pressure_min,0.0006999999750405,-0.14638499915599823,0.14638499915599823
6,6,6,7,1,0,0.35955289006233215,0,0,current_HeliumBPFlow_max,HeliumBPFlow_max,9.411908149719238,-0.004867663607001305,0.004867663607001305
6,6,6,7,1,0,0.35955289006233215,0,0,current_Gas7Flow_mean,Gas7Flow_mean,2.07318769807992,-0.02714054100215435,0.02714054100215435
6,6,6,7,1,0,0.35955289006233215,0,0,current_HeliumBPPressure_min,HeliumBPPressure_min,0.0079348124563694,0.3398447632789612,0.3398447632789612
6,6,6,7,1,0,0.35955289006233215,0,0,conditioning_surface_Chuck,conditioning_surface_Chuck,0.0,0.0,0.0
6,6,6,7,1,0,0.35955289006233215,0,0,conditioning_surface_Si,conditioning_surface_Si,1.0,0.0,0.0
6,6,6,7,1,0,0.35955289006233215,0,0,conditioning_surface_SiO2,conditioning_surface_SiO2,0.0,0.052192166447639465,0.052192166447639465
6,6,7,8,1,0,0.13458913564682007,0,0,current_wafer,wafer,7.0,0.44284379482269287,0.44284379482269287
6,6,7,8,1,0,0.13458913564682007,0,0,current_mean_si_etch,mean_si_etch,42.97732808988764,0.16710448265075684,0.16710448265075684
6,6,7,8,1,0,0.13458913564682007,0,0,current_std_si_etch,std_si_etch,3.866934891427953,-0.6118494272232056,0.6118494272232056
6,6,7,8,1,0,0.13458913564682007,0,0,current_cv_si_etch,cv_si_etch,0.0899761586699901,-0.014600045047700405,0.014600045047700405
6,6,7,8,1,0,0.13458913564682007,0,0,conditioning_count,conditioning_count,9.0,0.0,0.0
6,6,7,8,1,0,0.13458913564682007,0,0,current_Heater2Temp_mean,Heater2Temp_mean,55.00457855048796,-0.49319693446159363,0.49319693446159363
6,6,7,8,1,0,0.13458913564682007,0,0,current_PlatenRFReflectedPower_std,PlatenRFReflectedPower_std,7.992476822651909,-0.7393583655357361,0.7393583655357361
6,6,7,8,1,0,0.13458913564682007,0,0,current_Gas2Flow_max,Gas2Flow_max,4.429999828338623,-0.04649578779935837,0.04649578779935837
6,6,7,8,1,0,0.13458913564682007,0,0,current_Gas7Flow_min,Gas7Flow_min,1.950000047683716,-0.023929547518491745,0.023929547518491745
6,6,7,8,1,0,0.13458913564682007,0,0,current_Heater4Temp_mean,Heater4Temp_mean,59.20436629184887,-0.15915241837501526,0.15915241837501526
6,6,7,8,1,0,0.13458913564682007,0,0,current_HeliumBPFlow_mean,HeliumBPFlow_mean,1.3320202323805208,0.07190903276205063,0.07190903276205063
6,6,7,8,1,0,0.13458913564682007,0,0,current_Pressure_min,Pressure_min,0.0006999999750405,-0.08826225996017456,0.08826225996017456
6,6,7,8,1,0,0.13458913564682007,0,0,current_HeliumBPFlow_max,HeliumBPFlow_max,9.21292781829834,-0.012255975976586342,0.012255975976586342
6,6,7,8,1,0,0.13458913564682007,0,0,current_Gas7Flow_mean,Gas7Flow_mean,2.106473604717567,-0.13218477368354797,0.13218477368354797
6,6,7,8,1,0,0.13458913564682007,0,0,current_HeliumBPPressure_min,HeliumBPPressure_min,0.0030518509447574,-0.1958526372909546,0.1958526372909546
6,6,7,8,1,0,0.13458913564682007,0,0,conditioning_surface_Chuck,conditioning_surface_Chuck,0.0,0.0,0.0
6,6,7,8,1,0,0.13458913564682007,0,0,conditioning_surface_Si,conditioning_surface_Si,1.0,0.0,0.0
6,6,7,8,1,0,0.13458913564682007,0,0,conditioning_surface_SiO2,conditioning_surface_SiO2,0.0,0.04690054431557655,0.04690054431557655
6,6,8,9,1,1,0.8580193519592285,0,0,current_wafer,wafer,8.0,0.446451336145401,0.446451336145401
6,6,8,9,1,1,0.8580193519592285,0,0,current_mean_si_etch,mean_si_etch,43.32931011235955,0.12234512716531754,0.12234512716531754
6,6,8,9,1,1,0.8580193519592285,0,0,current_std_si_etch,std_si_etch,3.550864204670488,0.5567249655723572,0.5567249655723572
6,6,8,9,1,1,0.8580193519592285,0,0,current_cv_si_etch,cv_si_etch,0.0819506286959693,0.0020935768261551857,0.0020935768261551857
6,6,8,9,1,1,0.8580193519592285,0,0,conditioning_count,conditioning_count,9.0,0.0,0.0
6,6,8,9,1,1,0.8580193519592285,0,0,current_Heater2Temp_mean,Heater2Temp_mean,55.01047438070941,-0.2556896507740021,0.2556896507740021
6,6,8,9,1,1,0.8580193519592285,0,0,current_PlatenRFReflectedPower_std,PlatenRFReflectedPower_std,7.62580295726012,1.419218897819519,1.419218897819519
6,6,8,9,1,1,0.8580193519592285,0,0,current_Gas2Flow_max,Gas2Flow_max,4.420000076293945,-0.0862324982881546,0.0862324982881546
6,6,8,9,1,1,0.8580193519592285,0,0,current_Gas7Flow_min,Gas7Flow_min,1.950000047683716,-0.023929547518491745,0.023929547518491745
6,6,8,9,1,1,0.8580193519592285,0,0,current_Heater4Temp_mean,Heater4Temp_mean,59.20459035848734,-0.2098718136548996,0.2098718136548996
6,6,8,9,1,1,0.8580193519592285,0,0,current_HeliumBPFlow_mean,HeliumBPFlow_mean,1.319028786571211,-0.10688649863004684,0.10688649863004684
6,6,8,9,1,1,0.8580193519592285,0,0,current_Pressure_min,Pressure_min,0.0006999999750405,-0.13847486674785614,0.13847486674785614
6,6,8,9,1,1,0.8580193519592285,0,0,current_HeliumBPFlow_max,HeliumBPFlow_max,9.414349555969238,-0.004867663607001305,0.004867663607001305
6,6,8,9,1,1,0.8580193519592285,0,0,current_Gas7Flow_mean,Gas7Flow_mean,2.107162644373952,-0.20352399349212646,0.20352399349212646
6,6,8,9,1,1,0.8580193519592285,0,0,current_HeliumBPPressure_min,HeliumBPPressure_min,0.0079348124563694,0.30198314785957336,0.30198314785957336
6,6,8,9,1,1,0.8580193519592285,0,0,conditioning_surface_Chuck,conditioning_surface_Chuck,0.0,0.0,0.0
6,6,8,9,1,1,0.8580193519592285,0,0,conditioning_surface_Si,conditioning_surface_Si,1.0,0.0,0.0
6,6,8,9,1,1,0.8580193519592285,0,0,conditioning_surface_SiO2,conditioning_surface_SiO2,0.0,0.052192166447639465,0.052192166447639465
6,6,9,10,1,0,0.45540621876716614,0,0,current_wafer,wafer,9.0,0.446451336145401,0.446451336145401
6,6,9,10,1,0,0.45540621876716614,0,0,current_mean_si_etch,mean_si_etch,43.23398539325843,0.11541540920734406,0.11541540920734406
6,6,9,10,1,0,0.45540621876716614,0,0,current_std_si_etch,std_si_etch,3.5302805626835823,0.662541389465332,0.662541389465332
6,6,9,10,1,0,0.45540621876716614,0,0,current_cv_si_etch,cv_si_etch,0.0816552193967773,0.024442601948976517,0.024442601948976517
6,6,9,10,1,0,0.45540621876716614,0,0,conditioning_count,conditioning_count,9.0,0.0,0.0
6,6,9,10,1,0,0.45540621876716614,0,0,current_Heater2Temp_mean,Heater2Temp_mean,55.00379040546153,-0.4772290885448456,0.4772290885448456
6,6,9,10,1,0,0.45540621876716614,0,0,current_PlatenRFReflectedPower_std,PlatenRFReflectedPower_std,7.738494651696897,-0.2783089280128479,0.2783089280128479
6,6,9,10,1,0,0.45540621876716614,0,0,current_Gas2Flow_max,Gas2Flow_max,4.440000057220459,-0.09469420462846756,0.09469420462846756
6,6,9,10,1,0,0.45540621876716614,0,0,current_Gas7Flow_min,Gas7Flow_min,1.9800000190734863,-0.023929547518491745,0.023929547518491745
6,6,9,10,1,0,0.45540621876716614,0,0,current_Heater4Temp_mean,Heater4Temp_mean,59.19922977324076,-0.21979743242263794,0.21979743242263794
6,6,9,10,1,0,0.45540621876716614,0,0,current_HeliumBPFlow_mean,HeliumBPFlow_mean,1.298379471443467,-0.2605436146259308,0.2605436146259308
6,6,9,10,1,0,0.45540621876716614,0,0,current_Pressure_min,Pressure_min,0.0006999999750405,-0.14638499915599823,0.14638499915599823
6,6,9,10,1,0,0.45540621876716614,0,0,current_HeliumBPFlow_max,HeliumBPFlow_max,9.675588607788086,-0.004867663607001305,0.004867663607001305
6,6,9,10,1,0,0.45540621876716614,0,0,current_Gas7Flow_mean,Gas7Flow_mean,2.103654824787369,-0.20352399349212646,0.20352399349212646
6,6,9,10,1,0,0.45540621876716614,0,0,current_HeliumBPPressure_min,HeliumBPPressure_min,0.0067140720784664,0.30198314785957336,0.30198314785957336
6,6,9,10,1,0,0.45540621876716614,0,0,conditioning_surface_Chuck,conditioning_surface_Chuck,0.0,0.0,0.0
6,6,9,10,1,0,0.45540621876716614,0,0,conditioning_surface_Si,conditioning_surface_Si,1.0,0.0,0.0
6,6,9,10,1,0,0.45540621876716614,0,0,conditioning_surface_SiO2,conditioning_surface_SiO2,0.0,0.052192166447639465,0.052192166447639465
7,7,3,4,0,0,0.07219274342060089,1,0,current_wafer,wafer,3.0,-0.6092904210090637,0.6092904210090637
7,7,3,4,0,0,0.07219274342060089,1,0,current_mean_si_etch,mean_si_etch,43.68900561797753,0.029261499643325806,0.029261499643325806
7,7,3,4,0,0,0.07219274342060089,1,0,current_std_si_etch,std_si_etch,3.633369560106568,-0.32088136672973633,0.32088136672973633
7,7,3,4,0,0,0.07219274342060089,1,0,current_cv_si_etch,cv_si_etch,0.0831643913317055,-0.08224114775657654,0.08224114775657654
7,7,3,4,0,0,0.07219274342060089,1,0,conditioning_count,conditioning_count,3.0,0.0,0.0
7,7,3,4,0,0,0.07219274342060089,1,0,current_Heater2Temp_mean,Heater2Temp_mean,54.721158385240656,0.017785293981432915,0.017785293981432915
7,7,3,4,0,0,0.07219274342060089,1,0,current_PlatenRFReflectedPower_std,PlatenRFReflectedPower_std,8.145871178714087,-0.3071339726448059,0.3071339726448059
7,7,3,4,0,0,0.07219274342060089,1,0,current_Gas7Flow_min,Gas7Flow_min,1.9700000286102293,-0.052013006061315536,0.052013006061315536
7,7,3,4,0,0,0.07219274342060089,1,0,current_PlatenDcBias_min,PlatenDcBias_min,-32.53273010253906,-0.01879243180155754,0.01879243180155754
7,7,3,4,0,0,0.07219274342060089,1,0,current_HeliumBPPressure_min,HeliumBPPressure_min,0.0,-0.3829076886177063,0.3829076886177063
7,7,3,4,0,0,0.07219274342060089,1,0,current_Gas7Flow_mean,Gas7Flow_mean,2.0953712878931143,-0.11483889818191528,0.11483889818191528
7,7,3,4,0,0,0.07219274342060089,1,0,current_HeliumBPFlow_mean,HeliumBPFlow_mean,1.2629227170341844,-0.617324709892273,0.617324709892273
7,7,3,4,0,0,0.07219274342060089,1,0,current_SourceRFReflectedPower_mean,SourceRFReflectedPower_mean,142.71922388805623,0.17570346593856812,0.17570346593856812
7,7,3,4,0,0,0.07219274342060089,1,0,current_Gas1Flow_max,Gas1Flow_max,200.0,0.0,0.0
7,7,3,4,0,0,0.07219274342060089,1,0,current_Heater2Temp_std,Heater2Temp_std,0.1843673430051844,-0.06645631790161133,0.06645631790161133
7,7,3,4,0,0,0.07219274342060089,1,0,conditioning_surface_Chuck,conditioning_surface_Chuck,0.0,0.0,0.0
7,7,3,4,0,0,0.07219274342060089,1,0,conditioning_surface_Si,conditioning_surface_Si,0.0,0.0,0.0
7,7,3,4,0,0,0.07219274342060089,1,0,conditioning_surface_SiO2,conditioning_surface_SiO2,1.0,-0.1583854854106903,0.1583854854106903
7,7,4,5,0,0,0.0803787037730217,1,0,current_wafer,wafer,4.0,-0.6455546617507935,0.6455546617507935
7,7,4,5,0,0,0.0803787037730217,1,0,current_mean_si_etch,mean_si_etch,43.76099325842696,0.039267390966415405,0.039267390966415405
7,7,4,5,0,0,0.0803787037730217,1,0,current_std_si_etch,std_si_etch,3.6074572366204105,-0.2778845429420471,0.2778845429420471
7,7,4,5,0,0,0.0803787037730217,1,0,current_cv_si_etch,cv_si_etch,0.082435451483399,-0.039745356887578964,0.039745356887578964
7,7,4,5,0,0,0.0803787037730217,1,0,conditioning_count,conditioning_count,3.0,0.0,0.0
7,7,4,5,0,0,0.0803787037730217,1,0,current_Heater2Temp_mean,Heater2Temp_mean,54.71118021202263,0.017785293981432915,0.017785293981432915
7,7,4,5,0,0,0.0803787037730217,1,0,current_PlatenRFReflectedPower_std,PlatenRFReflectedPower_std,8.016903044859314,-0.3016820251941681,0.3016820251941681
7,7,4,5,0,0,0.0803787037730217,1,0,current_Gas7Flow_min,Gas7Flow_min,1.950000047683716,-0.052013006061315536,0.052013006061315536
7,7,4,5,0,0,0.0803787037730217,1,0,current_PlatenDcBias_min,PlatenDcBias_min,-36.62221145629883,-0.01879243180155754,0.01879243180155754
7,7,4,5,0,0,0.0803787037730217,1,0,current_HeliumBPPressure_min,HeliumBPPressure_min,0.0042725913226604,-0.3283579349517822,0.3283579349517822
7,7,4,5,0,0,0.0803787037730217,1,0,current_Gas7Flow_mean,Gas7Flow_mean,2.097406802193583,-0.11483889818191528,0.11483889818191528
7,7,4,5,0,0,0.0803787037730217,1,0,current_HeliumBPFlow_mean,HeliumBPFlow_mean,1.243622780573581,-0.6110296845436096,0.6110296845436096
7,7,4,5,0,0,0.0803787037730217,1,0,current_SourceRFReflectedPower_mean,SourceRFReflectedPower_mean,141.50740330887504,0.16644442081451416,0.16644442081451416
7,7,4,5,0,0,0.0803787037730217,1,0,current_Gas1Flow_max,Gas1Flow_max,200.0,0.0,0.0
7,7,4,5,0,0,0.0803787037730217,1,0,current_Heater2Temp_std,Heater2Temp_std,0.2087905061268867,-0.06645631790161133,0.06645631790161133
7,7,4,5,0,0,0.0803787037730217,1,0,conditioning_surface_Chuck,conditioning_surface_Chuck,0.0,0.0,0.0
7,7,4,5,0,0,0.0803787037730217,1,0,conditioning_surface_Si,conditioning_surface_Si,0.0,0.0,0.0
7,7,4,5,0,0,0.0803787037730217,1,0,conditioning_surface_SiO2,conditioning_surface_SiO2,1.0,-0.1583854854106903,0.1583854854106903
7,7,5,6,0,1,0.6734336018562317,1,0,current_wafer,wafer,5.0,0.3001030683517456,0.3001030683517456
7,7,5,6,0,1,0.6734336018562317,1,0,current_mean_si_etch,mean_si_etch,43.5520786516854,0.35924458503723145,0.35924458503723145
7,7,5,6,0,1,0.6734336018562317,1,0,current_std_si_etch,std_si_etch,3.558108930810905,0.41006240248680115,0.41006240248680115
7,7,5,6,0,1,0.6734336018562317,1,0,current_cv_si_etch,cv_si_etch,0.0816977981525851,0.1406850963830948,0.1406850963830948
7,7,5,6,0,1,0.6734336018562317,1,0,conditioning_count,conditioning_count,3.0,0.0,0.0
7,7,5,6,0,1,0.6734336018562317,1,0,current_Heater2Temp_mean,Heater2Temp_mean,54.709332086946695,0.005744894966483116,0.005744894966483116
7,7,5,6,0,1,0.6734336018562317,1,0,current_PlatenRFReflectedPower_std,PlatenRFReflectedPower_std,7.915831616183387,-0.15956425666809082,0.15956425666809082
7,7,5,6,0,1,0.6734336018562317,1,0,current_Gas7Flow_min,Gas7Flow_min,1.950000047683716,-0.11212998628616333,0.11212998628616333
7,7,5,6,0,1,0.6734336018562317,1,0,current_PlatenDcBias_min,PlatenDcBias_min,-60.701316833496094,0.01843281462788582,0.01843281462788582
7,7,5,6,0,1,0.6734336018562317,1,0,current_HeliumBPPressure_min,HeliumBPPressure_min,0.0054933317005634,0.6575644612312317,0.6575644612312317
7,7,5,6,0,1,0.6734336018562317,1,0,current_Gas7Flow_mean,Gas7Flow_mean,2.0968154833652366,-0.12925182282924652,0.12925182282924652
7,7,5,6,0,1,0.6734336018562317,1,0,current_HeliumBPFlow_mean,HeliumBPFlow_mean,1.244535986241154,-0.6665146946907043,0.6665146946907043
7,7,5,6,0,1,0.6734336018562317,1,0,current_SourceRFReflectedPower_mean,SourceRFReflectedPower_mean,138.44835267101695,-0.015582520514726639,0.015582520514726639
7,7,5,6,0,1,0.6734336018562317,1,0,current_Gas1Flow_max,Gas1Flow_max,200.0,0.0,0.0
7,7,5,6,0,1,0.6734336018562317,1,0,current_Heater2Temp_std,Heater2Temp_std,0.228315440491125,0.1522638350725174,0.1522638350725174
7,7,5,6,0,1,0.6734336018562317,1,0,conditioning_surface_Chuck,conditioning_surface_Chuck,0.0,0.0,0.0
7,7,5,6,0,1,0.6734336018562317,1,0,conditioning_surface_Si,conditioning_surface_Si,0.0,0.0,0.0
7,7,5,6,0,1,0.6734336018562317,1,0,conditioning_surface_SiO2,conditioning_surface_SiO2,1.0,-0.19133198261260986,0.19133198261260986
8,8,3,4,0,0,0.11071182787418365,1,0,current_wafer,wafer,3.0,-0.897447407245636,0.897447407245636
8,8,3,4,0,0,0.11071182787418365,1,0,current_mean_si_etch,mean_si_etch,43.71542808988764,0.17195473611354828,0.17195473611354828
8,8,3,4,0,0,0.11071182787418365,1,0,current_std_si_etch,std_si_etch,3.625126988151548,-0.5607240796089172,0.5607240796089172
8,8,3,4,0,0,0.11071182787418365,1,0,current_cv_si_etch,cv_si_etch,0.0829255744836254,-0.04041708633303642,0.04041708633303642
8,8,3,4,0,0,0.11071182787418365,1,0,conditioning_count,conditioning_count,3.0,0.0,0.0
8,8,3,4,0,0,0.11071182787418365,1,0,current_PlatenRFPeakToPeak_max,PlatenRFPeakToPeak_max,982.7570190429688,0.15876437723636627,0.15876437723636627
8,8,3,4,0,0,0.11071182787418365,1,0,current_Heater2Temp_mean,Heater2Temp_mean,54.91218888217424,-0.03889753669500351,0.03889753669500351
8,8,3,4,0,0,0.11071182787418365,1,0,current_Heater1Temp_mean,Heater1Temp_mean,1371.017309296413,0.0,0.0
8,8,3,4,0,0,0.11071182787418365,1,0,current_Gas7Flow_min,Gas7Flow_min,1.9600000381469729,-0.008838430978357792,0.008838430978357792
8,8,3,4,0,0,0.11071182787418365,1,0,current_Heater2Temp_std,Heater2Temp_std,0.2214946480219277,0.0,0.0
8,8,3,4,0,0,0.11071182787418365,1,0,current_Gas1Flow_max,Gas1Flow_max,200.0,0.0,0.0
8,8,3,4,0,0,0.11071182787418365,1,0,current_PlatenRFReflectedPower_std,PlatenRFReflectedPower_std,7.994083952282847,-0.4022941291332245,0.4022941291332245
8,8,3,4,0,0,0.11071182787418365,1,0,current_PlatenRFTuningCapacitor_std,PlatenRFTuningCapacitor_std,3.97057430706786,-0.17439019680023193,0.17439019680023193
8,8,3,4,0,0,0.11071182787418365,1,0,current_ForeLinePressure_mean,ForeLinePressure_mean,126.12842852104932,0.028654323890805244,0.028654323890805244
8,8,3,4,0,0,0.11071182787418365,1,0,current_HeliumBPFlow_mean,HeliumBPFlow_mean,1.2604692270600883,-0.27653124928474426,0.27653124928474426
8,8,3,4,0,0,0.11071182787418365,1,0,conditioning_surface_Chuck,conditioning_surface_Chuck,0.0,0.0,0.0
8,8,3,4,0,0,0.11071182787418365,1,0,conditioning_surface_Si,conditioning_surface_Si,0.0,0.0,0.0
8,8,3,4,0,0,0.11071182787418365,1,0,conditioning_surface_SiO2,conditioning_surface_SiO2,1.0,0.0,0.0
8,8,4,5,0,0,0.13218718767166138,1,0,current_wafer,wafer,4.0,-0.8968890309333801,0.8968890309333801
8,8,4,5,0,0,0.13218718767166138,1,0,current_mean_si_etch,mean_si_etch,43.83268764044944,0.17195473611354828,0.17195473611354828
8,8,4,5,0,0,0.13218718767166138,1,0,current_std_si_etch,std_si_etch,3.6163890230267297,-0.5607240796089172,0.5607240796089172
8,8,4,5,0,0,0.13218718767166138,1,0,current_cv_si_etch,cv_si_etch,0.0825043869700901,-0.01780887320637703,0.01780887320637703
8,8,4,5,0,0,0.13218718767166138,1,0,conditioning_count,conditioning_count,3.0,0.0,0.0
8,8,4,5,0,0,0.13218718767166138,1,0,current_PlatenRFPeakToPeak_max,PlatenRFPeakToPeak_max,983.1004028320312,0.3776606023311615,0.3776606023311615
8,8,4,5,0,0,0.13218718767166138,1,0,current_Heater2Temp_mean,Heater2Temp_mean,54.90659048434658,-0.03889753669500351,0.03889753669500351
8,8,4,5,0,0,0.13218718767166138,1,0,current_Heater1Temp_mean,Heater1Temp_mean,1371.012377636448,0.0,0.0
8,8,4,5,0,0,0.13218718767166138,1,0,current_Gas7Flow_min,Gas7Flow_min,1.9700000286102293,-0.008838430978357792,0.008838430978357792
8,8,4,5,0,0,0.13218718767166138,1,0,current_Heater2Temp_std,Heater2Temp_std,0.2352089116497848,0.0,0.0
8,8,4,5,0,0,0.13218718767166138,1,0,current_Gas1Flow_max,Gas1Flow_max,200.0,0.0,0.0
8,8,4,5,0,0,0.13218718767166138,1,0,current_PlatenRFReflectedPower_std,PlatenRFReflectedPower_std,7.979038272659927,-0.3952183425426483,0.3952183425426483
8,8,4,5,0,0,0.13218718767166138,1,0,current_PlatenRFTuningCapacitor_std,PlatenRFTuningCapacitor_std,3.93268022130991,-0.17439019680023193,0.17439019680023193
8,8,4,5,0,0,0.13218718767166138,1,0,current_ForeLinePressure_mean,ForeLinePressure_mean,127.84698933647492,-0.027926789596676826,0.027926789596676826
8,8,4,5,0,0,0.13218718767166138,1,0,current_HeliumBPFlow_mean,HeliumBPFlow_mean,1.2584382140401476,-0.2673550248146057,0.2673550248146057
8,8,4,5,0,0,0.13218718767166138,1,0,conditioning_surface_Chuck,conditioning_surface_Chuck,0.0,0.0,0.0
8,8,4,5,0,0,0.13218718767166138,1,0,conditioning_surface_Si,conditioning_surface_Si,0.0,0.0,0.0
8,8,4,5,0,0,0.13218718767166138,1,0,conditioning_surface_SiO2,conditioning_surface_SiO2,1.0,0.0,0.0
8,8,5,6,0,1,0.8529328107833862,1,0,current_wafer,wafer,5.0,0.45640355348587036,0.45640355348587036
8,8,5,6,0,1,0.8529328107833862,1,0,current_mean_si_etch,mean_si_etch,43.646195505617975,0.23739637434482574,0.23739637434482574
8,8,5,6,0,1,0.8529328107833862,1,0,current_std_si_etch,std_si_etch,3.586914638810899,0.5268068909645081,0.5268068909645081
8,8,5,6,0,1,0.8529328107833862,1,0,current_cv_si_etch,cv_si_etch,0.0821816104991145,-0.026202943176031113,0.026202943176031113
8,8,5,6,0,1,0.8529328107833862,1,0,conditioning_count,conditioning_count,3.0,0.0,0.0
8,8,5,6,0,1,0.8529328107833862,1,0,current_PlatenRFPeakToPeak_max,PlatenRFPeakToPeak_max,985.8470458984376,0.3833547532558441,0.3833547532558441
8,8,5,6,0,1,0.8529328107833862,1,0,current_Heater2Temp_mean,Heater2Temp_mean,54.90301805149051,-0.03084273636341095,0.03084273636341095
8,8,5,6,0,1,0.8529328107833862,1,0,current_Heater1Temp_mean,Heater1Temp_mean,1371.0159492927369,0.0,0.0
8,8,5,6,0,1,0.8529328107833862,1,0,current_Gas7Flow_min,Gas7Flow_min,1.950000047683716,-0.026074908673763275,0.026074908673763275
8,8,5,6,0,1,0.8529328107833862,1,0,current_Heater2Temp_std,Heater2Temp_std,0.2075515512918975,0.0,0.0
8,8,5,6,0,1,0.8529328107833862,1,0,current_Gas1Flow_max,Gas1Flow_max,200.0,0.0,0.0
8,8,5,6,0,1,0.8529328107833862,1,0,current_PlatenRFReflectedPower_std,PlatenRFReflectedPower_std,7.764804518574396,0.526878297328949,0.526878297328949
8,8,5,6,0,1,0.8529328107833862,1,0,current_PlatenRFTuningCapacitor_std,PlatenRFTuningCapacitor_std,3.908666746550221,-0.05676556006073952,0.05676556006073952
8,8,5,6,0,1,0.8529328107833862,1,0,current_ForeLinePressure_mean,ForeLinePressure_mean,127.89840191476044,-0.011397664435207844,0.011397664435207844
8,8,5,6,0,1,0.8529328107833862,1,0,current_HeliumBPFlow_mean,HeliumBPFlow_mean,1.3012908253145283,-0.17844083905220032,0.17844083905220032
8,8,5,6,0,1,0.8529328107833862,1,0,conditioning_surface_Chuck,conditioning_surface_Chuck,0.0,0.0,0.0
8,8,5,6,0,1,0.8529328107833862,1,0,conditioning_surface_Si,conditioning_surface_Si,0.0,0.0,0.0
8,8,5,6,0,1,0.8529328107833862,1,0,conditioning_surface_SiO2,conditioning_surface_SiO2,1.0,0.0,0.0
8,8,6,7,0,1,0.9345394968986511,1,0,current_wafer,wafer,6.0,1.1305317878723145,1.1305317878723145
8,8,6,7,0,1,0.9345394968986511,1,0,current_mean_si_etch,mean_si_etch,43.50728202247191,0.3598581850528717,0.3598581850528717
8,8,6,7,0,1,0.9345394968986511,1,0,current_std_si_etch,std_si_etch,3.573204059465712,0.5268068909645081,0.5268068909645081
8,8,6,7,0,1,0.9345394968986511,1,0,current_cv_si_etch,cv_si_etch,0.0821288734520377,-0.0077909198589622974,0.0077909198589622974
8,8,6,7,0,1,0.9345394968986511,1,0,conditioning_count,conditioning_count,3.0,0.0,0.0
8,8,6,7,0,1,0.9345394968986511,1,0,current_PlatenRFPeakToPeak_max,PlatenRFPeakToPeak_max,983.6497192382812,0.3202584683895111,0.3202584683895111
8,8,6,7,0,1,0.9345394968986511,1,0,current_Heater2Temp_mean,Heater2Temp_mean,54.8928522496626,-0.0242167878895998,0.0242167878895998
8,8,6,7,0,1,0.9345394968986511,1,0,current_Heater1Temp_mean,Heater1Temp_mean,1371.015338213739,0.0,0.0
8,8,6,7,0,1,0.9345394968986511,1,0,current_Gas7Flow_min,Gas7Flow_min,1.9600000381469729,-0.026074908673763275,0.026074908673763275
8,8,6,7,0,1,0.9345394968986511,1,0,current_Heater2Temp_std,Heater2Temp_std,0.1918795974582869,0.0,0.0
8,8,6,7,0,1,0.9345394968986511,1,0,current_Gas1Flow_max,Gas1Flow_max,200.0,0.0,0.0
8,8,6,7,0,1,0.9345394968986511,1,0,current_PlatenRFReflectedPower_std,PlatenRFReflectedPower_std,7.790706470421942,0.4980633556842804,0.4980633556842804
8,8,6,7,0,1,0.9345394968986511,1,0,current_PlatenRFTuningCapacitor_std,PlatenRFTuningCapacitor_std,3.8927192840629896,0.16803623735904694,0.16803623735904694
8,8,6,7,0,1,0.9345394968986511,1,0,current_ForeLinePressure_mean,ForeLinePressure_mean,127.8824265645157,-0.002801033668220043,0.002801033668220043
8,8,6,7,0,1,0.9345394968986511,1,0,current_HeliumBPFlow_mean,HeliumBPFlow_mean,1.22108185827475,-0.24074086546897888,0.24074086546897888
8,8,6,7,0,1,0.9345394968986511,1,0,conditioning_surface_Chuck,conditioning_surface_Chuck,0.0,0.0,0.0
8,8,6,7,0,1,0.9345394968986511,1,0,conditioning_surface_Si,conditioning_surface_Si,0.0,0.0,0.0
8,8,6,7,0,1,0.9345394968986511,1,0,conditioning_surface_SiO2,conditioning_surface_SiO2,1.0,0.0,0.0
8,8,7,8,0,1,0.9345394968986511,1,0,current_wafer,wafer,7.0,1.1305317878723145,1.1305317878723145
8,8,7,8,0,1,0.9345394968986511,1,0,current_mean_si_etch,mean_si_etch,43.40571685393258,0.3598581850528717,0.3598581850528717
8,8,7,8,0,1,0.9345394968986511,1,0,current_std_si_etch,std_si_etch,3.5638474003537484,0.5268068909645081,0.5268068909645081
8,8,7,8,0,1,0.9345394968986511,1,0,current_cv_si_etch,cv_si_etch,0.0821054842233497,-0.0077909198589622974,0.0077909198589622974
8,8,7,8,0,1,0.9345394968986511,1,0,conditioning_count,conditioning_count,3.0,0.0,0.0
8,8,7,8,0,1,0.9345394968986511,1,0,current_PlatenRFPeakToPeak_max,PlatenRFPeakToPeak_max,984.5423583984376,0.3202584683895111,0.3202584683895111
8,8,7,8,0,1,0.9345394968986511,1,0,current_Heater2Temp_mean,Heater2Temp_mean,54.90896472237541,-0.0242167878895998,0.0242167878895998
8,8,7,8,0,1,0.9345394968986511,1,0,current_Heater1Temp_mean,Heater1Temp_mean,1371.01379823244,0.0,0.0
8,8,7,8,0,1,0.9345394968986511,1,0,current_Gas7Flow_min,Gas7Flow_min,1.9600000381469729,-0.026074908673763275,0.026074908673763275
8,8,7,8,0,1,0.9345394968986511,1,0,current_Heater2Temp_std,Heater2Temp_std,0.2149779360164222,0.0,0.0
8,8,7,8,0,1,0.9345394968986511,1,0,current_Gas1Flow_max,Gas1Flow_max,200.0,0.0,0.0
8,8,7,8,0,1,0.9345394968986511,1,0,current_PlatenRFReflectedPower_std,PlatenRFReflectedPower_std,7.712620822579042,0.4980633556842804,0.4980633556842804
8,8,7,8,0,1,0.9345394968986511,1,0,current_PlatenRFTuningCapacitor_std,PlatenRFTuningCapacitor_std,3.8578411021504935,0.16803623735904694,0.16803623735904694
8,8,7,8,0,1,0.9345394968986511,1,0,current_ForeLinePressure_mean,ForeLinePressure_mean,127.98396694079932,-0.002801033668220043,0.002801033668220043
8,8,7,8,0,1,0.9345394968986511,1,0,current_HeliumBPFlow_mean,HeliumBPFlow_mean,1.2704447488669472,-0.24074086546897888,0.24074086546897888
8,8,7,8,0,1,0.9345394968986511,1,0,conditioning_surface_Chuck,conditioning_surface_Chuck,0.0,0.0,0.0
8,8,7,8,0,1,0.9345394968986511,1,0,conditioning_surface_Si,conditioning_surface_Si,0.0,0.0,0.0
8,8,7,8,0,1,0.9345394968986511,1,0,conditioning_surface_SiO2,conditioning_surface_SiO2,1.0,0.0,0.0
8,8,8,9,0,0,0.49204301834106445,1,0,current_wafer,wafer,8.0,1.131138801574707,1.131138801574707
8,8,8,9,0,0,0.49204301834106445,1,0,current_mean_si_etch,mean_si_etch,43.69908426966292,0.19579391181468964,0.19579391181468964
8,8,8,9,0,0,0.49204301834106445,1,0,current_std_si_etch,std_si_etch,3.784513695938984,-0.5599575638771057,0.5599575638771057
8,8,8,9,0,0,0.49204301834106445,1,0,current_cv_si_etch,cv_si_etch,0.0866039588515198,-0.015303976833820343,0.015303976833820343
8,8,8,9,0,0,0.49204301834106445,1,0,conditioning_count,conditioning_count,3.0,0.0,0.0
8,8,8,9,0,0,0.49204301834106445,1,0,current_PlatenRFPeakToPeak_max,PlatenRFPeakToPeak_max,974.1050415039062,-0.2773292660713196,0.2773292660713196
8,8,8,9,0,0,0.49204301834106445,1,0,current_Heater2Temp_mean,Heater2Temp_mean,54.950195599970016,-0.0242167878895998,0.0242167878895998
8,8,8,9,0,0,0.49204301834106445,1,0,current_Heater1Temp_mean,Heater1Temp_mean,1371.015824036679,0.0,0.0
8,8,8,9,0,0,0.49204301834106445,1,0,current_Gas7Flow_min,Gas7Flow_min,1.7799999713897705,0.0133451446890831,0.0133451446890831
8,8,8,9,0,0,0.49204301834106445,1,0,current_Heater2Temp_std,Heater2Temp_std,0.1019207496769213,0.0,0.0
8,8,8,9,0,0,0.49204301834106445,1,0,current_Gas1Flow_max,Gas1Flow_max,200.0,0.0,0.0
8,8,8,9,0,0,0.49204301834106445,1,0,current_PlatenRFReflectedPower_std,PlatenRFReflectedPower_std,9.597352174377628,-0.3986603915691376,0.3986603915691376
8,8,8,9,0,0,0.49204301834106445,1,0,current_PlatenRFTuningCapacitor_std,PlatenRFTuningCapacitor_std,3.836755262058343,0.18312302231788635,0.18312302231788635
8,8,8,9,0,0,0.49204301834106445,1,0,current_ForeLinePressure_mean,ForeLinePressure_mean,112.85323031299896,0.016882969066500664,0.016882969066500664
8,8,8,9,0,0,0.49204301834106445,1,0,current_HeliumBPFlow_mean,HeliumBPFlow_mean,1.1298985166958444,-0.25332269072532654,0.25332269072532654
8,8,8,9,0,0,0.49204301834106445,1,0,conditioning_surface_Chuck,conditioning_surface_Chuck,0.0,0.0,0.0
8,8,8,9,0,0,0.49204301834106445,1,0,conditioning_surface_Si,conditioning_surface_Si,0.0,0.0,0.0
8,8,8,9,0,0,0.49204301834106445,1,0,conditioning_surface_SiO2,conditioning_surface_SiO2,1.0,0.0,0.0
8,8,9,10,1,1,0.7291824221611023,1,1,current_wafer,wafer,9.0,1.1537580490112305,1.1537580490112305
8,8,9,10,1,1,0.7291824221611023,1,1,current_mean_si_etch,mean_si_etch,43.47381460674157,0.3598581850528717,0.3598581850528717
8,8,9,10,1,1,0.7291824221611023,1,1,current_std_si_etch,std_si_etch,3.750282804474113,-0.5839420557022095,0.5839420557022095
8,8,9,10,1,1,0.7291824221611023,1,1,current_cv_si_etch,cv_si_etch,0.0862653263441149,-0.015303976833820343,0.015303976833820343
8,8,9,10,1,1,0.7291824221611023,1,1,conditioning_count,conditioning_count,3.0,0.0,0.0
8,8,9,10,1,1,0.7291824221611023,1,1,current_PlatenRFPeakToPeak_max,PlatenRFPeakToPeak_max,975.2037353515624,-0.27073755860328674,0.27073755860328674
8,8,9,10,1,1,0.7291824221611023,1,1,current_Heater2Temp_mean,Heater2Temp_mean,54.99306848118207,-0.0242167878895998,0.0242167878895998
8,8,9,10,1,1,0.7291824221611023,1,1,current_Heater1Temp_mean,Heater1Temp_mean,1371.0129358429124,0.0,0.0
8,8,9,10,1,1,0.7291824221611023,1,1,current_Gas7Flow_min,Gas7Flow_min,1.7599999904632568,0.0133451446890831,0.0133451446890831
8,8,9,10,1,1,0.7291824221611023,1,1,current_Heater2Temp_std,Heater2Temp_std,0.1568508443996061,0.0,0.0
8,8,9,10,1,1,0.7291824221611023,1,1,current_Gas1Flow_max,Gas1Flow_max,200.0,0.0,0.0
8,8,9,10,1,1,0.7291824221611023,1,1,current_PlatenRFReflectedPower_std,PlatenRFReflectedPower_std,7.441628965343649,0.4983660578727722,0.4983660578727722
8,8,9,10,1,1,0.7291824221611023,1,1,current_PlatenRFTuningCapacitor_std,PlatenRFTuningCapacitor_std,3.888792689709389,0.18312302231788635,0.18312302231788635
8,8,9,10,1,1,0.7291824221611023,1,1,current_ForeLinePressure_mean,ForeLinePressure_mean,127.69448292674066,-0.027124842628836632,0.027124842628836632
8,8,9,10,1,1,0.7291824221611023,1,1,current_HeliumBPFlow_mean,HeliumBPFlow_mean,1.248743700906772,-0.25332269072532654,0.25332269072532654
8,8,9,10,1,1,0.7291824221611023,1,1,conditioning_surface_Chuck,conditioning_surface_Chuck,0.0,0.0,0.0
8,8,9,10,1,1,0.7291824221611023,1,1,conditioning_surface_Si,conditioning_surface_Si,0.0,0.0,0.0
8,8,9,10,1,1,0.7291824221611023,1,1,conditioning_surface_SiO2,conditioning_surface_SiO2,1.0,0.0,0.0
9,9,3,4,0,0,0.15643176436424255,1,0,current_wafer,wafer,3.0,-0.7736800312995911,0.7736800312995911
9,9,3,4,0,0,0.15643176436424255,1,0,current_mean_si_etch,mean_si_etch,44.198883146067416,-0.42138758301734924,0.42138758301734924
9,9,3,4,0,0,0.15643176436424255,1,0,current_std_si_etch,std_si_etch,3.7333308124014857,-0.4742791950702667,0.4742791950702667
9,9,3,4,0,0,0.15643176436424255,1,0,current_cv_si_etch,cv_si_etch,0.0844666323369227,-0.040294207632541656,0.040294207632541656
9,9,3,4,0,0,0.15643176436424255,1,0,conditioning_count,conditioning_count,3.0,-0.018708135932683945,0.018708135932683945
9,9,3,4,0,0,0.15643176436424255,1,0,current_Heater2Temp_mean,Heater2Temp_mean,55.014725391907376,-0.09855342656373978,0.09855342656373978
9,9,3,4,0,0,0.15643176436424255,1,0,current_Gas7Flow_min,Gas7Flow_min,1.950000047683716,-0.08275239914655685,0.08275239914655685
9,9,3,4,0,0,0.15643176436424255,1,0,current_HeliumBPPressure_min,HeliumBPPressure_min,0.0054933317005634,0.4573197364807129,0.4573197364807129
9,9,3,4,0,0,0.15643176436424255,1,0,current_HeliumBPFlow_mean,HeliumBPFlow_mean,1.340795273694611,0.31063467264175415,0.31063467264175415
9,9,3,4,0,0,0.15643176436424255,1,0,current_Gas7Flow_mean,Gas7Flow_mean,2.101139835568026,-0.12192825973033905,0.12192825973033905
9,9,3,4,0,0,0.15643176436424255,1,0,current_PlatenRFReflectedPower_std,PlatenRFReflectedPower_std,8.012221544251453,-0.24441145360469818,0.24441145360469818
9,9,3,4,0,0,0.15643176436424255,1,0,current_HeliumBPFlow_min,HeliumBPFlow_min,0.1184118166565895,-0.006794878281652927,0.006794878281652927
9,9,3,4,0,0,0.15643176436424255,1,0,current_HeliumBPFlow_max,HeliumBPFlow_max,9.11771011352539,-0.03462861478328705,0.03462861478328705
9,9,3,4,0,0,0.15643176436424255,1,0,current_Gas7Flow_max,Gas7Flow_max,2.2300000190734863,-0.012670849449932575,0.012670849449932575
9,9,3,4,0,0,0.15643176436424255,1,0,current_SourceRFReflectedPower_mean,SourceRFReflectedPower_mean,136.4930104725453,-0.224803164601326,0.224803164601326
9,9,3,4,0,0,0.15643176436424255,1,0,conditioning_surface_Chuck,conditioning_surface_Chuck,1.0,0.009841539897024632,0.009841539897024632
9,9,3,4,0,0,0.15643176436424255,1,0,conditioning_surface_Si,conditioning_surface_Si,0.0,0.0,0.0
9,9,3,4,0,0,0.15643176436424255,1,0,conditioning_surface_SiO2,conditioning_surface_SiO2,0.0,0.08715088665485382,0.08715088665485382
9,9,4,5,0,0,0.15841898322105408,1,0,current_wafer,wafer,4.0,-0.8578788042068481,0.8578788042068481
9,9,4,5,0,0,0.15841898322105408,1,0,current_mean_si_etch,mean_si_etch,43.97901235955056,-0.33957651257514954,0.33957651257514954
9,9,4,5,0,0,0.15841898322105408,1,0,current_std_si_etch,std_si_etch,3.6845254736354094,-0.48312222957611084,0.48312222957611084
9,9,4,5,0,0,0.15841898322105408,1,0,current_cv_si_etch,cv_si_etch,0.0837791772928541,-0.040294207632541656,0.040294207632541656
9,9,4,5,0,0,0.15841898322105408,1,0,conditioning_count,conditioning_count,3.0,-0.018708135932683945,0.018708135932683945
9,9,4,5,0,0,0.15841898322105408,1,0,current_Heater2Temp_mean,Heater2Temp_mean,55.00733189045171,-0.08102303743362427,0.08102303743362427
9,9,4,5,0,0,0.15841898322105408,1,0,current_Gas7Flow_min,Gas7Flow_min,1.919999957084656,0.06608717888593674,0.06608717888593674
9,9,4,5,0,0,0.15841898322105408,1,0,current_HeliumBPPressure_min,HeliumBPPressure_min,0.0079348124563694,0.4050096571445465,0.4050096571445465
9,9,4,5,0,0,0.15841898322105408,1,0,current_HeliumBPFlow_mean,HeliumBPFlow_mean,1.307071095703196,-0.41701632738113403,0.41701632738113403
9,9,4,5,0,0,0.15841898322105408,1,0,current_Gas7Flow_mean,Gas7Flow_mean,2.1102864896891225,-0.1293548345565796,0.1293548345565796
9,9,4,5,0,0,0.15841898322105408,1,0,current_PlatenRFReflectedPower_std,PlatenRFReflectedPower_std,7.687087971288843,0.3707054555416107,0.3707054555416107
9,9,4,5,0,0,0.15841898322105408,1,0,current_HeliumBPFlow_min,HeliumBPFlow_min,0.1196325570344924,-0.006794878281652927,0.006794878281652927
9,9,4,5,0,0,0.15841898322105408,1,0,current_HeliumBPFlow_max,HeliumBPFlow_max,9.519333839416504,-0.018750961869955063,0.018750961869955063
9,9,4,5,0,0,0.15841898322105408,1,0,current_Gas7Flow_max,Gas7Flow_max,2.220000028610229,-0.021651124581694603,0.021651124581694603
9,9,4,5,0,0,0.15841898322105408,1,0,current_SourceRFReflectedPower_mean,SourceRFReflectedPower_mean,136.0431587154336,-0.1995869278907776,0.1995869278907776
9,9,4,5,0,0,0.15841898322105408,1,0,conditioning_surface_Chuck,conditioning_surface_Chuck,1.0,0.009841539897024632,0.009841539897024632
9,9,4,5,0,0,0.15841898322105408,1,0,conditioning_surface_Si,conditioning_surface_Si,0.0,0.0,0.0
9,9,4,5,0,0,0.15841898322105408,1,0,conditioning_surface_SiO2,conditioning_surface_SiO2,0.0,0.08715088665485382,0.08715088665485382
9,9,5,6,1,1,0.6086789965629578,1,1,current_wafer,wafer,5.0,0.08680197596549988,0.08680197596549988
9,9,5,6,1,1,0.6086789965629578,1,1,current_mean_si_etch,mean_si_etch,43.78194831460674,-0.008162789978086948,0.008162789978086948
9,9,5,6,1,1,0.6086789965629578,1,1,current_std_si_etch,std_si_etch,3.6411057775986007,-0.4475061595439911,0.4475061595439911
9,9,5,6,1,1,0.6086789965629578,1,1,current_cv_si_etch,cv_si_etch,0.0831645442417152,-0.040294207632541656,0.040294207632541656
9,9,5,6,1,1,0.6086789965629578,1,1,conditioning_count,conditioning_count,3.0,-0.018708135932683945,0.018708135932683945
9,9,5,6,1,1,0.6086789965629578,1,1,current_Heater2Temp_mean,Heater2Temp_mean,55.01176817183574,-0.10260556638240814,0.10260556638240814
9,9,5,6,1,1,0.6086789965629578,1,1,current_Gas7Flow_min,Gas7Flow_min,1.950000047683716,-0.17573747038841248,0.17573747038841248
9,9,5,6,1,1,0.6086789965629578,1,1,current_HeliumBPPressure_min,HeliumBPPressure_min,0.0122074037790298,0.42337971925735474,0.42337971925735474
9,9,5,6,1,1,0.6086789965629578,1,1,current_HeliumBPFlow_mean,HeliumBPFlow_mean,1.3580582550280966,0.4068260192871094,0.4068260192871094
9,9,5,6,1,1,0.6086789965629578,1,1,current_Gas7Flow_mean,Gas7Flow_mean,2.113006763449438,-0.13682003319263458,0.13682003319263458
9,9,5,6,1,1,0.6086789965629578,1,1,current_PlatenRFReflectedPower_std,PlatenRFReflectedPower_std,7.646688119069166,0.35465824604034424,0.35465824604034424
9,9,5,6,1,1,0.6086789965629578,1,1,current_HeliumBPFlow_min,HeliumBPFlow_min,0.1232947781682014,0.019126256927847862,0.019126256927847862
9,9,5,6,1,1,0.6086789965629578,1,1,current_HeliumBPFlow_max,HeliumBPFlow_max,9.504684448242188,-0.005031244829297066,0.005031244829297066
9,9,5,6,1,1,0.6086789965629578,1,1,current_Gas7Flow_max,Gas7Flow_max,2.240000009536743,-0.03225995972752571,0.03225995972752571
9,9,5,6,1,1,0.6086789965629578,1,1,current_SourceRFReflectedPower_mean,SourceRFReflectedPower_mean,139.3863363802727,-0.03961753100156784,0.03961753100156784
9,9,5,6,1,1,0.6086789965629578,1,1,conditioning_surface_Chuck,conditioning_surface_Chuck,1.0,0.009841539897024632,0.009841539897024632
9,9,5,6,1,1,0.6086789965629578,1,1,conditioning_surface_Si,conditioning_surface_Si,0.0,0.0,0.0
9,9,5,6,1,1,0.6086789965629578,1,1,conditioning_surface_SiO2,conditioning_surface_SiO2,0.0,0.1429479867219925,0.1429479867219925
9,9,6,7,1,1,0.862527072429657,0,0,current_wafer,wafer,6.0,0.726530909538269,0.726530909538269
9,9,6,7,1,1,0.862527072429657,0,0,current_mean_si_etch,mean_si_etch,43.35196179775281,0.3159918487071991,0.3159918487071991
9,9,6,7,1,1,0.862527072429657,0,0,current_std_si_etch,std_si_etch,3.586823470879388,-0.037348147481679916,0.037348147481679916
9,9,6,7,1,1,0.862527072429657,0,0,current_cv_si_etch,cv_si_etch,0.0827372815932245,-0.020074397325515747,0.020074397325515747
9,9,6,7,1,1,0.862527072429657,0,0,conditioning_count,conditioning_count,3.0,-0.018708135932683945,0.018708135932683945
9,9,6,7,1,1,0.862527072429657,0,0,current_Heater2Temp_mean,Heater2Temp_mean,55.00770170143549,-0.08117978274822235,0.08117978274822235
9,9,6,7,1,1,0.862527072429657,0,0,current_Gas7Flow_min,Gas7Flow_min,1.9800000190734863,-0.17501261830329895,0.17501261830329895
9,9,6,7,1,1,0.862527072429657,0,0,current_HeliumBPPressure_min,HeliumBPPressure_min,0.0097659230232238,0.42394644021987915,0.42394644021987915
9,9,6,7,1,1,0.862527072429657,0,0,current_HeliumBPFlow_mean,HeliumBPFlow_mean,1.3605340324735338,0.42691484093666077,0.42691484093666077
9,9,6,7,1,1,0.862527072429657,0,0,current_Gas7Flow_mean,Gas7Flow_mean,2.118984222122942,-0.17828361690044403,0.17828361690044403
9,9,6,7,1,1,0.862527072429657,0,0,current_PlatenRFReflectedPower_std,PlatenRFReflectedPower_std,7.657618963694981,0.3603180944919586,0.3603180944919586
9,9,6,7,1,1,0.862527072429657,0,0,current_HeliumBPFlow_min,HeliumBPFlow_min,0.1208532974123954,0.036492180079221725,0.036492180079221725
9,9,6,7,1,1,0.862527072429657,0,0,current_HeliumBPFlow_max,HeliumBPFlow_max,9.327676773071287,-0.02898440882563591,0.02898440882563591
9,9,6,7,1,1,0.862527072429657,0,0,current_Gas7Flow_max,Gas7Flow_max,2.220000028610229,-0.03225995972752571,0.03225995972752571
9,9,6,7,1,1,0.862527072429657,0,0,current_SourceRFReflectedPower_mean,SourceRFReflectedPower_mean,139.18548471123216,-0.03961753100156784,0.03961753100156784
9,9,6,7,1,1,0.862527072429657,0,0,conditioning_surface_Chuck,conditioning_surface_Chuck,1.0,0.009841539897024632,0.009841539897024632
9,9,6,7,1,1,0.862527072429657,0,0,conditioning_surface_Si,conditioning_surface_Si,0.0,0.0,0.0
9,9,6,7,1,1,0.862527072429657,0,0,conditioning_surface_SiO2,conditioning_surface_SiO2,0.0,0.1429479867219925,0.1429479867219925
9,9,7,8,1,1,0.8411231637001038,0,0,current_wafer,wafer,7.0,0.7320145964622498,0.7320145964622498
9,9,7,8,1,1,0.8411231637001038,0,0,current_mean_si_etch,mean_si_etch,43.514860674157305,0.04021069034934044,0.04021069034934044
9,9,7,8,1,1,0.8411231637001038,0,0,current_std_si_etch,std_si_etch,3.590227219088776,-0.0994490534067154,0.0994490534067154
9,9,7,8,1,1,0.8411231637001038,0,0,current_cv_si_etch,cv_si_etch,0.0825057730501007,-0.020074397325515747,0.020074397325515747
9,9,7,8,1,1,0.8411231637001038,0,0,conditioning_count,conditioning_count,3.0,-0.018708135932683945,0.018708135932683945
9,9,7,8,1,1,0.8411231637001038,0,0,current_Heater2Temp_mean,Heater2Temp_mean,55.01044365277058,-0.0886501595377922,0.0886501595377922
9,9,7,8,1,1,0.8411231637001038,0,0,current_Gas7Flow_min,Gas7Flow_min,1.9700000286102293,-0.1860526204109192,0.1860526204109192
9,9,7,8,1,1,0.8411231637001038,0,0,current_HeliumBPPressure_min,HeliumBPPressure_min,0.0109866634011268,0.42394644021987915,0.42394644021987915
9,9,7,8,1,1,0.8411231637001038,0,0,current_HeliumBPFlow_mean,HeliumBPFlow_mean,1.3312128745432592,0.43463581800460815,0.43463581800460815
9,9,7,8,1,1,0.8411231637001038,0,0,current_Gas7Flow_mean,Gas7Flow_mean,2.112507684834563,-0.17828361690044403,0.17828361690044403
9,9,7,8,1,1,0.8411231637001038,0,0,current_PlatenRFReflectedPower_std,PlatenRFReflectedPower_std,7.578572986192772,0.3603180944919586,0.3603180944919586
9,9,7,8,1,1,0.8411231637001038,0,0,current_HeliumBPFlow_min,HeliumBPFlow_min,0.1220740377902984,0.036492180079221725,0.036492180079221725
9,9,7,8,1,1,0.8411231637001038,0,0,current_HeliumBPFlow_max,HeliumBPFlow_max,9.293496131896973,-0.02898440882563591,0.02898440882563591
9,9,7,8,1,1,0.8411231637001038,0,0,current_Gas7Flow_max,Gas7Flow_max,2.220000028610229,-0.03225995972752571,0.03225995972752571
9,9,7,8,1,1,0.8411231637001038,0,0,current_SourceRFReflectedPower_mean,SourceRFReflectedPower_mean,140.16113614450248,0.12820236384868622,0.12820236384868622
9,9,7,8,1,1,0.8411231637001038,0,0,conditioning_surface_Chuck,conditioning_surface_Chuck,1.0,0.009841539897024632,0.009841539897024632
9,9,7,8,1,1,0.8411231637001038,0,0,conditioning_surface_Si,conditioning_surface_Si,0.0,0.0,0.0
9,9,7,8,1,1,0.8411231637001038,0,0,conditioning_surface_SiO2,conditioning_surface_SiO2,0.0,0.14848527312278748,0.14848527312278748
10,10,3,4,0,0,0.18900251388549805,1,0,current_wafer,wafer,3.0,-0.8088345527648926,0.8088345527648926
10,10,3,4,0,0,0.18900251388549805,1,0,current_mean_si_etch,mean_si_etch,44.15319438202248,-0.6522831916809082,0.6522831916809082
10,10,3,4,0,0,0.18900251388549805,1,0,current_std_si_etch,std_si_etch,3.6983499981674735,-0.3550903797149658,0.3550903797149658
10,10,3,4,0,0,0.18900251388549805,1,0,current_cv_si_etch,cv_si_etch,0.0837617764678268,-0.03741251304745674,0.03741251304745674
10,10,3,4,0,0,0.18900251388549805,1,0,conditioning_count,conditioning_count,3.0,0.0,0.0
10,10,3,4,0,0,0.18900251388549805,1,0,current_Heater2Temp_mean,Heater2Temp_mean,54.70887560263988,0.14120601117610931,0.14120601117610931
10,10,3,4,0,0,0.18900251388549805,1,0,current_Gas7Flow_min,Gas7Flow_min,1.9700000286102293,-0.057946883141994476,0.057946883141994476
10,10,3,4,0,0,0.18900251388549805,1,0,current_PlatenRFReflectedPower_std,PlatenRFReflectedPower_std,7.712885560377161,0.0476965606212616,0.0476965606212616
10,10,3,4,0,0,0.18900251388549805,1,0,current_Gas7Flow_mean,Gas7Flow_mean,2.110200288372892,-0.10570590198040009,0.10570590198040009
10,10,3,4,0,0,0.18900251388549805,1,0,current_HeliumBPFlow_mean,HeliumBPFlow_mean,1.378293010013864,0.5539516806602478,0.5539516806602478
10,10,3,4,0,0,0.18900251388549805,1,0,current_HeliumBPFlow_min,HeliumBPFlow_min,0.1269569993019104,0.15136468410491943,0.15136468410491943
10,10,3,4,0,0,0.18900251388549805,1,0,current_PlatenDcBias_min,PlatenDcBias_min,-47.02902221679688,0.028149574995040894,0.028149574995040894
10,10,3,4,0,0,0.18900251388549805,1,0,current_HeliumBPPressure_min,HeliumBPPressure_min,0.0036622211337089,-0.1879216730594635,0.1879216730594635
10,10,3,4,0,0,0.18900251388549805,1,0,current_HeliumBPFlow_max,HeliumBPFlow_max,9.195837020874023,0.028753433376550674,0.028753433376550674
10,10,3,4,0,0,0.18900251388549805,1,0,current_SourceRF2PeakToPeak_max,SourceRF2PeakToPeak_max,55.39109420776367,0.014787046238780022,0.014787046238780022
10,10,3,4,0,0,0.18900251388549805,1,0,conditioning_surface_Chuck,conditioning_surface_Chuck,0.0,-0.010959436185657978,0.010959436185657978
10,10,3,4,0,0,0.18900251388549805,1,0,conditioning_surface_Si,conditioning_surface_Si,0.0,-0.01041929330676794,0.01041929330676794
10,10,3,4,0,0,0.18900251388549805,1,0,conditioning_surface_SiO2,conditioning_surface_SiO2,1.0,-0.15538762509822845,0.15538762509822845
