process_group,process_date,lot_number,wafer_number,n_samples,n_process_signals,EpdIntensity_mean,EpdIntensity_std,EpdIntensity_min,EpdIntensity_max,ForeLinePressure_mean,ForeLinePressure_std,ForeLinePressure_min,ForeLinePressure_max,Gas1Flow_mean,Gas1Flow_std,Gas1Flow_min,Gas1Flow_max,Gas2Flow_mean,Gas2Flow_std,Gas2Flow_min,Gas2Flow_max,Gas3Flow_mean,Gas3Flow_std,Gas3Flow_min,Gas3Flow_max,Gas4Flow_mean,Gas4Flow_std,Gas4Flow_min,Gas4Flow_max,Gas5Flow_mean,Gas5Flow_std,Gas5Flow_min,Gas5Flow_max,Gas6Flow_mean,Gas6Flow_std,Gas6Flow_min,Gas6Flow_max,Gas7Flow_mean,Gas7Flow_std,Gas7Flow_min,Gas7Flow_max,Gas8Flow_mean,Gas8Flow_std,Gas8Flow_min,Gas8Flow_max,Heater1Temp_mean,Heater1Temp_std,Heater1Temp_min,Heater1Temp_max,Heater2Temp_mean,Heater2Temp_std,Heater2Temp_min,Heater2Temp_max,Heater3Temp_mean,Heater3Temp_std,Heater3Temp_min,Heater3Temp_max,Heater4Temp_mean,Heater4Temp_std,Heater4Temp_min,Heater4Temp_max,Heater5Temp_mean,Heater5Temp_std,Heater5Temp_min,Heater5Temp_max,Heater6Temp_mean,Heater6Temp_std,Heater6Temp_min,Heater6Temp_max,Heater7Temp_mean,Heater7Temp_std,Heater7Temp_min,Heater7Temp_max,Heater8Temp_mean,Heater8Temp_std,Heater8Temp_min,Heater8Temp_max,HeliumBPFlow_mean,HeliumBPFlow_std,HeliumBPFlow_min,HeliumBPFlow_max,HeliumBPPressure_mean,HeliumBPPressure_std,HeliumBPPressure_min,HeliumBPPressure_max,PlatenDcBias_mean,PlatenDcBias_std,PlatenDcBias_min,PlatenDcBias_max,PlatenRFLoadCapacitor_mean,PlatenRFLoadCapacitor_std,PlatenRFLoadCapacitor_min,PlatenRFLoadCapacitor_max,PlatenRFLoadPower_mean,PlatenRFLoadPower_std,PlatenRFLoadPower_min,PlatenRFLoadPower_max,PlatenRFPeakToPeak_mean,PlatenRFPeakToPeak_std,PlatenRFPeakToPeak_min,PlatenRFPeakToPeak_max,PlatenRFReflectedPower_mean,PlatenRFReflectedPower_std,PlatenRFReflectedPower_min,PlatenRFReflectedPower_max,PlatenRFTuningCapacitor_mean,PlatenRFTuningCapacitor_std,PlatenRFTuningCapacitor_min,PlatenRFTuningCapacitor_max,Pressure_mean,Pressure_std,Pressure_min,Pressure_max,SourceRF2LoadCapacitor_mean,SourceRF2LoadCapacitor_std,SourceRF2LoadCapacitor_min,SourceRF2LoadCapacitor_max,SourceRF2LoadPower_mean,SourceRF2LoadPower_std,SourceRF2LoadPower_min,SourceRF2LoadPower_max,SourceRF2PeakToPeak_mean,SourceRF2PeakToPeak_std,SourceRF2PeakToPeak_min,SourceRF2PeakToPeak_max,SourceRF2ReflectedPower_mean,SourceRF2ReflectedPower_std,SourceRF2ReflectedPower_min,SourceRF2ReflectedPower_max,SourceRF2TuningCapacitor_mean,SourceRF2TuningCapacitor_std,SourceRF2TuningCapacitor_min,SourceRF2TuningCapacitor_max,SourceRFLoadCapacitor_mean,SourceRFLoadCapacitor_std,SourceRFLoadCapacitor_min,SourceRFLoadCapacitor_max,SourceRFLoadPower_mean,SourceRFLoadPower_std,SourceRFLoadPower_min,SourceRFLoadPower_max,SourceRFPeakToPeak_mean,SourceRFPeakToPeak_std,SourceRFPeakToPeak_min,SourceRFPeakToPeak_max,SourceRFReflectedPower_mean,SourceRFReflectedPower_std,SourceRFReflectedPower_min,SourceRFReflectedPower_max,SourceRFTuningCapacitor_mean,SourceRFTuningCapacitor_std,SourceRFTuningCapacitor_min,SourceRFTuningCapacitor_max,ThermoCouple1Temp_mean,ThermoCouple1Temp_std,ThermoCouple1Temp_min,ThermoCouple1Temp_max,ThermoCouple2Temp_mean,ThermoCouple2Temp_std,ThermoCouple2Temp_min,ThermoCouple2Temp_max,ThermoCouple3Temp_mean,ThermoCouple3Temp_std,ThermoCouple3Temp_min,ThermoCouple3Temp_max,ThermoCouple4Temp_mean,ThermoCouple4Temp_std,ThermoCouple4Temp_min,ThermoCouple4Temp_max,attenuatorRatio_mean,attenuatorRatio_std,attenuatorRatio_min,attenuatorRatio_max,moriInnerCurrent_mean,moriInnerCurrent_std,moriInnerCurrent_min,moriInnerCurrent_max,moriOuterCurrent_mean,moriOuterCurrent_std,moriOuterCurrent_min,moriOuterCurrent_max
Day_2024_07_02_Wafer_01,2024-07-02,1,1,3245,44,18.659691411975444,119.71635110432389,0.12300000339746475,791.5909423828125,127.43974656985243,34.89874522276514,20.752586364746094,157.4755096435547,7.207149461201049,35.0349915975248,0.0,200.0,4.15832357656423,0.11407332177533164,3.6700000762939453,4.440000057220459,0.0,0.0,0.0,0.0,71.43391342596517,121.88954155938995,0.0,300.0199890136719,408.1156071789276,270.4895625932787,0.0,600.030029296875,0.0,0.0,0.0,0.0,2.00284128912792,0.03590814454657276,1.850000023841858,2.130000114440918,0.0,0.0,0.0,0.0,1371.0139565301786,0.03465396981510263,1371.0,1371.0999755859375,54.42363645321416,0.12486336366713097,54.20000076293945,54.70000076293945,10.162711891738587,0.04937353934764211,10.100000381469727,10.300000190734863,59.995253991125544,0.09808052298517403,59.70000076293945,60.20000076293945,0.0,0.0,0.0,0.0,0.0,0.0,0.0,0.0,0.0,0.0,0.0,0.0,0.0,0.0,0.0,0.0,1.6687306599504959,0.4330336028915907,0.0,9.458296775817871,14.378463729281547,2.9416066098725744,0.0,14.993133544921875,1.911248689660306,11.15972833903303,-32.074954986572266,30.42695426940918,86.07706086507012,14.047291051787674,7.861567974090576,94.56465148925781,40.96448268390767,22.987686031312016,0.0,80.29419708251953,520.5115468452818,230.63070930185245,0.0,976.3710327148438,3.3647996920340324,8.137334704547719,0.0,222.5257110595703,28.403409317498582,3.9310172726276003,14.267403602600098,50.065616607666016,0.04060548501177468,0.009191642471488522,0.0006000000284984708,0.07400000095367432,1.0,0.0,1.0,1.0,0.0,0.0,0.0,0.0,0.18452177238758247,3.1694812026143597,0.0,60.121463775634766,0.0,0.0,0.0,0.0,1.9436055469953775,0.23071740838947596,1.0,2.0,1.0,0.0,1.0,1.0,2587.1435492046808,708.7525433887411,0.0,2806.482177734375,3054.1706359016875,794.0651055277006,0.0,3383.4345703125,138.8562100766436,176.97305166144696,0.0,1000.0,3.0077041602465333,0.23213438696350816,1.0,4.0,0.0,0.0,0.0,0.0,0.0,0.0,0.0,0.0,0.0,0.0,0.0,0.0,0.0,0.0,0.0,0.0,1.0,0.0,1.0,1.0,9.823346474211094,1.3137501520188843,0.0,10.050966262817383,0.0,0.0,0.0,0.0
Day_2024_07_02_Wafer_02,2024-07-02,1,2,3298,44,0.12300000339746475,0.0,0.12300000339746475,0.12300000339746475,125.29893167066604,36.72257168586008,20.142215728759766,157.4755096435547,7.0468768955718355,34.60185750329107,0.0,200.0,3.973226222000099,0.1402306222662682,3.440000057220459,4.400000095367432,0.0,0.0,0.0,0.0,70.39368377980003,121.22366885262537,0.0,300.0,401.4825184211415,273.306110997328,0.0,600.010009765625,0.0,0.0,0.0,0.0,2.0399696421738898,0.037732153831394194,1.8799999952316284,2.1600000858306885,0.0,0.0,0.0,0.0,1371.0130350218171,0.03366921261911383,1371.0,1371.0999755859375,54.42683412726537,0.16385044624493855,54.099998474121094,54.70000076293945,10.155700487249037,0.04968123713125683,10.100000381469727,10.199999809265137,59.99939337291452,0.07846434673759183,59.79999923706055,60.20000076293945,0.0,0.0,0.0,0.0,0.0,0.0,0.0,0.0,0.0,0.0,0.0,0.0,0.0,0.0,0.0,0.0,1.67296250747362,0.4399563437877532,0.14160588383674622,9.9075288772583,14.388317295250168,2.920233078897958,0.004272591322660446,14.993133544921875,3.376524210699115,14.258217860691275,-32.074954986572266,35.34043502807617,85.08170768186639,18.654935566708538,0.0,93.25235748291016,40.261918338014546,23.344886384908907,0.0,80.29419708251953,514.4097683260555,239.3720349793854,0.0,979.2550659179688,3.2087880769589767,7.893905724749421,0.0,223.62437438964844,28.4468986095986,3.984142183214082,24.2133846282959,49.94354248046875,0.04036400816925751,0.009340586278252303,0.0006000000284984708,0.06919999420642853,1.0,0.0,1.0,1.0,0.0,0.0,0.0,0.0,0.07763805007703237,1.99344336978486,0.0,53.40739059448242,0.0,0.0,0.0,0.0,1.9445118253486962,0.22896535363045967,1.0,2.0,1.0,0.0,1.0,1.0,2534.1159806769138,789.8995213765295,0.0,2805.978515625,2993.2357922814845,880.1799864896548,0.0,3356.273193359375,137.38881595317318,184.8903047904784,0.0,1000.0,3.008186779866586,0.22759237339360525,1.0,4.0,0.0,0.0,0.0,0.0,0.0,0.0,0.0,0.0,0.0,0.0,0.0,0.0,0.0,0.0,0.0,0.0,1.0,0.0,1.0,1.0,9.82354087551989,1.3145651859699783,0.0,10.016724586486816,0.0,0.0,0.0,0.0
Day_2024_07_02_Wafer_03,2024-07-02,1,3,3247,44,0.12300000339746475,0.0,0.12300000339746475,0.12300000339746475,126.95352162571734,34.67152455163028,20.142215728759766,157.17031860351562,7.186208807923242,35.02596068480497,0.0,200.0,3.9778595943615405,0.12250043091654572,3.369999885559082,4.28000020980835,0.0,0.0,0.0,0.0,71.36342758812357,121.86035664220191,0.0,300.0,407.9979383897003,270.47255006683275,0.0,600.010009765625,0.0,0.0,0.0,0.0,2.045423429894161,0.04287634854533457,1.8799999952316284,2.1500000953674316,0.0,0.0,0.0,0.0,1371.0129010688352,0.033521640955539826,1371.0,1371.0999755859375,54.417831722831664,0.1719172136168051,54.099998474121094,54.70000076293945,10.155959408357395,0.049650953744501,10.100000381469727,10.199999809265137,60.00455773027266,0.08430823539936631,59.79999923706055,60.099998474121094,0.0,0.0,0.0,0.0,0.0,0.0,0.0,0.0,0.0,0.0,0.0,0.0,0.0,0.0,0.0,0.0,1.6764453597892275,0.44907736656656044,0.13794367015361786,9.966124534606934,14.374781262294757,2.951043121755817,0.004272591322660446,14.993743896484375,2.6535594920800727,13.896962897306446,-44.3739128112793,34.699546813964844,86.55485396286801,14.097557822634728,7.608264446258545,93.24320220947266,40.91268891175049,22.97718978440984,0.0,80.33997344970703,523.826398219187,230.44065170066355,0.0,982.6883544921875,3.1433829762739127,7.697233407552694,0.0,225.13504028320312,28.59905403990139,3.9547853881630686,24.24390411376953,50.132755279541016,0.0406221124236875,0.009166202358693185,0.0006000000284984708,0.07240000367164612,1.0,0.0,1.0,1.0,0.0,0.0,0.0,0.0,0.08224113118953252,2.094547661145745,0.0,53.865169525146484,0.0,0.0,0.0,0.0,1.9433323067446875,0.23124215491248842,1.0,2.0,1.0,0.0,1.0,1.0,2586.155744885679,710.1324980635804,0.0,2804.8037109375,3053.1964601940253,796.9990078826654,0.0,3362.22412109375,138.2368000484395,176.07123930907565,0.0,1000.0,3.007699414844472,0.23206294070802863,1.0,4.0,0.0,0.0,0.0,0.0,0.0,0.0,0.0,0.0,0.0,0.0,0.0,0.0,0.0,0.0,0.0,0.0,1.0,0.0,1.0,1.0,9.821377523062154,1.324750474951571,0.0,10.026795387268066,0.0,0.0,0.0,0.0
Day_2024_07_02_Wafer_04,2024-07-02,1,4,3247,44,0.12300000339746475,0.0,0.12300000339746475,0.12300000339746475,126.69260565567134,34.64471548476969,20.44740104675293,156.86514282226562,7.2275700649463985,35.01670862169529,0.0,200.0,3.991478313473066,0.12666039183741146,3.359999895095825,4.289999961853027,0.0,0.0,0.0,0.0,71.41886954508323,121.87244550458125,0.0,300.010009765625,407.8813170108836,270.6511997295395,0.0,600.010009765625,0.0,0.0,0.0,0.0,2.0520603166274154,0.037411259546663106,1.9199999570846558,2.140000104904175,0.0,0.0,0.0,0.0,1371.011854204061,0.03232538719153724,1371.0,1371.0999755859375,54.432245159942184,0.17960837011983646,54.20000076293945,54.79999923706055,10.199999809265137,0.0,10.199999809265137,10.199999809265137,60.003356697451416,0.08651007353737432,59.70000076293945,60.20000076293945,0.0,0.0,0.0,0.0,0.0,0.0,0.0,0.0,0.0,0.0,0.0,0.0,0.0,0.0,0.0,0.0,1.615242167265554,0.42625546148871246,0.14526811242103577,9.723196983337402,14.374704564354504,2.950998356843539,0.0,14.993133544921875,3.4489863286724742,12.806949850260407,-95.919677734375,35.46250915527344,86.35268365106914,14.03746953529123,6.933805465698242,92.7243881225586,40.91760926324476,22.99576383038159,0.0,80.15686798095703,526.4545095553573,229.26394932027793,0.0,980.9030151367188,3.213466527177383,7.675505811409587,0.0,221.79327392578125,28.662895691369105,3.917933630626661,24.23474884033203,50.068668365478516,0.040581182255041086,0.009239758849415238,0.0006000000284984708,0.07249999791383743,1.0,0.0,1.0,1.0,0.0,0.0,0.0,0.0,0.049156698844305804,1.6177658319627457,0.0,54.93331527709961,0.0,0.0,0.0,0.0,1.9433323067446875,0.23124215491248842,1.0,2.0,1.0,0.0,1.0,1.0,2585.960029961551,709.9908985539009,0.0,2806.64990234375,3049.1269319591283,795.9866514584866,0.0,3360.087890625,135.95313762347487,176.0271827279295,0.0,1000.0,3.007699414844472,0.23206294070802863,1.0,4.0,0.0,0.0,0.0,0.0,0.0,0.0,0.0,0.0,0.0,0.0,0.0,0.0,0.0,0.0,0.0,0.0,1.0,0.0,1.0,1.0,9.820791944122549,1.3246657109283628,0.0,10.022767066955566,0.0,0.0,0.0,0.0
Day_2024_07_02_Wafer_05,2024-07-02,1,5,3298,44,0.12300000339746475,0.0,0.12300000339746475,0.12300000339746475,124.94266646034144,36.69897906912593,20.44740104675293,156.55995178222656,7.152380231108229,34.75206058187872,0.0,200.0,4.059784738348064,0.1091082971332295,3.6600000858306885,4.340000152587891,0.0,0.0,0.0,0.0,70.36819557242633,121.21649811950678,0.0,300.0,401.20762152560485,273.45882966079887,0.0,600.010009765625,0.0,0.0,0.0,0.0,2.0565311846550918,0.037587679337762255,1.940000057220459,2.190000057220459,0.0,0.0,0.0,0.0,1371.014762920058,0.035473501794987365,1371.0,1371.0999755859375,54.412735260638996,0.21730238415329625,54.0,54.70000076293945,10.197877331890432,0.019896102690272244,10.100000381469727,10.300000190734863,60.00788324192989,0.08329487617064692,59.79999923706055,60.20000076293945,0.0,0.0,0.0,0.0,0.0,0.0,0.0,0.0,0.0,0.0,0.0,0.0,0.0,0.0,0.0,0.0,1.6145042939040428,0.44234430823987547,0.13916440308094025,10.022278785705566,14.384122248428374,2.928864869325886,0.0048829615116119385,14.993743896484375,2.465549480271672,12.319752942936304,-85.26871490478516,40.162357330322266,84.49049533997578,18.519005259895152,0.0,92.94412231445312,40.260585808623844,23.356091218486853,0.0,80.20264434814453,515.2810932712312,239.69757666872525,0.0,981.8643798828125,3.388887075525457,8.06046530712927,0.0,222.20526123046875,28.648053325400923,3.909125644983802,24.26526641845703,50.065616607666016,0.0403852936821417,0.009291771729509096,0.0006000000284984708,0.06560000032186508,1.0,0.0,1.0,1.0,0.0,0.0,0.0,0.0,0.0786559508018887,2.0197406022676514,0.0,54.780723571777344,0.0,0.0,0.0,0.0,1.9442086112795633,0.22955323442652859,1.0,2.0,1.0,0.0,1.0,1.0,2533.27407444109,791.1345848835641,0.0,2804.6357421875,2992.818267396611,881.9880940564809,0.0,3361.766357421875,139.7947628842006,185.69383878949228,0.0,1000.0,3.00758035172832,0.23026306065553448,1.0,4.0,0.0,0.0,0.0,0.0,0.0,0.0,0.0,0.0,0.0,0.0,0.0,0.0,0.0,0.0,0.0,0.0,1.0,0.0,1.0,1.0,9.824302455596738,1.3146701681379096,0.0,10.020752906799316,0.0,0.0,0.0,0.0
Day_2024_07_02_Wafer_06,2024-07-02,1,6,3246,44,0.12300000339746475,0.0,0.12300000339746475,0.12300000339746475,126.8747326127556,34.74945342798666,20.44740104675293,156.86514282226562,7.235705492448794,35.023526029176345,0.0,200.0,3.885536060095274,0.12187218576458819,3.5399999618530273,4.289999961853027,0.0,0.0,0.0,0.0,71.33459924382645,121.84185669993491,0.0,300.0,407.99506637760686,270.5495535421879,0.0,600.030029296875,0.0,0.0,0.0,0.0,2.0660781997702995,0.03790903536176551,1.9199999570846558,2.1700000762939453,0.0,0.0,0.0,0.0,1371.0133670376763,0.03403022908910515,1371.0,1371.0999755859375,54.41275388608358,0.23920309871589618,54.099998474121094,54.79999923706055,10.166882319870512,0.048042633670435375,10.100000381469727,10.300000190734863,60.003758248912646,0.07939250740414296,59.79999923706055,60.20000076293945,0.0,0.0,0.0,0.0,0.0,0.0,0.0,0.0,0.0,0.0,0.0,0.0,0.0,0.0,0.0,0.0,1.6322005914222364,0.43520898921080087,0.13183996081352234,9.853816032409668,14.374557292878453,2.951042571738416,0.006714072078466415,14.993133544921875,3.2857885772037565,11.37732633572118,-53.68205642700195,31.8002872467041,86.30184508515815,14.014744120745306,7.193212509155273,92.7854232788086,40.910386265315765,22.963039994478777,0.0,79.927978515625,528.3508773493459,231.1198080136227,0.0,981.5210571289062,3.3078030892467045,7.688754291383107,0.0,224.036376953125,28.74833808823713,3.9069170263425677,24.27136993408203,50.151065826416016,0.040601262581883,0.009253890661157163,0.0006000000284984708,0.0731000006198883,1.0,0.0,1.0,1.0,0.0,0.0,0.0,0.0,0.16448592669568676,2.9622787964227415,0.0,56.61183547973633,0.0,0.0,0.0,0.0,1.9433148490449785,0.2312756426289389,1.0,2.0,1.0,0.0,1.0,1.0,2586.814399347875,708.4745017470012,0.0,2806.482177734375,3050.8143422989956,793.1934185723808,0.0,3359.4775390625,140.05827949056774,177.41974710626343,0.0,1000.0,3.007701786814541,0.23209865558836837,1.0,4.0,0.0,0.0,0.0,0.0,0.0,0.0,0.0,0.0,0.0,0.0,0.0,0.0,0.0,0.0,0.0,0.0,1.0,0.0,1.0,1.0,9.820928900607633,1.3248917627379262,0.0,10.026795387268066,0.0,0.0,0.0,0.0
Day_2024_07_02_Wafer_07,2024-07-02,1,7,3247,44,0.12300000339746475,0.0,0.12300000339746475,0.12300000339746475,126.68847012615292,34.58578422636772,20.142215728759766,156.55995178222656,7.23530950878661,35.01929377004458,0.0,200.0,4.032901171137085,0.10787173532793427,3.509999990463257,4.309999942779541,0.0,0.0,0.0,0.0,71.45732332725785,121.89176476999228,0.0,300.010009765625,407.87664148763105,270.6954383505347,0.0,600.02001953125,0.0,0.0,0.0,0.0,2.0480258294828935,0.0394877872394564,1.8799999952316284,2.1600000858306885,0.0,0.0,0.0,0.0,1371.0112076111122,0.03154652808570663,1371.0,1371.0999755859375,54.4083149049111,0.2320286673091016,54.0,54.70000076293945,10.198151960276,0.013469416111520112,10.100000381469727,10.199999809265137,60.00671368508769,0.07019312836913984,59.79999923706055,60.099998474121094,0.0,0.0,0.0,0.0,0.0,0.0,0.0,0.0,0.0,0.0,0.0,0.0,0.0,0.0,0.0,0.0,1.6254645058484234,0.43571952625105326,0.13916440308094025,9.98809814453125,14.37467166370806,2.9506513515335357,0.0079348124563694,14.993743896484375,2.7920911587455803,10.463529272524918,-51.14902114868164,33.69243621826172,86.23823317300733,14.080044223339575,6.054872512817383,92.7915267944336,40.89843535474678,22.99300277167458,0.0,79.927978515625,527.2426431019709,230.79730911103445,0.0,982.82568359375,3.36006251982094,7.685988508944101,0.0,221.06082153320312,28.756192871413305,3.876970668447023,24.24390411376953,50.05645751953125,0.040598244013296036,0.00923029419767893,0.0006000000284984708,0.07459999620914459,1.0,0.0,1.0,1.0,0.0,0.0,0.0,0.0,0.11513758601502047,2.478457720121586,0.0,56.154056549072266,0.0,0.0,0.0,0.0,1.9433323067446875,0.23124215491248842,1.0,2.0,1.0,0.0,1.0,1.0,2585.9851534990007,710.0429994907378,0.0,2804.6357421875,3047.738751598531,795.4577605124409,0.0,3357.799072265625,137.5531835876839,176.3362589777193,0.0,1000.0,3.007699414844472,0.23206294070802863,1.0,4.0,0.0,0.0,0.0,0.0,0.0,0.0,0.0,0.0,0.0,0.0,0.0,0.0,0.0,0.0,0.0,0.0,1.0,0.0,1.0,1.0,9.821469333085934,1.324759169851156,0.0,10.032837867736816,0.0,0.0,0.0,0.0
Day_2024_07_02_Wafer_08,2024-07-02,1,8,3298,44,0.12300000339746475,0.0,0.12300000339746475,0.12300000339746475,124.838933172625,36.64838500884846,20.142215728759766,156.25477600097656,7.113511236391854,34.76039738350256,0.0,200.0,4.082498505666373,0.09831704090649075,3.5199999809265137,4.369999885559082,0.0,0.0,0.0,0.0,70.43594865679623,121.22689845082553,0.0,300.010009765625,401.0275548290147,273.59245668546146,0.0,600.02001953125,0.0,0.0,0.0,0.0,2.0187022251169053,0.031226277052182793,1.8899999856948853,2.119999885559082,0.0,0.0,0.0,0.0,1371.0162786202693,0.03691726381418252,1371.0,1371.0999755859375,54.40539704734011,0.2415476503203535,54.0,54.79999923706055,10.173195843265734,0.0453157346311883,10.100000381469727,10.300000190734863,60.0018493381683,0.08205422712335478,59.79999923706055,60.099998474121094,0.0,0.0,0.0,0.0,0.0,0.0,0.0,0.0,0.0,0.0,0.0,0.0,0.0,0.0,0.0,0.0,1.6182242562783133,0.4261354761289155,0.13306070864200592,9.758598327636719,14.384275117986189,2.9286747392215706,0.009765923023223877,14.993133544921875,3.1800786539451362,9.974507364394675,-66.37776184082031,33.845027923583984,84.43426906691131,18.4742469890502,0.0,92.6419906616211,40.24076448548122,23.34842108526242,0.0,79.927978515625,517.4325787328531,238.59280134831133,0.0,981.7957153320312,3.3357526698325386,7.778438055248354,0.0,224.53993225097656,28.698405199299586,3.8643727743900036,24.23780059814453,49.96490478515625,0.04037643975169206,0.009355435816097402,0.0006000000284984708,0.06930000334978104,1.0,0.0,1.0,1.0,0.0,0.0,0.0,0.0,0.11326457082032435,2.4577366768374773,0.0,56.61183547973633,0.0,0.0,0.0,0.0,1.9442086112795633,0.22955323442652859,1.0,2.0,1.0,0.0,1.0,1.0,2533.1265275260043,791.1008503269226,0.0,2804.8037109375,2989.8329499975125,880.9877792422564,0.0,3353.83154296875,139.73749220896943,186.22010781941637,0.0,1000.0,3.00758035172832,0.23026306065553448,1.0,4.0,0.0,0.0,0.0,0.0,0.0,0.0,0.0,0.0,0.0,0.0,0.0,0.0,0.0,0.0,0.0,0.0,1.0,0.0,1.0,1.0,9.823492633421685,1.3145553625404702,0.0,10.016724586486816,0.0,0.0,0.0,0.0
Day_2024_07_02_Wafer_09,2024-07-02,1,9,3246,44,0.12300000339746475,0.0,0.12300000339746475,0.12300000339746475,126.95549475022914,34.64317400677823,20.142215728759766,156.86514282226562,7.186266182301519,35.03236251248069,0.0,200.0,4.064054244988066,0.10268360942828098,3.5799999237060547,4.349999904632568,0.0,0.0,0.0,0.0,71.42251036118186,121.81905462325186,0.0,300.0,407.9444008690023,270.5483153952495,0.0,600.030029296875,0.0,0.0,0.0,0.0,2.0772950798364898,0.04085168045265832,1.909999966621399,2.190000057220459,0.0,0.0,0.0,0.0,1371.012073453385,0.03258234723536621,1371.0,1371.0999755859375,54.41333924703075,0.24983985071083548,54.0,54.79999923706055,10.121442033270592,0.0432415070523441,10.0,10.300000190734863,60.01417096573412,0.08205329286161771,59.70000076293945,60.20000076293945,0.0,0.0,0.0,0.0,0.0,0.0,0.0,0.0,0.0,0.0,0.0,0.0,0.0,0.0,0.0,0.0,1.58673647472558,0.43023563787560704,0.13306070864200592,9.9002046585083,14.374600360116068,2.9510584322484066,0.005493331700563431,14.993743896484375,2.603324759395785,9.74895020038958,-66.19464874267578,32.04443359375,86.10614861166925,13.945964928022073,7.300027370452881,92.57179260253906,40.92691475274162,22.976858331294935,0.0,79.8822021484375,527.7124635763397,230.09197916781147,0.0,983.2377319335938,3.2844629218607904,7.487761861836691,0.0,223.30393981933594,28.767588469692754,3.849457099760841,24.23474884033203,50.074771881103516,0.040644053747733735,0.00915699374037686,0.0006000000284984708,0.07830000668764114,1.0,0.0,1.0,1.0,0.0,0.0,0.0,0.0,0.0637447618072002,1.8155887114400393,0.0,52.949615478515625,0.0,0.0,0.0,0.0,1.9433148490449785,0.2312756426289389,1.0,2.0,1.0,0.0,1.0,1.0,2586.7569478822943,708.5178136751676,0.0,2805.642822265625,3050.2327897782247,792.8259896439882,0.0,3358.104248046875,140.025692523258,177.41396361698816,0.0,1000.0,3.007701786814541,0.23209865558836837,1.0,4.0,0.0,0.0,0.0,0.0,0.0,0.0,0.0,0.0,0.0,0.0,0.0,0.0,0.0,0.0,0.0,0.0,1.0,0.0,1.0,1.0,9.821466256128147,1.3249700060598946,0.0,10.024781227111816,0.0,0.0,0.0,0.0
Day_2024_07_02_Wafer_10,2024-07-02,1,10,3247,44,0.12300000339746475,0.0,0.12300000339746475,0.12300000339746475,126.65613760212439,34.65870002530616,19.53184700012207,157.17031860351562,7.242211271297677,35.01668627936074,0.0,200.0,4.037468455041193,0.11316564213573357,3.5299999713897705,4.300000190734863,0.0,0.0,0.0,0.0,71.31986410785518,121.84128075255639,0.0,300.0,407.9258349162085,270.5768904487482,0.0,600.030029296875,0.0,0.0,0.0,0.0,2.069026743884743,0.0383939868014847,1.909999966621399,2.1700000762939453,0.0,0.0,0.0,0.0,1371.0143174152945,0.03502543964634974,1371.0,1371.0999755859375,54.40046189181578,0.23577831444146685,54.0,54.79999923706055,10.130489889790471,0.04604319896832965,10.100000381469727,10.199999809265137,59.99790557494779,0.07959667110614053,59.79999923706055,60.20000076293945,0.0,0.0,0.0,0.0,0.0,0.0,0.0,0.0,0.0,0.0,0.0,0.0,0.0,0.0,0.0,0.0,1.6088497280973562,0.43584252015298697,0.13306070864200592,10.052797317504883,14.374621288703475,2.9508621220375324,0.0024414807558059692,14.993743896484375,2.8596134737964625,8.88035000472889,-31.8308048248291,29.602954864501953,85.97767066074438,13.966621432507678,7.38853120803833,92.90750122070312,40.88191193068692,22.972228916646326,0.0,79.927978515625,525.6392652854062,231.6057146999717,0.0,982.3450317382812,3.323885823529722,7.568695893275702,0.0,222.80038452148438,28.790488819654517,3.907247890080335,24.26831817626953,50.117496490478516,0.04060603588769166,0.009295385787479366,0.0006000000284984708,0.07800000160932541,1.0,0.0,1.0,1.0,0.0,0.0,0.0,0.0,0.08242911105894624,2.0998795094090514,0.0,56.00146484375,0.0,0.0,0.0,0.0,1.9433323067446875,0.23124215491248842,1.0,2.0,1.0,0.0,1.0,1.0,2585.9392986103758,710.0096541255325,0.0,2805.810791015625,3047.708437370674,795.3861027514112,0.0,3381.29833984375,139.16477151629712,177.16086272289732,0.0,1000.0,3.007083461656914,0.2347223949806454,1.0,4.0,0.0,0.0,0.0,0.0,0.0,0.0,0.0,0.0,0.0,0.0,0.0,0.0,0.0,0.0,0.0,0.0,1.0,0.0,1.0,1.0,9.82106488148249,1.3247060753830884,0.0,10.018738746643066,0.0,0.0,0.0,0.0
Day_2024_07_05_Wafer_01,2024-07-05,2,1,3245,31,18.531941387899945,118.89129735558797,0.12300000339746475,786.1363525390625,127.43805350728321,34.95325879194133,19.53184700012207,157.4755096435547,7.197405238246376,35.04205561927872,0.0,200.0,4.080289696838896,0.11455391886678906,3.640000104904175,4.409999847412109,0.0,0.0,0.0,0.0,71.33057002953049,121.8505168293627,0.0,300.010009765625,408.2789261252928,270.53248234489945,0.0,600.02001953125,,,,,1.8823975367244843,0.04732794116369939,1.7300000190734863,2.009999990463257,0.0,0.0,0.0,0.0,1371.0139873392961,0.034685984801625235,1371.0,1371.0999755859375,54.055500373781555,0.2461255177691658,53.599998474121094,54.400001525878906,10.12563967565175,0.04471697374069648,10.0,10.199999809265137,60.035561779945034,0.09051124614907453,59.79999923706055,60.20000076293945,,,,,,,,,,,,,,,,,1.5132436972415686,0.4007578241677084,0.0,8.816186904907227,14.378900112486079,2.9409184154037358,0.0048829615116119385,14.993743896484375,2.3147795728615876,10.38588258027417,-31.647693634033203,31.159399032592773,85.46204855497152,13.932192683268395,8.148442268371582,92.90444946289062,40.897628732454976,23.012331618002005,0.0,80.20264434814453,518.3919796842272,228.35540871565186,0.0,970.2597045898438,3.3624861119478617,8.160491668138661,0.0,223.25816345214844,28.38751243920466,3.924999123672351,14.618366241455078,50.05645751953125,0.04061436021703371,0.009167696714233047,0.0006000000284984708,0.06809999793767929,,,,,0.0,0.0,0.0,0.0,0.10072518746915327,2.3446336012383475,0.0,59.51109313964844,0.0,0.0,0.0,0.0,1.9436055469953775,0.23071740838947596,1.0,2.0,,,,,2587.104801327275,709.1251509397101,0.0,2806.64990234375,3058.9409764270754,796.6192675947261,0.0,3367.8701171875,138.830581905384,177.08494623994432,0.0,1000.0,3.0077041602465333,0.23213438696350816,1.0,4.0,,,,,,,,,,,,,,,,,,,,,9.821864870479919,1.3135459778733423,0.0,10.032837867736816,,,,
Day_2024_07_05_Wafer_02,2024-07-05,2,2,3247,31,0.12300000339746475,0.0,0.12300000339746475,0.12300000339746475,127.042811867491,34.80008846044232,20.752586364746094,157.4755096435547,7.132048044247024,34.86389298726865,0.0,200.0,4.070508184233261,0.12010655684373414,3.6600000858306885,4.420000076293945,0.0,0.0,0.0,0.0,71.61674772330032,122.03890959595216,0.0,300.010009765625,407.5815262337042,270.9109402380967,0.0,600.010009765625,,,,,2.0080689704341084,0.048206858565629396,1.8600000143051147,2.119999885559082,0.0,0.0,0.0,0.0,1371.0104378576018,0.030575643516073375,1371.0,1371.0999755859375,54.03206022431162,0.22870971675366086,53.599998474121094,54.29999923706055,10.128980801367636,0.048013046283013755,10.0,10.199999809265137,60.01102521524526,0.08173443195102212,59.79999923706055,60.20000076293945,,,,,,,,,,,,,,,,,1.4669513474446574,0.4051294375437846,0.1355021893978119,9.449750900268555,14.374704561799462,2.951031883887125,0.003662221133708954,14.992523193359375,3.0667107437880987,14.762400011781432,-35.79821014404297,36.68324661254883,86.6589618309263,14.118359644446429,6.78731632232666,92.97769165039062,40.86406319832339,22.973350129446622,0.0,80.29419708251953,521.3144086033592,230.32559367709143,0.0,976.9203491210938,3.1971545839308773,7.82863657193276,0.0,224.036376953125,28.491444092219815,3.94527987849683,24.23474884033203,50.083927154541016,0.04058312259639278,0.009209033140802516,0.0006000000284984708,0.07080000638961792,,,,,0.0,0.0,0.0,0.0,0.08205315366979375,2.0905889247068363,0.0,55.238502502441406,0.0,0.0,0.0,0.0,1.9433323067446875,0.23124215491248842,1.0,2.0,,,,,2585.980554818593,710.8420452456498,0.0,2806.482177734375,3058.587577460324,798.8354483172247,0.0,3369.39599609375,137.18553264949196,177.19183426554025,0.0,1000.0,3.007699414844472,0.23206294070802863,1.0,4.0,,,,,,,,,,,,,,,,,,,,,9.817532080299934,1.3358057518900375,0.0,10.016724586486816,,,,
Day_2024_07_05_Wafer_03,2024-07-05,2,3,3247,31,0.12300000339746475,0.0,0.12300000339746475,0.12300000339746475,126.90032331327457,34.67196673325071,20.752586364746094,156.86514282226562,7.215007707952746,35.02846733315987,0.0,200.0,4.016929499802679,0.1262108104959558,3.5999999046325684,4.380000114440918,0.0,0.0,0.0,0.0,71.35357556117668,121.84670980221408,0.0,300.010009765625,407.8855637917252,270.62995108980914,0.0,600.010009765625,,,,,2.0452201630395854,0.040402356729194434,1.9199999570846558,2.1600000858306885,0.0,0.0,0.0,0.0,1371.013917143469,0.034612955146321324,1371.0,1371.0999755859375,54.02975041630601,0.22414755322442745,53.70000076293945,54.400001525878906,10.131783384082865,0.04657027760940424,10.100000381469727,10.199999809265137,60.00098519285606,0.08572932422617807,59.79999923706055,60.099998474121094,,,,,,,,,,,,,,,,,1.449203053170951,0.41227183060185313,0.13183996081352234,9.717093467712402,14.374761711063755,2.950755717023256,0.0,14.993743896484375,3.2285424979385833,13.969162771693917,-31.8308048248291,35.34043502807617,86.3343234839056,13.993451940251765,7.818841934204102,92.92581176757812,40.88463291477195,22.960852842483554,0.0,80.24842071533203,522.6311076275562,230.6084312309821,0.0,981.2463989257812,3.236052290233862,7.843154389369266,0.0,222.5257110595703,28.58739645898911,3.94044181649956,24.23780059814453,50.123600006103516,0.040576993827735316,0.009249722591049975,0.0006000000284984708,0.07259999960660934,,,,,0.0,0.0,0.0,0.0,0.11382172810396195,2.4502607109697467,0.0,54.62813186645508,0.0,0.0,0.0,0.0,1.9433323067446875,0.23124215491248842,1.0,2.0,,,,,2586.170789121223,709.9103522802075,0.0,2806.146484375,3057.7289358596636,796.9362697768684,0.0,3367.107177734375,137.88362378913888,178.27451964805985,0.0,1000.0,3.007699414844472,0.23206294070802863,1.0,4.0,,,,,,,,,,,,,,,,,,,,,9.821207555507122,1.3247245741246045,0.0,10.018738746643066,,,,
Day_2024_07_05_Wafer_04,2024-07-05,2,4,3298,31,0.12300000339746475,0.0,0.12300000339746475,0.12300000339746475,125.16160760235252,36.790782314930304,20.44740104675293,156.86514282226562,7.099742269243993,34.590134158951905,0.0,200.0,3.982489413388069,0.11916561909918245,3.549999952316284,4.300000190734863,0.0,0.0,0.0,0.0,70.43356274243042,121.22789037837295,0.0,300.010009765625,401.42602040508865,273.3206413589806,0.0,600.02001953125,,,,,2.0499484090460944,0.0392555995946283,1.8899999856948853,2.1600000858306885,0.0,0.0,0.0,0.0,1371.0153388861384,0.036036460191881815,1371.0,1371.0999755859375,54.006337363044736,0.2238562806847227,53.599998474121094,54.29999923706055,10.18908416523653,0.031188167775511956,10.100000381469727,10.199999809265137,60.00087907142246,0.0834992710193201,59.79999923706055,60.20000076293945,,,,,,,,,,,,,,,,,1.5067659976122378,0.4145907091302573,0.12451551854610443,9.525437355041504,14.38850865611584,2.9195999546603533,0.006103701889514923,14.994964599609375,3.0620392052747034,13.008950568346549,-83.37657165527344,40.4065055847168,84.38052596828888,18.478574366844803,0.0,92.7091293334961,40.2685393188273,23.354056041279414,0.0,79.9737548828125,515.8378598413879,240.50310018816702,0.0,982.82568359375,3.3999775623278032,8.09242695750964,0.0,227.14926147460938,28.614467211388472,3.9363663744510227,24.23474884033203,49.94354248046875,0.04035664004240673,0.00937769644316474,0.0006000000284984708,0.0658000037074089,,,,,0.0,0.0,0.0,0.0,0.15888502353462325,2.8835938666573018,0.0,56.30664825439453,0.0,0.0,0.0,0.0,1.9445118253486962,0.22896535363045967,1.0,2.0,,,,,2534.0278268725024,789.8798167628903,0.0,2805.978515625,3002.950357986552,883.3050425805958,0.0,3371.22705078125,142.03357044098647,186.57397204023204,0.0,1000.0,3.008186779866586,0.22759237339360525,1.0,4.0,,,,,,,,,,,,,,,,,,,,,9.824103990997815,1.3146443655526046,0.0,10.030823707580566,,,,
Day_2024_07_05_Wafer_05,2024-07-05,2,5,3247,31,0.12300000339746475,0.0,0.12300000339746475,0.12300000339746475,126.87240827916987,34.641656167735825,20.752586364746094,156.86514282226562,7.245540498839339,35.015016294896945,0.0,200.0,3.9610871840595356,0.12818135478613044,3.3399999141693115,4.340000152587891,0.0,0.0,0.0,0.0,71.28298731959329,121.82931710174861,0.0,300.010009765625,408.04109515158405,270.45190413506884,0.0,600.030029296875,,,,,2.0633507350205567,0.03810571454669353,1.9299999475479126,2.180000066757202,0.0,0.0,0.0,0.0,1371.0114539322356,0.03184703099225484,1371.0,1371.0999755859375,53.999507548076984,0.21232745708201978,53.599998474121094,54.29999923706055,10.200923742570986,0.00956912906986634,10.199999809265137,10.300000190734863,60.01080972538165,0.07230518743439378,59.79999923706055,60.20000076293945,,,,,,,,,,,,,,,,,1.4029555295040177,0.4087697739027263,0.12939848005771637,9.691457748413086,14.374809080456629,2.950457228001887,0.0079348124563694,14.993743896484375,3.581427453443165,12.006277046282449,-49.287391662597656,34.02813720703125,86.01150878657184,13.97947892089522,7.525864601135254,92.55348205566406,40.89877373730912,22.957359860151904,0.0,80.20264434814453,526.2576250241359,231.05878401473444,0.0,984.405029296875,3.3279602791188148,7.692523325623361,0.0,223.25816345214844,28.71449897514698,3.9136910134737626,24.26221466064453,50.114444732666016,0.04059775143974063,0.009215999152958709,0.0006000000284984708,0.0689999982714653,,,,,0.0,0.0,0.0,0.0,0.17975561590168268,3.0853529119831227,0.0,56.30664825439453,0.0,0.0,0.0,0.0,1.9433323067446875,0.23124215491248842,1.0,2.0,,,,,2586.07246570922,710.0277633992331,0.0,2806.314208984375,3053.980147164089,797.2268974873689,0.0,3370.61669921875,136.71664554546814,176.8454018281467,0.0,1000.0,3.007699414844472,0.23206294070802863,1.0,4.0,,,,,,,,,,,,,,,,,,,,,9.820859553669283,1.324674767542023,0.0,10.018738746643066,,,,
Day_2024_07_05_Wafer_06,2024-07-05,2,6,3247,31,0.12300000339746475,0.0,0.12300000339746475,0.12300000339746475,126.72127247825931,34.672226302656306,20.44740104675293,156.86514282226562,7.283369256282747,35.01086888583467,0.0,200.0,3.9773021510170907,0.12946328443759816,3.4800000190734863,4.289999961853027,0.0,0.0,0.0,0.0,71.55311657186031,121.93171533938317,0.0,300.010009765625,407.58617044763633,270.83171680257624,0.0,600.02001953125,,,,,2.060505034852329,0.040133662410980146,1.899999976158142,2.180000066757202,0.0,0.0,0.0,0.0,1371.0179814420042,0.03840347843700996,1371.0,1371.0999755859375,54.01145655329792,0.23306039597408293,53.599998474121094,54.400001525878906,10.197689998028716,0.015023784099410928,10.100000381469727,10.199999809265137,60.001939977393874,0.07996747396647037,59.79999923706055,60.20000076293945,,,,,,,,,,,,,,,,,1.4346553014036616,0.4130684343170808,0.12939848005771637,9.768364906311035,14.37474967948209,2.9504497038169686,0.006714072078466415,14.993133544921875,3.1281707177427975,10.882616815718565,-35.6456184387207,35.6456184387207,85.97323900257436,13.952922533601809,7.55943489074707,92.49244689941406,40.88240535420053,22.951046025805955,0.0,79.927978515625,526.2011808507583,230.94502866606666,0.0,980.697021484375,3.266956162046094,7.578408419721608,0.0,223.62437438964844,28.747882286732036,3.862639868980321,24.26831817626953,49.94354248046875,0.040594425325139655,0.009232289106852826,0.0006000000284984708,0.0754999965429306,,,,,0.0,0.0,0.0,0.0,0.10052216027309463,2.339180884518349,0.0,56.91701889038086,0.0,0.0,0.0,0.0,1.9433323067446875,0.23124215491248842,1.0,2.0,,,,,2586.0100710216507,709.9331397922417,0.0,2806.146484375,3056.495690658565,796.550184881946,0.0,3370.769287109375,140.54926095527293,177.90912902068806,0.0,1000.0,3.007699414844472,0.23206294070802863,1.0,4.0,,,,,,,,,,,,,,,,,,,,,9.821638050613897,1.324781367714142,0.0,10.034852027893066,,,,
Day_2024_07_05_Wafer_07,2024-07-05,2,7,3247,31,0.12300000339746475,0.0,0.12300000339746475,0.12300000339746475,126.78527970485845,34.79759517068448,20.752586364746094,156.55995178222656,7.3040868496516,35.00149562208313,0.0,200.0,3.896630749982946,0.11549800486931443,3.450000047683716,4.210000038146973,0.0,0.0,0.0,0.0,71.25034489458777,121.75314765222693,0.0,300.010009765625,407.8590498142401,270.6311528237271,0.0,600.02001953125,,,,,2.065811469219338,0.0390933664068224,1.9199999570846558,2.1700000762939453,0.0,0.0,0.0,0.0,1371.0137324026264,0.034419340117234846,1371.0,1371.0999755859375,54.010101417045725,0.25332572892755045,53.599998474121094,54.400001525878906,10.172158893306769,0.04684465155277775,10.100000381469727,10.300000190734863,60.00095460361285,0.06933960699046263,59.79999923706055,60.099998474121094,,,,,,,,,,,,,,,,,1.367008540179313,0.3986360129181197,0.12939848005771637,9.444868087768555,14.374889909819544,2.9501076548731007,0.008545182645320892,14.993133544921875,2.922802860787512,10.469640524307387,-39.033172607421875,31.617176055908203,85.95713280838454,13.955178311764815,6.61336088180542,92.36731719970703,40.89412121292551,22.956675676539636,0.0,79.927978515625,525.1901513403072,231.4699215842651,0.0,982.9630126953125,3.274809006856273,7.5906654596495295,0.0,222.89193725585938,28.76171291751938,3.881831678228012,24.23780059814453,50.080875396728516,0.04055675974220851,0.009267370236262593,0.0006000000284984708,0.0763000026345253,,,,,0.0,0.0,0.0,0.0,0.14258262697718568,2.706220772375145,0.0,55.08591079711914,0.0,0.0,0.0,0.0,1.9433323067446875,0.23124215491248842,1.0,2.0,,,,,2585.8847634163058,710.0158697279032,0.0,2805.642822265625,3053.684408128537,797.1005160310409,0.0,3375.34716796875,139.96885477410746,177.66964103088503,0.0,1000.0,3.007699414844472,0.23206294070802863,1.0,4.0,,,,,,,,,,,,,,,,,,,,,9.821098384910046,1.3247093086108954,0.0,10.020752906799316,,,,
Day_2024_07_05_Wafer_08,2024-07-05,2,8,3299,31,0.12300000339746475,0.0,0.12300000339746475,0.12300000339746475,124.88323904305163,36.830214411863786,20.752586364746094,156.55995178222656,7.126923310207093,34.57811683100605,0.0,200.0,3.906962733588171,0.10472491357135622,3.559999942779541,4.28000020980835,0.0,0.0,0.0,0.0,70.30666852222033,121.2660919576456,0.0,300.010009765625,401.55997129982984,273.22746369375346,0.0,600.0399780273438,,,,,2.054722596132672,0.036060625189136206,1.909999966621399,2.1600000858306885,0.0,0.0,0.0,0.0,1371.0150008836129,0.035708292107857975,1371.0,1371.0999755859375,54.00027270286724,0.24381340281062563,53.599998474121094,54.400001525878906,10.187965954459411,0.040058367303006714,10.100000381469727,10.300000190734863,60.00024227663834,0.08281627303657398,59.79999923706055,60.20000076293945,,,,,,,,,,,,,,,,,1.3712492708537969,0.40812997957447533,0.11963255703449249,9.850153923034668,14.384479474029005,2.928022795684481,0.006103701889514923,14.993743896484375,3.1819084658338,10.635208467503736,-43.45835876464844,36.43910217285156,84.34159934805736,18.478560759988376,0.0,92.60231018066406,40.23805802140897,23.359432791129986,0.0,79.927978515625,517.9040157876617,240.03720415951028,0.0,983.6497192382812,3.3717217471887575,7.839111873866921,0.0,226.05059814453125,28.697396265950914,3.8883635314973772,24.24695587158203,50.077823638916016,0.04034931766912093,0.009346892240035144,0.0006000000284984708,0.06530000269412994,,,,,0.0,0.0,0.0,0.0,0.19510013965376583,3.2318416035632302,0.0,56.30664825439453,0.0,0.0,0.0,0.0,1.944225522885723,0.22952048533208294,1.0,2.0,,,,,2532.8614231374418,791.6920623351665,0.0,2804.6357421875,2995.809197145146,884.4084729176341,0.0,3363.44482421875,142.33116050230106,187.0418757582484,0.0,1000.0,3.007578053955744,0.2302281863366009,1.0,4.0,,,,,,,,,,,,,,,,,,,,,9.821632206313499,1.32558980833498,0.0,10.020752906799316,,,,
Day_2024_07_05_Wafer_09,2024-07-05,2,9,3246,31,0.12300000339746475,0.0,0.12300000339746475,0.12300000339746475,126.75993556529743,34.791086816196525,20.142215728759766,156.86514282226562,7.273995696313367,35.014846825540836,0.0,200.0,4.084097363591855,0.09939646313742853,3.5999999046325684,4.320000171661377,0.0,0.0,0.0,0.0,71.34548043996125,121.83137054757937,0.0,300.010009765625,407.8230455820658,270.65087717954424,0.0,600.030029296875,,,,,2.0544177016503857,0.04013630160833631,1.9299999475479126,2.1700000762939453,0.0,0.0,0.0,0.0,1371.0142294272036,0.03493557961884018,1371.0,1371.0999755859375,54.00381990692458,0.24377129886876042,53.599998474121094,54.29999923706055,10.200461918236808,0.006783192731991058,10.199999809265137,10.300000190734863,60.005883987201116,0.07275621024711561,59.79999923706055,60.20000076293945,,,,,,,,,,,,,,,,,1.4241546162289929,0.41387654602879037,0.11597033590078354,9.745170593261719,14.374669357451415,2.950419301963775,0.0079348124563694,14.993743896484375,3.158750361303305,10.212357365721077,-34.02813720703125,31.403545379638672,85.95560562412311,13.955793934298963,7.205420017242432,92.40699768066406,40.91905947430811,22.97755067019009,0.0,79.8822021484375,525.4593472671744,232.37659186932913,0.0,981.7957153320312,3.353721880261601,7.6352498882864985,0.0,221.4270477294922,28.778223872111305,3.893257409870013,24.26831817626953,50.123600006103516,0.040601940544764556,0.00928063817015188,0.0006000000284984708,0.07719999551773071,,,,,0.0,0.0,0.0,0.0,0.14460094637585802,2.744294144864326,0.0,54.93331527709961,0.0,0.0,0.0,0.0,1.9433148490449785,0.2312756426289389,1.0,2.0,,,,,2585.893128484983,710.175147417917,0.0,2806.146484375,3049.5678423248687,796.0750644871999,0.0,3358.714599609375,136.93916745297724,177.4285058144344,0.0,1000.0,3.007701786814541,0.23209865558836837,1.0,4.0,,,,,,,,,,,,,,,,,,,,,9.82080480395756,1.3248762266673126,0.0,10.022767066955566,,,,
Day_2024_07_05_Wafer_10,2024-07-05,2,10,3246,31,0.12300000339746475,0.0,0.12300000339746475,0.12300000339746475,126.75589279061985,34.63048041353258,20.142215728759766,156.86514282226562,7.218656809507621,35.024130749178504,0.0,200.0,4.097288986597984,0.09255610989303656,3.7200000286102295,4.340000152587891,0.0,0.0,0.0,0.0,71.45170660046958,121.83582932534135,0.0,300.010009765625,407.88301447899676,270.62158314068074,0.0,600.02001953125,,,,,2.0395470979179926,0.03431579828868653,1.909999966621399,2.1500000953674316,0.0,0.0,0.0,0.0,1371.0140446294479,0.03474536455854942,1371.0,1371.0999755859375,54.008564084676486,0.2592164013597145,53.599998474121094,54.29999923706055,10.197627672499811,0.015220271126292996,10.100000381469727,10.199999809265137,60.00345030083601,0.07156838371753518,59.79999923706055,60.20000076293945,,,,,,,,,,,,,,,,,1.4017488037913726,0.4085057902978735,0.13061922788619995,9.698781967163086,14.379198056221632,2.939786282997439,0.009765923023223877,14.993743896484375,2.8780101422388027,9.85963062399087,-37.07999038696289,34.730064392089844,85.97392794781824,13.97589885460316,7.208471775054932,92.36426544189453,40.90631052688251,22.968620838808654,0.0,79.8822021484375,525.586187817473,231.31336662896007,0.0,982.551025390625,3.219745058685688,7.402776302570724,0.0,220.23681640625,28.771388714356107,3.874334151138737,24.27442169189453,49.94354248046875,0.040589925661113274,0.009187506836923756,0.0006000000284984708,0.07019999623298645,,,,,0.0,0.0,0.0,0.0,0.049265862098830174,1.6202943067697795,0.0,54.62813186645508,0.0,0.0,0.0,0.0,1.9436229205175601,0.2306839796024253,1.0,2.0,,,,,2586.9046328222025,708.5745969524428,0.0,2806.146484375,3053.3523842370296,793.6310018092084,0.0,3363.902587890625,140.04292627509616,178.53667554048616,0.0,1000.0,3.007701786814541,0.2320986555883684,1.0,4.0,,,,,,,,,,,,,,,,,,,,,9.824531035443846,1.3136968545796155,0.0,10.018738746643066,,,,
Day_2024_07_09_Wafer_01,2024-07-09,3,1,3247,31,18.87370175039232,120.32854934580534,0.12300000339746475,790.8181762695312,128.54627420985224,35.01363867104093,22.27851104736328,157.78070068359375,7.43643054830425,34.97921350976381,0.0,200.0,4.227117346072513,0.15034854085499094,3.7699999809265137,4.659999847412109,0.0,0.0,0.0,0.0,71.58660898890092,121.99187636054988,0.0,300.0,407.63866181516045,270.83857485995816,0.0,600.02001953125,,,,,1.91181397874942,0.06731587547778292,1.75,2.0899999141693115,0.0,0.0,0.0,0.0,1371.0117310434994,0.032179488524216406,1371.0,1371.0999755859375,54.92106539012837,0.16524831547167596,54.599998474121094,55.20000076293945,10.16643057377624,0.051713846903347335,10.100000381469727,10.300000190734863,59.98882026778099,0.0890213450864959,59.70000076293945,60.099998474121094,,,,,,,,,,,,,,,,,1.3523822136620283,0.3949821502667709,0.0,8.984649658203125,14.374223106888659,2.9518039555675712,0.0,14.993743896484375,2.6522436341690145,10.522448364179672,-32.715843200683594,30.42695426940918,85.45898296960068,13.76615241189434,8.42310905456543,92.7671127319336,40.869039966687815,22.984139701267676,0.0,80.111083984375,520.977123390905,230.07159811578543,0.0,974.7916870117188,3.4599925462738215,8.265898889221427,0.0,233.14614868164062,28.47374207003505,3.9532145824384486,22.772911071777344,50.05645751953125,0.04058272215794579,0.00911757229393879,0.0006000000284984708,0.06630000472068787,,,,,0.0,0.0,0.0,0.0,0.09836039588676808,2.287496121689654,0.0,55.69628143310547,0.0,0.0,0.0,0.0,1.9433323067446875,0.23124215491248842,1.0,2.0,,,,,2586.2312694346315,710.0003673484475,0.0,2807.4892578125,3062.3596252309826,798.2223491133756,0.0,3393.96337890625,139.97451271044912,178.47547602230568,0.0,1000.0,3.007699414844472,0.23206294070802863,1.0,4.0,,,,,,,,,,,,,,,,,,,,,9.820754108481824,1.3246675395243812,0.0,10.063051223754883,,,,
Day_2024_07_09_Wafer_02,2024-07-09,3,2,3298,31,0.12300000339746475,0.0,0.12300000339746475,0.12300000339746475,126.59971641207406,36.801415572214076,21.97332763671875,158.08587646484375,7.085679217216289,34.59273509351456,0.0,200.0,4.276843548616255,0.11254553780868713,3.9200000762939453,4.630000114440918,0.0,0.0,0.0,0.0,70.48441774741475,121.38157814408294,0.0,300.010009765625,401.53249400414035,273.37022319330606,0.0,600.02001953125,,,,,1.877095203641113,0.03973589560073784,1.7000000476837158,1.9700000286102295,0.0,0.0,0.0,0.0,1371.0142778959905,0.034985051432095876,1371.0,1371.0999755859375,54.91516028960016,0.1805875957377232,54.599998474121094,55.20000076293945,10.178047249286807,0.04457380871054093,10.100000381469727,10.300000190734863,59.99627032838062,0.08312916843466894,59.79999923706055,60.20000076293945,,,,,,,,,,,,,,,,,1.425868814586328,0.393611802102291,0.12451551854610443,9.278847694396973,14.388571028095564,2.919214824493588,0.0,14.993133544921875,3.476657862226626,13.245104666584208,-33.906063079833984,35.70665740966797,84.77700469909001,18.567648910754443,0.0,93.10281372070312,40.24366554308834,23.3435886420819,0.0,80.24842071533203,514.3427878033399,238.73718304046335,0.0,978.4310302734375,3.3694127936022364,8.090448262508446,0.0,220.55726623535156,28.489984473002327,3.9448071409358048,24.23474884033203,49.937435150146484,0.040362188896899076,0.00925406206979467,0.0006000000284984708,0.06830000132322311,,,,,0.0,0.0,0.0,0.0,0.11099742845450841,2.4079972675512784,0.0,54.47554016113281,0.0,0.0,0.0,0.0,1.9445118253486962,0.22896535363045967,1.0,2.0,,,,,2533.9869617811473,789.8706779909195,0.0,2806.146484375,3003.5102470587644,883.381403158001,0.0,3370.769287109375,139.61269741331657,186.66357349992896,0.0,1000.0,3.008186779866586,0.22759237339360525,1.0,4.0,,,,,,,,,,,,,,,,,,,,,9.82364225185156,1.314580815475101,0.0,10.016724586486816,,,,
Day_2024_07_09_Wafer_03,2024-07-09,3,3,3247,31,0.12300000339746475,0.0,0.12300000339746475,0.12300000339746475,128.17097259970274,34.65147178475293,21.97332763671875,158.08587646484375,7.25378503275718,35.01945777519184,0.0,200.0,4.083144457846155,0.1064306059811939,3.7300000190734863,4.349999904632568,0.0,0.0,0.0,0.0,71.35023404946214,121.82752362368751,0.0,300.010009765625,407.9115047487693,270.6047056289007,0.0,600.0399780273438,,,,,1.9499538089812702,0.038362569282613265,1.8300000429153442,2.059999942779541,0.0,0.0,0.0,0.0,1371.0137324026264,0.034419340117234846,1371.0,1371.0999755859375,54.90511191379558,0.17793783569293703,54.599998474121094,55.099998474121094,10.152664077660102,0.04993638524905507,10.100000381469727,10.199999809265137,60.00372630014469,0.07603171638630933,59.79999923706055,60.099998474121094,,,,,,,,,,,,,,,,,1.3361366286961012,0.3909818825279109,0.12451551854610443,9.289834022521973,14.37468877008393,2.951557708990696,0.0,14.993133544921875,3.376595337353452,12.465341442730095,-34.974212646484375,37.62932205200195,86.17927225134649,14.000648883259423,7.776116371154785,92.6938705444336,40.908868206953464,22.992500696837208,0.0,80.0653076171875,525.3793595539888,229.85201435333633,0.0,980.0790405273438,3.3733009920763277,7.898260551332114,0.0,221.06082153320312,28.631027497179073,3.9089169110675765,24.22254180908203,50.077823638916016,0.040602032298194646,0.009178841151666155,0.0006000000284984708,0.07580000162124634,,,,,0.0,0.0,0.0,0.0,0.09958226210086353,2.3159283270938027,0.0,55.69628143310547,0.0,0.0,0.0,0.0,1.9433323067446875,0.23124215491248842,1.0,2.0,,,,,2586.2270315562096,710.0754106640811,0.0,2803.79638671875,3058.3569726171513,798.4679728094316,0.0,3371.684814453125,137.1092787525715,177.32939719925568,0.0,1000.0,3.007699414844472,0.23206294070802863,1.0,4.0,,,,,,,,,,,,,,,,,,,,,9.821399847323761,1.3247532574223104,0.0,10.016724586486816,,,,
Day_2024_07_09_Wafer_04,2024-07-09,3,4,3247,31,0.12300000339746475,0.0,0.12300000339746475,0.12300000339746475,128.03431112361682,34.69525549866017,21.362957000732422,157.78070068359375,7.270822306139802,35.0109110136682,0.0,200.0,3.998478616462475,0.12750881188285398,3.559999942779541,4.380000114440918,0.0,0.0,0.0,0.0,71.40705889074432,121.90264261335486,0.0,300.010009765625,408.06264430381793,270.5163845669473,0.0,600.0499877929688,,,,,2.0305635675783336,0.035090154553186724,1.9199999570846558,2.119999885559082,0.0,0.0,0.0,0.0,1371.014594526558,0.03530552400614777,1371.0,1371.0999755859375,54.89944538954114,0.17455025208042535,54.599998474121094,55.20000076293945,10.13021271714145,0.046985782461583095,10.100000381469727,10.300000190734863,60.00951621405411,0.07685997415536526,59.79999923706055,60.20000076293945,,,,,,,,,,,,,,,,,1.3949445827391136,0.40541461956644786,0.11352885514497757,9.57670783996582,14.374612634256367,2.951498988133209,0.0024414807558059692,14.993133544921875,3.6100191701402067,11.011518079258012,-34.119693756103516,31.495101928710938,86.00044819373956,13.928335803793528,7.913449287414551,92.46192932128906,40.88509818741752,22.973085927709842,0.0,79.927978515625,526.3651398898713,230.29921814242257,0.0,982.7570190429688,3.408688185438812,7.89791230835085,0.0,223.30393981933594,28.694309008462927,3.890074235119343,24.26221466064453,49.937435150146484,0.0405923618201062,0.009182519367931744,0.0006000000284984708,0.07569999992847443,,,,,0.0,0.0,0.0,0.0,0.17688892906102027,3.0358808463763225,0.0,56.00146484375,0.0,0.0,0.0,0.0,1.9433323067446875,0.23124215491248842,1.0,2.0,,,,,2586.1431324415144,709.9422520314891,0.0,2807.4892578125,3056.728599010264,798.0187033129417,0.0,3369.243408203125,137.1553809486919,177.30151864551354,0.0,1000.0,3.007699414844472,0.23206294070802863,1.0,4.0,,,,,,,,,,,,,,,,,,,,,9.820582271172958,1.324639227101016,0.0,10.018738746643066,,,,
Day_2024_07_09_Wafer_05,2024-07-09,3,5,3195,31,0.12300000339746475,0.0,0.12300000339746475,0.12300000339746475,129.94886401598816,32.26883687287304,21.362957000732422,157.78070068359375,7.407427230621914,35.281047970867995,0.0,200.0,4.051101736283638,0.12029980786668021,3.619999885559082,4.389999866485596,0.0,0.0,0.0,0.0,72.50805317601233,122.49472399458502,0.0,300.010009765625,414.4055166195816,267.8881553768554,0.0,600.010009765625,,,,,2.060122017345518,0.038885730511688615,1.9500000476837158,2.1600000858306885,0.0,0.0,0.0,0.0,1371.014863350022,0.03557315034193633,1371.0,1371.0999755859375,54.90544567914076,0.1581679441704434,54.599998474121094,55.099998474121094,10.174522655707943,0.04568438044282743,10.100000381469727,10.300000190734863,60.007198498506504,0.07102902732835312,59.79999923706055,60.099998474121094,,,,,,,,,,,,,,,,,1.3805950917688334,0.4118252770884874,0.11963255703449249,9.731741905212402,14.364502580363613,2.974984084943047,0.0,14.993133544921875,3.1512964000910846,9.677537684874785,-33.47880554199219,33.021026611328125,87.76108893572072,7.540749961502237,35.36790084838867,92.55043029785156,41.54503311969118,22.5569318555089,0.0,79.8822021484375,536.0467439797749,222.80618974585815,0.0,981.177734375,3.397784707261503,10.321123597518891,0.0,378.9941101074219,28.779618237873013,3.8517773267253634,26.300851821899414,50.138858795166016,0.04087840342629666,0.00895826010854857,0.0006000000284984708,0.06469999998807907,,,,,0.0,0.0,0.0,0.0,0.21811898579246747,3.415851427088577,0.0,56.45924377441406,0.0,0.0,0.0,0.0,1.9424100156494524,0.23300294063431679,1.0,2.0,,,,,2645.052949134695,600.6687300945555,0.0,2807.4892578125,3118.407754616894,686.0854101437243,0.0,3370.61669921875,135.19492600548529,164.41611560197336,0.0,617.6946411132812,3.007824726134585,0.23394227103316292,1.0,4.0,,,,,,,,,,,,,,,,,,,,,9.8184131520828,1.3352817849015302,0.0,10.038880348205566,,,,
Day_2024_07_09_Wafer_06,2024-07-09,3,6,3246,31,0.12300000339746475,0.0,0.12300000339746475,0.12300000339746475,127.9679836718594,34.68516605891753,21.97332763671875,157.78070068359375,7.223074555077412,34.84825534737133,0.0,200.0,4.124497849120083,0.09471116015785222,3.8299999237060547,4.389999866485596,0.0,0.0,0.0,0.0,71.37297902218837,121.91863949039276,0.0,300.010009765625,408.0255193402572,270.74360819979336,0.0,600.030029296875,,,,,2.0704558950401863,0.03934566201604361,1.909999966621399,2.1600000858306885,0.0,0.0,0.0,0.0,1371.0122582511408,0.032796226592406094,1371.0,1371.0999755859375,54.89963002066809,0.17556334160835013,54.599998474121094,55.20000076293945,10.186167488109897,0.03711008983797092,10.100000381469727,10.300000190734863,60.00699294531558,0.07625863650626624,59.79999923706055,60.099998474121094,,,,,,,,,,,,,,,,,1.4325937437087537,0.4016959571036782,0.11719107627868652,9.421673774719238,14.379330254469162,2.9409007629339325,0.0,14.993743896484375,3.2608359851590367,8.891732874168772,-34.88265609741211,32.166507720947266,85.76422660378711,13.862963723671657,7.934812545776367,92.24829864501953,40.8808690439531,22.96618134044183,0.0,79.927978515625,526.9005215281112,230.62356314490177,0.0,982.4823608398438,3.295279778154522,7.550589662376933,0.0,217.94793701171875,28.772351470613508,3.8801023346075274,24.26831817626953,49.94354248046875,0.04060597622657203,0.009253805771894712,0.0006000000284984708,0.06930000334978104,,,,,0.0,0.0,0.0,0.0,0.13101522759456952,2.638029342165237,0.0,55.69628143310547,0.0,0.0,0.0,0.0,1.9436229205175601,0.2306839796024253,1.0,2.0,,,,,2586.5586401280693,709.3645821823163,0.0,2805.978515625,3055.6984331903086,796.1951307088462,0.0,3368.327880859375,138.9415427088228,178.56725304397278,0.0,1000.0,3.0073937153419594,0.231443884003815,1.0,4.0,,,,,,,,,,,,,,,,,,,,,9.82096613826975,1.3248971206278284,0.0,10.018738746643066,,,,
Day_2024_07_09_Wafer_07,2024-07-09,3,7,3246,31,0.12300000339746475,0.0,0.12300000339746475,0.12300000339746475,127.97700960226288,34.738430768278164,21.97332763671875,157.78070068359375,7.236598899641929,35.02230617542278,0.0,200.0,3.964035770735914,0.10536391394100274,3.390000104904175,4.269999980926514,0.0,0.0,0.0,0.0,71.13867828514695,121.74420077824196,0.0,300.010009765625,408.2614527059351,270.5617427500425,0.0,600.02001953125,,,,,2.0683086309914813,0.034521654808809074,1.899999976158142,2.1700000762939453,0.0,0.0,0.0,0.0,1371.0140754290737,0.03477720753145564,1371.0,1371.0999755859375,54.90234096947821,0.18060118858966417,54.599998474121094,55.20000076293945,10.177510720451012,0.04175732359242638,10.100000381469727,10.199999809265137,60.01201448657964,0.07303893624625436,59.79999923706055,60.099998474121094,,,,,,,,,,,,,,,,,1.3904398426698155,0.4084838244191339,0.1269569993019104,9.712210655212402,14.374502388610104,2.9515510772771267,0.0,14.993133544921875,2.8973780292386415,8.49707688723437,-34.974212646484375,31.55613899230957,85.79443665587895,13.939185731657608,7.672353267669678,92.34290313720703,40.86202763365289,22.99820791777379,0.0,79.927978515625,526.5844987268736,230.64153515318858,0.0,982.551025390625,3.2968875024678876,7.355475308829471,0.0,215.56748962402344,28.78337043872676,3.868042953653967,24.27442169189453,50.074771881103516,0.0405888782620263,0.009206861076060082,0.0006000000284984708,0.07940000295639038,,,,,0.0,0.0,0.0,0.0,0.11437389634673564,2.463047902218847,0.0,57.222206115722656,0.0,0.0,0.0,0.0,1.9433148490449785,0.2312756426289389,1.0,2.0,,,,,2585.8256970850393,710.1533589705609,0.0,2805.810791015625,3056.590906280687,798.0707180499885,0.0,3369.548583984375,141.29426039730097,178.2506254842422,0.0,1000.0,3.007701786814541,0.23209865558836837,1.0,4.0,,,,,,,,,,,,,,,,,,,,,9.821586637385304,1.3249844569489377,0.0,10.020752906799316,,,,
Day_2024_07_09_Wafer_08,2024-07-09,3,8,3247,31,0.12300000339746475,0.0,0.12300000339746475,0.12300000339746475,127.91635403987037,34.70615545400492,21.362957000732422,157.78070068359375,7.178740376275013,34.85574112389575,0.0,200.0,3.927653249241882,0.11302829808519999,3.5299999713897705,4.309999942779541,0.0,0.0,0.0,0.0,71.34260239719617,121.84324922665623,0.0,300.010009765625,407.900984094194,270.5913192768998,0.0,600.02001953125,,,,,2.041404336057592,0.038833852503639646,1.8899999856948853,2.1600000858306885,0.0,0.0,0.0,0.0,1371.0165958856853,0.03720465388679066,1371.0,1371.0999755859375,54.903602938450845,0.19267823256051145,54.599998474121094,55.20000076293945,10.173575577531773,0.0461477018460005,10.100000381469727,10.300000190734863,60.007914639194816,0.08400462654387489,59.79999923706055,60.20000076293945,,,,,,,,,,,,,,,,,1.3748630840190197,0.40621275781682914,0.12207403779029846,9.678030014038086,14.37473388797881,2.950909380341536,0.006103701889514923,14.993743896484375,3.209020803772856,8.19341135222976,-39.73509979248047,32.013916015625,85.68780023926105,13.897617780908728,7.129123687744141,92.44972229003906,40.858917269223575,22.972771953030687,0.0,79.8822021484375,528.2940024143004,230.97408218419588,0.0,983.3750610351562,3.386060111439197,7.4972926635786195,0.0,222.93771362304688,28.79678524241728,3.846973441900151,24.24085235595703,49.937435150146484,0.040570002716328074,0.009224470210657055,0.0006000000284984708,0.07840000092983246,,,,,0.0,0.0,0.0,0.0,0.194371042818446,3.194028087191311,0.0,56.45924377441406,0.0,0.0,0.0,0.0,1.9433323067446875,0.23124215491248842,1.0,2.0,,,,,2585.624170080713,710.7028856573651,0.0,2803.29296875,3054.7196112968463,797.853321644012,0.0,3410.443359375,140.89953310334263,178.82283007358012,0.0,1000.0,3.007699414844472,0.23206294070802863,1.0,4.0,,,,,,,,,,,,,,,,,,,,,9.817914217921599,1.3358543792281536,0.0,10.018738746643066,,,,
Day_2024_07_09_Wafer_09,2024-07-09,3,9,3247,31,0.12300000339746475,0.0,0.12300000339746475,0.12300000339746475,127.86700936820569,34.790449999182144,21.362957000732422,157.78070068359375,7.290098553345589,35.00512434051183,0.0,200.0,3.931259654579362,0.10767406813996583,3.5199999809265137,4.25,0.0,0.0,0.0,0.0,71.3438095745344,121.82987875968641,0.0,300.010009765625,407.8137499731359,270.7027464674745,0.0,600.02001953125,,,,,2.030772992527077,0.03478015455913742,1.909999966621399,2.1500000953674316,0.0,0.0,0.0,0.0,1371.0141942547327,0.034899529723122366,1371.0,1371.0999755859375,54.90215535776264,0.20499381063713937,54.599998474121094,55.20000076293945,10.192485223375984,0.02636663408723978,10.100000381469727,10.199999809265137,60.00104685772519,0.08046407397784021,59.79999923706055,60.099998474121094,,,,,,,,,,,,,,,,,1.4887073697688067,0.43597405012637497,0.12329477816820145,9.823297500610352,14.37472354692172,2.9509492715228647,0.0024414807558059692,14.993743896484375,2.900677647192661,7.88088921481865,-35.187843322753906,30.762657165527344,85.73451325046784,13.91304221576548,6.985686779022217,92.51686096191406,40.86624851878842,22.977153082815548,0.0,79.8822021484375,527.2026105856653,231.45933801560204,0.0,980.7656860351562,3.3937155921407984,7.4408544516611315,0.0,219.09237670898438,28.79508683627886,3.874258583299593,24.1859188079834,50.114444732666016,0.0406085306050802,0.009275627706072345,0.0006000000284984708,0.07819999754428864,,,,,0.0,0.0,0.0,0.0,0.04840478171632589,1.5936110621625226,0.0,55.69628143310547,0.0,0.0,0.0,0.0,1.9433323067446875,0.23124215491248842,1.0,2.0,,,,,2586.0036618979043,710.0687225400136,0.0,2804.8037109375,3052.5011713787485,796.7096040323088,0.0,3361.461181640625,138.4878376903036,178.13448857756416,0.0,1000.0,3.007699414844472,0.23206294070802863,1.0,4.0,,,,,,,,,,,,,,,,,,,,,9.821625655491168,1.3247797557876213,0.0,10.018738746643066,,,,
Day_2024_07_09_Wafer_10,2024-07-09,3,10,3349,31,0.12300000339746475,0.0,0.12300000339746475,0.12300000339746475,124.44398363101443,38.5992109657969,21.057771682739258,157.78070068359375,7.096727373180802,34.48588596999163,0.0,200.00999450683594,3.999065425866538,0.10978742265780053,3.609999895095825,4.300000190734863,0.0,0.0,0.0,0.0,69.22416533028641,120.50336451503891,0.0,300.010009765625,395.1119515377573,275.6597954752518,0.0,600.02001953125,,,,,2.0136130041206157,0.03391815023780896,1.8700000047683716,2.109999895095825,0.0,0.0,0.0,0.0,1371.0161202796078,0.03677192868753774,1371.0,1371.0999755859375,54.902776578605334,0.23265694033107667,54.599998474121094,55.29999923706055,10.199999809265137,0.0,10.199999809265137,10.199999809265137,60.000656460533925,0.09597374965249478,59.79999923706055,60.20000076293945,,,,,,,,,,,,,,,,,1.3581609754473034,0.4028160528829252,0.11963255703449249,9.807428359985352,14.3977824885773,2.8968478535202573,0.0024414807558059692,14.993743896484375,3.1973355701340602,8.69987218811143,-35.12680435180664,31.220436096191406,82.30461807127193,21.84925305935482,0.0,92.52906799316406,39.61351273059133,23.702916838225683,0.0,79.8822021484375,507.5996988683218,245.99497212639105,0.0,983.6497192382812,3.294891823881836,7.493305758883414,0.0,225.18081665039062,28.650061333702727,3.870313615264792,24.22559356689453,50.065616607666016,0.040115496806421326,0.009561077732931451,0.0006000000284984708,0.07959999889135361,,,,,0.0,0.0,0.0,0.0,0.0960025371598215,2.2682142855091976,0.0,56.30664825439453,0.0,0.0,0.0,0.0,1.9453568229322187,0.22731636449863385,1.0,2.0,,,,,2482.413694985983,859.0128837673286,0.0,2807.3212890625,2942.3383880915944,956.9631458732403,0.0,3365.886474609375,144.50262892310764,195.2897475449798,0.0,1000.0,3.006569125111974,0.23048406235802152,1.0,4.0,,,,,,,,,,,,,,,,,,,,,9.829264415275093,1.2935979768336259,0.0,10.018738746643066,,,,
Day_2024_07_11_Wafer_01,2024-07-11,4,1,3247,31,18.985095398765015,120.24600093394169,0.12300000339746475,785.3181762695312,128.50012528584264,35.11390764599939,21.362957000732422,159.00143432617188,7.299424084855692,35.003704448362335,0.0,200.0,3.964028369473574,0.09842712579871915,3.5999999046325684,4.260000228881836,0.0,0.0,0.0,0.0,71.33039719203082,121.88232036295274,0.0,300.010009765625,408.15920106087754,270.54258291332866,0.0,600.02001953125,,,,,1.9940991684734766,0.03511329773315618,1.8600000143051147,2.0999999046325684,0.0,0.0,0.0,0.0,1371.0129010688352,0.033521640955539826,1371.0,1371.0999755859375,54.70846880697492,0.09686606231181384,54.5,54.900001525878906,10.177825621395504,0.041548082189118096,10.100000381469727,10.199999809265137,59.67446905523217,0.10020535274306969,59.29999923706055,59.900001525878906,,,,,,,,,,,,,,,,,1.3538766518684948,0.3925530741000294,0.10376293212175369,9.292275428771973,14.375240499788765,2.949642093805523,0.005493331700563431,14.994964599609375,3.3247881223504128,12.223676780939886,-34.119693756103516,33.204139709472656,85.34275117065857,13.949320298944247,7.861567974090576,92.52296447753906,40.84328209513108,22.967196450827668,0.0,80.20264434814453,519.0362490415206,230.6507904114203,0.0,977.3323974609375,3.4401700794226415,8.117488950434183,0.0,224.76882934570312,28.48731699274766,4.049857446917518,24.22254180908203,49.94354248046875,0.0405508465633616,0.009205681097810637,0.0006000000284984708,0.07080000638961792,,,,,0.0,0.0,0.0,0.0,0.1682418609421768,3.031747990301544,0.0,60.57924270629883,0.0,0.0,0.0,0.0,1.9433323067446875,0.23124215491248842,1.0,2.0,,,,,2586.3408076101573,710.29320070546,0.0,2807.656982421875,3058.5190593224875,798.4690010459252,0.0,3413.190185546875,137.7885246335712,177.30390006234916,0.0,1000.0,3.007699414844472,0.23206294070802863,1.0,4.0,,,,,,,,,,,,,,,,,,,,,9.81990860850032,1.3245463948393315,0.0,10.022767066955566,,,,
Day_2024_07_11_Wafer_02,2024-07-11,4,2,3246,31,0.12300000339746475,0.0,0.12300000339746475,0.12300000339746475,128.2152533522375,34.80580627367817,21.97332763671875,158.3910675048828,7.307082564149394,35.00945892298458,0.0,200.0,3.998062248811704,0.13103042052107353,3.5299999713897705,4.369999885559082,0.0,0.0,0.0,0.0,71.4984165195884,121.97502881855712,0.0,300.010009765625,407.71584886683405,270.7636124655439,0.0,600.02001953125,,,,,2.038228553052457,0.04203859565585371,1.8899999856948853,2.140000104904175,0.0,0.0,0.0,0.0,1371.017278590176,0.037806452275671996,1371.0,1371.0999755859375,54.717190411674046,0.14252966063913244,54.400001525878906,54.900001525878906,10.187738634815792,0.032804047731607965,10.100000381469727,10.199999809265137,59.69463965603399,0.07725402346415465,59.5,59.79999923706055,,,,,,,,,,,,,,,,,1.3347697934286138,0.39844048321044234,0.125736266374588,9.536423683166504,14.374801934707637,2.951380870695977,0.006714072078466415,14.993133544921875,3.4292988953440555,15.271498788326431,-90.76204681396484,35.828731536865234,86.355484704654,13.99407582043048,7.849360466003418,92.6358871459961,40.84782605279909,22.94143970078068,0.0,80.24842071533203,522.4172834912275,230.38981312680298,0.0,976.1650390625,3.262956107043313,7.993210145843175,0.0,227.51548767089844,28.54605565038788,3.973740574202562,24.2042293548584,49.937435150146484,0.04060841009351617,0.009252078568178635,0.0006000000284984708,0.07800000160932541,,,,,0.0,0.0,0.0,0.0,0.06308662898732936,1.7964095872676358,0.0,51.881465911865234,0.0,0.0,0.0,0.0,1.9433148490449785,0.2312756426289389,1.0,2.0,,,,,2587.062145945325,708.5885268201572,0.0,2806.314208984375,3060.344278068801,795.7853800172239,0.0,3372.447998046875,136.93305598052697,177.84916659942635,0.0,1000.0,3.007701786814541,0.23209865558836837,1.0,4.0,,,,,,,,,,,,,,,,,,,,,9.821190131863766,1.3249349503215857,0.0,10.032837867736816,,,,
Day_2024_07_11_Wafer_03,2024-07-11,4,3,3195,31,0.12300000339746475,0.0,0.12300000339746475,0.12300000339746475,129.93157513040893,32.34790384339084,22.27851104736328,158.08587646484375,7.434403763404218,35.27564824141441,0.0,200.0,3.988710511271756,0.13974245862734952,3.4700000286102295,4.46999979019165,0.0,0.0,0.0,0.0,72.5619686784762,122.56910514866732,0.0,300.010009765625,414.39277811154886,267.9042179948678,0.0,600.030029296875,,,,,2.0402816529938126,0.038782902385228614,1.899999976158142,2.1500000953674316,0.0,0.0,0.0,0.0,1371.0126729615977,0.033267539730994306,1371.0,1371.0999755859375,54.71007823078472,0.15152720954602142,54.400001525878906,54.900001525878906,10.184100056739293,0.036572977360529786,10.100000381469727,10.199999809265137,59.703568162753925,0.06839089948115008,59.5,59.79999923706055,,,,,,,,,,,,,,,,,1.3065337882355346,0.39309254042660335,0.1269569993019104,9.328898429870605,14.364885243315232,2.974463339011845,0.0024414807558059692,14.993743896484375,4.315030686582944,14.20248780913128,-33.936580657958984,38.758506774902344,87.8544574504727,7.562753375542266,35.32822799682617,92.31848907470703,41.517408885567775,22.548383641727842,0.0,80.24842071533203,535.8935501218028,222.47433279535224,0.0,980.2163696289062,3.3774103762783074,10.122825512140182,0.0,398.17498779296875,28.662707061051204,3.9114197153372263,26.297800064086914,49.937435150146484,0.0408586538915999,0.008939669649980072,0.0006000000284984708,0.06449999660253525,,,,,0.0,0.0,0.0,0.0,0.08262444676741001,2.0876449023188304,0.0,53.71257781982422,0.0,0.0,0.0,0.0,1.9424100156494524,0.23300294063431679,1.0,2.0,,,,,2644.393257516016,602.4362208563106,0.0,2804.468017578125,3117.651050759854,688.4285579240271,0.0,3368.327880859375,132.9336714534949,164.38437703097526,0.0,619.6783447265625,3.007824726134585,0.23394227103316292,1.0,4.0,,,,,,,,,,,,,,,,,,,,,9.817971222389472,1.3352202440119825,0.0,10.018738746643066,,,,
Day_2024_07_11_Wafer_04,2024-07-11,4,4,3247,31,0.12300000339746475,0.0,0.12300000339746475,0.12300000339746475,127.90996261152591,34.73405445152922,21.97332763671875,158.08587646484375,7.3476070307308765,35.0822849321091,0.0,200.0,3.9949245765681334,0.1178561276569463,3.549999952316284,4.369999885559082,0.0,0.0,0.0,0.0,71.31245763700892,121.8862482673481,0.0,300.010009765625,408.0415783298541,270.65868241631404,0.0,600.02001953125,,,,,2.0574807071083687,0.0428238705225655,1.9199999570846558,2.1600000858306885,0.0,0.0,0.0,0.0,1371.0129010688352,0.033521640955539826,1371.0,1371.0999755859375,54.72106574680903,0.16673424080066163,54.400001525878906,55.0,10.176162557305283,0.04261521181490829,10.100000381469727,10.199999809265137,59.69313216965713,0.0706822135911993,59.5,59.79999923706055,,,,,,,,,,,,,,,,,1.315432165502988,0.39296647739438867,0.12085329741239548,9.399701118469238,14.37486566028959,2.9506861453390814,0.0030518509447574615,14.993743896484375,3.582574117429667,12.952056741861254,-34.85213851928711,34.791099548339844,85.97821209355064,13.909767999581037,7.843256950378418,92.37036895751953,40.89041331132302,22.981653966202988,0.0,80.111083984375,524.7511664726273,231.23596565691903,0.0,982.2077026367188,3.3921788556872423,8.116637402964345,0.0,226.6914825439453,28.691529738928747,3.9167868914287594,24.22254180908203,49.96795654296875,0.04057671666952882,0.009262450860320412,0.0006000000284984708,0.07150000333786011,,,,,0.0,0.0,0.0,0.0,0.11353975771242264,2.4444351537271785,0.0,54.93331527709961,0.0,0.0,0.0,0.0,1.9430243301509085,0.23183182569037464,1.0,2.0,,,,,2585.948710642193,710.1636772066771,0.0,2804.468017578125,3059.4311840737605,798.8635355062781,0.0,3371.989990234375,139.54984800185758,178.0439520771031,0.0,1000.0,3.007699414844472,0.23206294070802863,1.0,4.0,,,,,,,,,,,,,,,,,,,,,9.821371937297402,1.3247504640287942,0.0,10.026795387268066,,,,
Day_2024_07_11_Wafer_05,2024-07-11,4,5,3195,31,0.12300000339746475,0.0,0.12300000339746475,0.12300000339746475,129.7762600303256,32.28763606904632,21.97332763671875,158.08587646484375,7.421862284622282,35.275835394214276,0.0,200.0,4.004331796046154,0.11649419853692336,3.609999895095825,4.289999961853027,0.0,0.0,0.0,0.0,72.3051986721474,122.43579236973949,0.0,300.010009765625,414.75917848010954,267.68022384778135,0.0,600.02001953125,,,,,2.0585727217798127,0.03979159203610417,1.909999966621399,2.1600000858306885,0.0,0.0,0.0,0.0,1371.0178360200264,0.03828187075505114,1371.0,1371.0999755859375,54.69862325605652,0.1951462924826912,54.400001525878906,55.0,10.147762236498144,0.0518034485202926,10.0,10.300000190734863,59.70744912351987,0.06747710471712225,59.599998474121094,59.900001525878906,,,,,,,,,,,,,,,,,1.3340602415175131,0.407726257691759,0.12451551854610443,9.726859092712402,14.364787800329065,2.9738270908218905,0.005493331700563431,14.993743896484375,4.103875085893371,11.902122458327502,-34.63850784301758,41.53569030761719,87.82240396777229,7.5678447017597295,35.35569381713867,92.25745391845703,41.523885099503545,22.557904605602523,0.0,79.8822021484375,536.8458344126718,223.0723477491251,0.0,983.5123901367188,3.481101669424763,10.50345867481826,0.0,387.8292236328125,28.780245864820404,3.8655320295780244,26.43818473815918,49.94354248046875,0.04088244095422088,0.008934219211635255,0.0006000000284984708,0.06440000236034393,,,,,0.0,0.0,0.0,0.0,0.16601305082556975,2.964769638791193,0.0,55.69628143310547,0.0,0.0,0.0,0.0,1.9424100156494524,0.23300294063431679,1.0,2.0,,,,,2644.9648450490267,600.6784756680511,0.0,2805.978515625,3117.1626572968626,685.947149602262,0.0,3368.17529296875,134.22668209992617,164.78055203999781,0.0,615.558349609375,3.007824726134585,0.23394227103316292,1.0,4.0,,,,,,,,,,,,,,,,,,,,,9.817980051115272,1.3352205957663323,0.0,10.018738746643066,,,,
Day_2024_07_11_Wafer_06,2024-07-11,4,6,3247,31,0.12300000339746475,0.0,0.12300000339746475,0.12300000339746475,127.99173380185319,34.76179859991334,21.362957000732422,157.78070068359375,7.314391746518725,35.00230868917005,0.0,200.0,3.9219495094406227,0.1257146820473865,3.5199999809265137,4.28000020980835,0.0,0.0,0.0,0.0,71.36169998560986,121.87132585113075,0.0,300.010009765625,407.8771681551993,270.6722532097639,0.0,600.02001953125,,,,,2.0619556023445282,0.038181383843355676,1.940000057220459,2.1700000762939453,0.0,0.0,0.0,0.0,1371.0144713659965,0.03518158690579384,1371.0,1371.0999755859375,54.699384642924976,0.19949020927114033,54.400001525878906,55.0,10.124084020050114,0.04439149658056304,10.100000381469727,10.300000190734863,59.70428090143982,0.07411531617469531,59.5,59.900001525878906,,,,,,,,,,,,,,,,,1.335220040210236,0.3953761901976121,0.12329477816820145,9.430219650268555,14.37502563241003,2.9500783244416766,0.006714072078466415,14.993133544921875,3.3995570701784747,11.379149053300429,-65.46220397949219,34.943695068359375,86.02859241381623,13.91991288949367,7.678456783294678,92.56263732910156,40.871464963982866,22.984575588422363,0.0,79.8822021484375,526.2461205785885,231.4054778876897,0.0,983.3750610351562,3.320868740180088,7.742324040006005,0.0,225.6843719482422,28.76280318548909,3.8844576116906255,24.2133846282959,49.937435150146484,0.04056667652274251,0.009248905590603497,0.0006000000284984708,0.07859999686479568,,,,,0.0,0.0,0.0,0.0,0.11419768666795191,2.457904405544427,0.0,54.93331527709961,0.0,0.0,0.0,0.0,1.9433323067446875,0.23124215491248842,1.0,2.0,,,,,2585.976675171613,710.0628744332389,0.0,2806.146484375,3057.253533422378,798.2766461374358,0.0,3370.464111328125,140.3073875579328,178.04187474114707,0.0,1000.0,3.007699414844472,0.23206294070802863,1.0,4.0,,,,,,,,,,,,,,,,,,,,,9.82144327284117,1.3247600493403604,0.0,10.026795387268066,,,,
Day_2024_07_11_Wafer_07,2024-07-11,4,7,3299,31,0.12300000339746475,0.0,0.12300000339746475,0.12300000339746475,126.15892965427201,36.85118214603358,20.752586364746094,157.78070068359375,7.1876174610714525,34.74052627215629,0.0,200.0,4.085137935073566,0.10735475820923701,3.619999885559082,4.380000114440918,0.0,0.0,0.0,0.0,70.30018486407317,121.17085684784016,0.0,300.010009765625,401.2096803098709,273.4633266572705,0.0,600.030029296875,,,,,2.069281547999664,0.03685562111661401,1.940000057220459,2.1600000858306885,0.0,0.0,0.0,0.0,1371.0134553380285,0.03412494939736831,1371.0,1371.0999755859375,54.70624478407505,0.2198675142084983,54.400001525878906,55.099998474121094,10.16611094588979,0.04734016486771946,10.100000381469727,10.199999809265137,59.70869968688354,0.07179642719039979,59.5,59.79999923706055,,,,,,,,,,,,,,,,,1.2966061205882382,0.40234653685027516,0.12207403779029846,9.823297500610352,14.384563479798379,2.92764967999499,0.009765923023223877,14.993743896484375,3.641536272377923,11.25219227103678,-59.6636848449707,33.234657287597656,84.32955023139561,18.471552270318455,0.0,92.56263732910156,40.207197207832166,23.347510698349424,0.0,79.927978515625,516.9519863585408,239.51040460662577,0.0,984.7483520507812,3.3516289322572375,7.803692920013852,0.0,222.84616088867188,28.711760956578342,3.883982327785933,24.23474884033203,50.05645751953125,0.0403706876980409,0.00933265716097615,0.0006000000284984708,0.06859999895095825,,,,,0.0,0.0,0.0,0.0,0.0778457893679163,1.998726844183958,0.0,52.3392448425293,0.0,0.0,0.0,0.0,1.944225522885723,0.22952048533208294,1.0,2.0,,,,,2533.0509506415224,790.9734081460806,0.0,2805.978515625,2998.7928222582245,885.0146064608089,0.0,3370.158935546875,142.5087858278572,187.4130657992346,0.0,1000.0,3.007578053955744,0.2302281863366009,1.0,4.0,,,,,,,,,,,,,,,,,,,,,9.824005433377732,1.3144215724383406,0.0,10.018738746643066,,,,
Day_2024_07_11_Wafer_08,2024-07-11,4,8,3299,31,0.12300000339746475,0.0,0.12300000339746475,0.12300000339746475,126.10120447349028,36.90669901509207,21.362957000732422,158.08587646484375,7.256304948076055,34.726753814571,0.0,200.0,3.9107547966268217,0.11397796445961542,3.450000047683716,4.239999771118164,0.0,0.0,0.0,0.0,70.40383441922957,121.2978594259525,0.0,300.010009765625,401.4473767239385,273.35748220969907,0.0,600.02001953125,,,,,2.0522460946533743,0.04046969253322805,1.9199999570846558,2.1700000762939453,0.0,0.0,0.0,0.0,1371.0168797821664,0.03745750080426739,1371.0,1371.0999755859375,54.69490810508763,0.203288914810213,54.400001525878906,55.0,10.18899653788298,0.031297696129518875,10.100000381469727,10.199999809265137,59.70785097282343,0.08238884277308584,59.5,59.79999923706055,,,,,,,,,,,,,,,,,1.2878792536921775,0.3982053151051706,0.12207403779029846,9.708548545837402,14.384559405824747,2.9276263910244795,0.009765923023223877,14.993743896484375,3.4525139170655628,10.800018960997294,-35.9508056640625,34.699546813964844,84.2817483252605,18.459930616408453,0.0,92.61146545410156,40.19734508494747,23.34141658621866,0.0,79.8822021484375,516.5776817643234,239.4552080412428,0.0,981.3837280273438,3.364908505672666,7.752089226543015,0.0,221.79327392578125,28.729529009330776,3.901938295346664,24.24390411376953,50.144962310791016,0.040320308758756106,0.009412781136616448,0.0006000000284984708,0.06890000402927399,,,,,0.0,0.0,0.0,0.0,0.14375799617900312,2.7501695991286437,0.0,54.93331527709961,0.0,0.0,0.0,0.0,1.944225522885723,0.22952048533208294,1.0,2.0,,,,,2533.0629537859336,791.0140159194908,0.0,2805.642822265625,2998.863125655679,885.0825555632423,0.0,3370.61669921875,142.53291213214533,187.36198571818815,0.0,1000.0,3.007578053955744,0.2302281863366009,1.0,4.0,,,,,,,,,,,,,,,,,,,,,9.824089706793233,1.3144413269693334,0.0,10.026795387268066,,,,
Day_2024_07_11_Wafer_09,2024-07-11,4,9,3351,31,0.12300000339746475,0.0,0.12300000339746475,0.12300000339746475,124.26233598247495,38.70887575028268,21.057771682739258,157.78070068359375,7.094712027254918,34.475460885890286,0.0,200.0,3.9160191235133905,0.10405583181722533,3.5399999618530273,4.170000076293945,0.0,0.0,0.0,0.0,69.19637714091702,120.52696493642381,0.0,300.010009765625,394.7628009152818,275.8265369663249,0.0,600.030029296875,,,,,2.0356400751847006,0.03588703551493884,1.899999976158142,2.1600000858306885,0.0,0.0,0.0,0.0,1371.0141415779572,0.03484523858489893,1371.0,1371.0999755859375,54.698687586134064,0.2038101396251176,54.400001525878906,55.0,10.18701868390226,0.03361447136912784,10.100000381469727,10.199999809265137,59.69737398243776,0.08073706547744809,59.400001525878906,59.79999923706055,,,,,,,,,,,,,,,,,1.3030858958293985,0.384332012416713,0.11719107627868652,9.352091789245605,14.394117679138995,2.9056647980381864,0.009765923023223877,14.993133544921875,3.8036390510611446,10.95672914478906,-35.09628677368164,34.180728912353516,82.48383261115293,21.914833206331277,0.0,92.44972229003906,39.57082660871988,23.706293384128795,0.0,79.8822021484375,506.76607885676617,247.25927891220618,0.0,983.1004028320312,3.429548240581072,7.682673324555483,0.0,226.3710479736328,28.644534518846076,3.8859748248160044,24.25000762939453,50.068668365478516,0.040072067639610104,0.00960823282938801,0.0006000000284984708,0.07479999959468842,,,,,0.0,0.0,0.0,0.0,0.09416932072151386,2.225362962649055,0.0,55.69628143310547,0.0,0.0,0.0,0.0,1.9450910176066847,0.22783651328957183,1.0,2.0,,,,,2482.0148440013536,859.2831457973278,0.0,2805.47509765625,2940.341815744717,957.4850375584494,0.0,3362.22412109375,140.85521766114942,194.38039074797612,0.0,1000.0,3.0074604595643093,0.22843627316775636,1.0,4.0,,,,,,,,,,,,,,,,,,,,,9.826760967963846,1.3043671512004134,0.0,10.016724586486816,,,,
Day_2024_07_11_Wafer_10,2024-07-11,4,10,3194,31,0.12300000339746475,0.0,0.12300000339746475,0.12300000339746475,129.8078142362008,32.52221081083783,21.362957000732422,158.08587646484375,7.416819036730642,35.286110526811406,0.0,200.0,3.8884596268535034,0.10605743761295305,3.440000057220459,4.190000057220459,0.0,0.0,0.0,0.0,72.46164985557724,122.4617922459582,0.0,300.010009765625,414.6176694506638,267.77619459743335,0.0,600.02001953125,,,,,2.085278586141005,0.029361102003082735,1.9600000381469727,2.1700000762939453,0.0,0.0,0.0,0.0,1371.0157131321669,0.03639288032481248,1371.0,1371.0999755859375,54.70122165357462,0.19496112326261714,54.400001525878906,55.0,10.188259112513954,0.03219539602453678,10.100000381469727,10.199999809265137,59.70485301725403,0.06270545060123098,59.5,59.79999923706055,,,,,,,,,,,,,,,,,1.3054530371374724,0.4059140862388482,0.10864589363336563,9.729300498962402,14.36937982935876,2.962767389890543,0.009765923023223877,14.994964599609375,2.9846509916751027,10.172223913867802,-35.218360900878906,38.941619873046875,87.8528543112796,7.598491526906482,35.37705612182617,92.49549865722656,41.55462921180797,22.538900719669968,0.0,79.8822021484375,536.2597853649237,223.48923712466816,0.0,985.0917358398438,3.388328500586558,9.867185876227444,0.0,397.90032958984375,28.83067534905937,3.837793207908242,26.328317642211914,50.154117584228516,0.04085497770438195,0.009004043154316183,0.0006000000284984708,0.06519999355077744,,,,,0.0,0.0,0.0,0.0,0.09875040526082535,2.276938797031657,0.0,54.170352935791016,0.0,0.0,0.0,0.0,1.9427050720100187,0.23244168094055248,1.0,2.0,,,,,2644.966142323589,600.7755851795839,0.0,2806.146484375,3116.965162187647,685.8697233894253,0.0,3366.34423828125,137.3215419627311,165.98343338301615,0.0,617.6030883789062,3.0078271759549153,0.233978860792093,1.0,4.0,,,,,,,,,,,,,,,,,,,,,9.821486538174605,1.3241361707604666,0.0,10.026795387268066,,,,
Day_2024_07_19_Wafer_01,2024-07-19,5,1,3196,31,19.429191571204587,122.0830355631305,0.12300000339746475,791.1818237304688,130.5967807405732,32.74762237273579,22.583696365356445,158.6962432861328,7.342900509862707,35.287493360951046,0.0,200.0,4.123398014168268,0.13133059857555368,3.569999933242798,4.46999979019165,0.0,0.0,0.0,0.0,72.59487167000188,122.53893217223354,0.0,300.010009765625,414.20109982066816,267.98978553412513,0.0,600.02001953125,,,,,1.991564454774236,0.038603854064549234,1.809999942779541,2.0899999141693115,0.0,0.0,0.0,0.0,1371.0100726341277,0.030097225300518192,1371.0,1371.0999755859375,54.4036606524853,0.2958277115748955,53.900001525878906,54.79999923706055,10.113172901437638,0.06060565876129088,10.0,10.199999809265137,59.725813552942384,0.08521408780040646,59.400001525878906,59.900001525878906,,,,,,,,,,,,,,,,,1.5159231214498512,0.41153504800241875,0.10864589363336563,9.377727508544922,14.36037549212836,2.984160353572371,0.0,14.994354248046875,3.0135595813412244,11.291114215693876,-32.68532180786133,37.65983963012695,87.01101186009909,7.77987472607154,35.07187271118164,92.95327758789062,41.53835069491657,22.564409568986573,0.0,80.29419708251953,529.6770424777187,222.17024573400388,0.0,971.3583984375,3.5599086980366885,10.344475532651858,0.0,372.9972229003906,28.529406389396392,4.022434116389913,25.33646583557129,49.94354248046875,0.04083832877612199,0.009012118076499202,0.0006000000284984708,0.06650000065565109,,,,,0.0,0.0,0.0,0.0,0.13540440059275144,2.7069253814616663,0.0,59.6636848449707,0.0,0.0,0.0,0.0,1.9421151439299125,0.2335621290253999,1.0,2.0,,,,,2644.6406534550633,602.5167767207918,0.0,2806.64990234375,3124.4987973247808,689.8996755671998,0.0,3377.635986328125,139.77962582360473,167.13800015799882,0.0,649.8306274414062,3.007822277847309,0.2339056984346324,1.0,4.0,,,,,,,,,,,,,,,,,,,,,9.81311260952669,1.3460123542499256,0.0,10.016724586486816,,,,
Day_2024_07_19_Wafer_02,2024-07-19,5,2,3351,31,0.12300000339746475,0.0,0.12300000339746475,0.12300000339746475,124.94392543748327,38.74344000044557,22.27851104736328,159.30662536621094,6.9719188300249595,34.50069738936029,0.0,200.0,4.184846322097482,0.11668824562167014,3.759999990463257,4.489999771118164,0.0,0.0,0.0,0.0,69.22726357933684,120.54400217405292,0.0,300.010009765625,394.78138320949745,275.71944333714595,0.0,600.0399780273438,,,,,2.0431333531624736,0.03693355034504135,1.9199999570846558,2.1500000953674316,0.0,0.0,0.0,0.0,1371.0166775149326,0.037277600661070984,1371.0,1371.0999755859375,54.397940544326495,0.22328352027654932,54.0,54.70000076293945,10.099642188397496,0.0437754069798805,10.0,10.199999809265137,59.70396892692181,0.0820578571006436,59.5,59.79999923706055,,,,,,,,,,,,,,,,,1.3562050431842272,0.39452880449714567,0.11963255703449249,9.477828025817871,14.393819144281904,2.907124325617231,0.0048829615116119385,14.993743896484375,3.6522486443947906,14.853606022657882,-57.61894607543945,40.92531967163086,82.67789339098297,22.01554404994471,0.0,92.7091293334961,39.65329763263917,23.744942698837555,0.0,80.6604232788086,501.7724711783286,245.37944369345033,0.0,981.177734375,3.232380087981826,7.769028371657498,0.0,220.55726623535156,28.38929652683915,3.9405457203941165,24.21949005126953,50.065616607666016,0.04007150079746225,0.00945054200459503,0.0006000000284984708,0.07190000265836716,,,,,0.0,0.0,0.0,0.0,0.04672036872483552,1.5614060962011327,0.0,53.10220718383789,0.0,0.0,0.0,0.0,1.9450910176066847,0.22783651328957183,1.0,2.0,,,,,2481.372438863938,860.5465996039917,0.0,2808.83203125,2948.4551756428236,962.997357663297,0.0,3376.110107421875,142.34349360823703,194.45403030022032,0.0,1000.0,3.0074604595643093,0.22843627316775636,1.0,4.0,,,,,,,,,,,,,,,,,,,,,9.826250079709073,1.3042985472870525,0.0,10.016724586486816,,,,
Day_2024_07_19_Wafer_03,2024-07-19,5,3,3247,31,0.12300000339746475,0.0,0.12300000339746475,0.12300000339746475,128.37032512257127,34.81912700055651,21.97332763671875,158.3910675048828,7.2297351403792325,35.02285671632148,0.0,200.0,4.201413618222287,0.11144738846367606,3.7300000190734863,4.489999771118164,0.0,0.0,0.0,0.0,71.4842285652363,121.93323589217236,0.0,300.010009765625,407.7457422533695,270.7960743530058,0.0,600.030029296875,,,,,2.0513827705295187,0.03793127351025021,1.940000057220459,2.1600000858306885,0.0,0.0,0.0,0.0,1371.0162264040002,0.03686959063970915,1371.0,1371.0999755859375,54.42177380889902,0.17358707501917428,54.20000076293945,54.70000076293945,10.129073205565467,0.045416648134171615,10.100000381469727,10.199999809265137,59.70612872105802,0.08549805658093644,59.400001525878906,59.900001525878906,,,,,,,,,,,,,,,,,1.3751755062115534,0.4000681768888159,0.11963255703449249,9.474165916442871,14.374850624685228,2.9511766607283754,0.0048829615116119385,14.993133544921875,3.8849113242311186,14.662984197107708,-33.875545501708984,39.857173919677734,85.99114315862981,13.939910422955874,7.940916061401367,92.39173889160156,40.92157096557335,22.980419796031928,0.0,80.29419708251953,524.4831194699931,230.51713315641152,0.0,985.3663940429688,3.3393377520804832,7.862704018511083,0.0,224.1279296875,28.627542358858975,3.949195120111362,24.2103328704834,50.129703521728516,0.040576655147204245,0.009252892763285656,0.0006000000284984708,0.07150000333786011,,,,,0.0,0.0,0.0,0.0,0.11363374705971077,2.4458976062875752,0.0,54.01776123046875,0.0,0.0,0.0,0.0,1.9433323067446875,0.23124215491248842,1.0,2.0,,,,,2586.399538651664,709.8834362175369,0.0,2808.83203125,3062.296136562957,798.3547708033798,0.0,3376.415283203125,139.73384251547412,180.03544557028528,0.0,1000.0,3.007699414844472,0.23206294070802863,1.0,4.0,,,,,,,,,,,,,,,,,,,,,9.821394266845779,1.32475392630779,0.0,10.018738746643066,,,,
Day_2024_07_19_Wafer_04,2024-07-19,5,4,3299,31,0.12300000339746475,0.0,0.12300000339746475,0.12300000339746475,126.64524626059762,36.77270546733349,21.97332763671875,158.3910675048828,7.094607448732132,34.755170286506754,0.0,200.00999450683594,4.173458631850258,0.11360463013710073,3.6600000858306885,4.46999979019165,0.0,0.0,0.0,0.0,70.3993300834931,121.18386215613346,0.0,300.0199890136719,401.05819812994287,273.49949057762035,0.0,600.02001953125,,,,,2.0665443562926504,0.03786767625037982,1.9199999570846558,2.1700000762939453,0.0,0.0,0.0,0.0,1371.0121825357826,0.032708810359775936,1371.0,1371.0999755859375,54.41442838485547,0.2167017821351482,54.099998474121094,54.79999923706055,10.166353442228791,0.047256918791341154,10.100000381469727,10.199999809265137,59.70366781211037,0.08845674672928511,59.400001525878906,59.79999923706055,,,,,,,,,,,,,,,,,1.3740785469716879,0.40184253271678017,0.12207403779029846,9.57670783996582,14.384546647067953,2.928874091064457,0.0048829615116119385,14.993133544921875,3.7926486834282946,13.900123802219058,-34.119693756103516,40.19287872314453,84.16753191435633,18.430197272352522,0.0,92.40394592285156,40.31434964541053,23.363293868401897,0.0,80.29419708251953,514.4317191252024,240.06549651479295,0.0,983.9930419921875,3.4364406050355933,8.017814050016108,0.0,221.06082153320312,28.61849217965553,3.9185490986626057,24.2072811126709,50.065616607666016,0.04035762321605102,0.009309700016827795,0.000699999975040555,0.06809999793767929,,,,,0.0,0.0,0.0,0.0,0.13899381741063815,2.6583355922212175,0.0,53.10220718383789,0.0,0.0,0.0,0.0,1.944225522885723,0.22952048533208294,1.0,2.0,,,,,2533.1577460874964,791.0690096513672,0.0,2805.978515625,3003.4455753637467,886.3525462873689,0.0,3374.889404296875,141.75267799488384,188.31339944114103,0.0,1000.0,3.007578053955744,0.2302281863366009,1.0,4.0,,,,,,,,,,,,,,,,,,,,,9.824017055253615,1.314426877137623,0.0,10.024781227111816,,,,
Day_2024_07_19_Wafer_05,2024-07-19,5,5,3246,31,0.12300000339746475,0.0,0.12300000339746475,0.12300000339746475,128.3313666847262,34.72444263419225,22.583696365356445,159.00143432617188,7.164291426865355,35.03904267782758,0.0,200.0,4.14520949929567,0.12663354124554116,3.759999990463257,4.510000228881836,0.0,0.0,0.0,0.0,71.5530652095181,121.99047158099717,0.0,300.010009765625,407.58732146570986,270.92310278566794,0.0,600.010009765625,,,,,2.062307403069988,0.03691163954221005,1.909999966621399,2.1600000858306885,0.0,0.0,0.0,0.0,1371.0173401894278,0.03785967517966957,1371.0,1371.0999755859375,54.40985811483838,0.2377248193174985,54.0,54.79999923706055,10.18564376078927,0.035069636381133924,10.100000381469727,10.199999809265137,59.706931555484154,0.08406839267904448,59.5,59.900001525878906,,,,,,,,,,,,,,,,,1.3808326245602898,0.39542113711614685,0.12207403779029846,9.311807632446289,14.374610313875985,2.9514884209428165,0.0048829615116119385,14.993743896484375,3.7776386586516564,12.754994461450607,-82.15583038330078,39.39939498901367,85.84892627903508,13.9697594477626,7.721182823181152,92.21778106689453,40.906902863225746,22.968972824252376,0.0,80.29419708251953,525.8505313377357,231.22208185835126,0.0,984.1990356445312,3.4373375230428067,7.9619314535446275,0.0,228.29371643066406,28.72557146609454,3.89281490330294,24.23474884033203,50.071720123291016,0.04057489190817577,0.009207883474046075,0.0006000000284984708,0.07750000059604645,,,,,0.0,0.0,0.0,0.0,0.06548410863400388,1.8656629719577045,0.0,55.69628143310547,0.0,0.0,0.0,0.0,1.9433148490449785,0.2312756426289389,1.0,2.0,,,,,2586.0053415163316,710.0683488663927,0.0,2807.3212890625,3062.608017672893,798.4725891921287,0.0,3374.279052734375,143.27178654218585,180.74942139989415,0.0,1000.0,3.007701786814541,0.23209865558836837,1.0,4.0,,,,,,,,,,,,,,,,,,,,,9.821633195847696,1.3249911758584303,0.0,10.030823707580566,,,,
Day_2024_07_19_Wafer_06,2024-07-19,5,6,3247,31,0.12300000339746475,0.0,0.12300000339746475,0.12300000339746475,128.25481141527726,34.74829057447237,22.583696365356445,158.3910675048828,7.125768401665475,35.039038375882726,0.0,200.0,4.0934093184275815,0.1158123014389952,3.390000104904175,4.449999809265137,0.0,0.0,0.0,0.0,71.57769010237165,122.00281263022923,0.0,300.010009765625,407.52859733609154,270.82946322399323,0.0,600.010009765625,,,,,2.0665629271694357,0.03623296658781774,1.9299999475479126,2.180000066757202,0.0,0.0,0.0,0.0,1371.0152103293665,0.03591245842509544,1371.0,1371.0999755859375,54.39950690403108,0.23373758305707043,54.0,54.79999923706055,10.149183962651316,0.0535701605997933,10.0,10.300000190734863,59.70264858695813,0.08258230709819253,59.400001525878906,59.79999923706055,,,,,,,,,,,,,,,,,1.3499332137812017,0.40626111040911067,0.125736266374588,9.721976280212402,14.37481565975527,2.951016005179542,0.0030518509447574615,14.993743896484375,3.8924869091502696,11.431568710330065,-34.27228546142578,31.9833984375,85.83701577258543,13.933132305039583,7.440412521362305,92.33069610595703,40.915283015738424,22.975949812865263,0.0,79.927978515625,525.6432410481896,231.7900848847579,0.0,983.9930419921875,3.39153033068956,7.723453512680429,0.0,224.49415588378906,28.75662900808961,3.8873062545775787,24.2164363861084,50.065616607666016,0.04056658426333106,0.009234907433988965,0.000699999975040555,0.07580000162124634,,,,,0.0,0.0,0.0,0.0,0.12881311123504027,2.593773459137183,0.0,55.39109420776367,0.0,0.0,0.0,0.0,1.9433323067446875,0.23124215491248842,1.0,2.0,,,,,2586.004021449863,710.1054622164838,0.0,2805.139404296875,3058.6576004803715,798.6258617390467,0.0,3393.810791015625,140.39800323670988,179.84095632763896,0.0,1000.0,3.007699414844472,0.23206294070802863,1.0,4.0,,,,,,,,,,,,,,,,,,,,,9.821014018950185,1.3247007437393448,0.0,10.016724586486816,,,,
Day_2024_07_19_Wafer_07,2024-07-19,5,7,3246,31,0.12300000339746475,0.0,0.12300000339746475,0.12300000339746475,128.36436731405487,34.69469257409963,22.583696365356445,158.08587646484375,7.245554528589339,35.021769885677266,0.0,200.0,4.067245864824094,0.11106982785941306,3.6700000762939453,4.389999866485596,0.0,0.0,0.0,0.0,71.43776026246088,121.879789426617,0.0,300.010009765625,407.88257723918167,270.7115448266745,0.0,600.010009765625,,,,,2.0562014325636078,0.04017856458850293,1.8799999952316284,2.1600000858306885,0.0,0.0,0.0,0.0,1371.0139214309438,0.03461742564956156,1371.0,1371.0999755859375,54.40178643518661,0.24182795416990582,54.0,54.70000076293945,10.164972283262863,0.04771274783667713,10.100000381469727,10.199999809265137,59.703173183175565,0.07606928050571232,59.400001525878906,59.79999923706055,,,,,,,,,,,,,,,,,1.4083071793357824,0.40810649077677075,0.11352885514497757,9.606005668640137,14.374631390667584,2.951240868627971,0.0048829615116119385,14.993743896484375,3.6534585885184825,10.618315866178893,-43.15317153930664,35.920284271240234,85.84891962696577,13.882677712393878,7.058931350708008,92.28797149658203,40.920427474576016,22.95928194664373,0.0,79.927978515625,527.447105055155,232.5843057825911,0.0,984.4736938476562,3.3597014788871036,7.556859028976109,0.0,225.22659301757812,28.780451189935466,3.8882406287250837,24.22864532470703,49.94964599609375,0.04057412176533991,0.009241679774074191,0.000699999975040555,0.07689999788999557,,,,,0.0,0.0,0.0,0.0,0.05015904067551289,1.6502652343607664,0.0,56.00146484375,0.0,0.0,0.0,0.0,1.9433148490449785,0.2312756426289389,1.0,2.0,,,,,2586.778149513719,708.5572747208377,0.0,2805.810791015625,3061.74022388282,796.0687931161067,0.0,3373.51611328125,143.4463983428695,180.63491086789477,0.0,1000.0,3.007701786814541,0.23209865558836837,1.0,4.0,,,,,,,,,,,,,,,,,,,,,9.821371340854478,1.3249568158932719,0.0,10.028809547424316,,,,
Day_2024_07_19_Wafer_08,2024-07-19,5,8,3247,31,0.12300000339746475,0.0,0.12300000339746475,0.12300000339746475,128.3589523710175,34.77956808742824,21.057771682739258,158.6962432861328,7.196636896128421,34.84789280145647,0.0,200.0,4.012694827806116,0.11285997924751003,3.559999942779541,4.340000152587891,0.0,0.0,0.0,0.0,71.42750240172956,121.95947760727182,0.0,300.010009765625,407.8436667856654,270.7910801698863,0.0,600.02001953125,,,,,2.0500338324628173,0.034888655157260334,1.8899999856948853,2.140000104904175,0.0,0.0,0.0,0.0,1371.0137324026264,0.034419340117234846,1371.0,1371.0999755859375,54.405019858230766,0.2459709708469656,54.0,54.79999923706055,10.146627775367898,0.050811290282562226,10.100000381469727,10.300000190734863,59.71139511211784,0.08883839782192615,59.400001525878906,59.900001525878906,,,,,,,,,,,,,,,,,1.3897796517262688,0.40803733713076057,0.12207403779029846,9.679250717163086,14.374788963645788,2.9506957466829364,0.0079348124563694,14.993133544921875,3.7441897000170945,10.095291074528147,-103.57981872558594,32.166507720947266,85.81095139327547,13.996634966986301,6.860560894012451,92.31543731689453,40.90731738800998,22.997088401658885,0.0,79.927978515625,526.398616230374,230.72918474009967,0.0,985.6410522460938,3.256875737792516,6.4311692896362995,0.0,168.2332763671875,28.787984944359135,3.89217209493169,24.1828670501709,50.144962310791016,0.04056094833795259,0.009214563857133496,0.000699999975040555,0.07330000400543213,,,,,0.0,0.0,0.0,0.0,0.11335177784300893,2.440070456045881,0.0,54.62813186645508,0.0,0.0,0.0,0.0,1.9433323067446875,0.23124215491248842,1.0,2.0,,,,,2585.5725311100723,710.7758484391263,0.0,2804.6357421875,3058.502329336154,798.9469451396915,0.0,3412.732421875,142.84575315139452,180.8965329868835,0.0,1000.0,3.007699414844472,0.23206294070802863,1.0,4.0,,,,,,,,,,,,,,,,,,,,,9.81791048340699,1.335858486358758,0.0,10.016724586486816,,,,
Day_2024_07_19_Wafer_09,2024-07-19,5,9,3195,31,0.12300000339746475,0.0,0.12300000339746475,0.12300000339746475,130.08240058552678,32.475131604757344,22.583696365356445,157.78070068359375,7.413868544495582,35.277534080409076,0.0,200.0,4.12311424544906,0.10663947254218847,3.6600000858306885,4.460000038146973,0.0,0.0,0.0,0.0,72.54851326713913,122.53962711184357,0.0,300.010009765625,414.3573321169251,267.8829175114122,0.0,600.030029296875,,,,,2.067589931607433,0.03835714847711419,1.9500000476837158,2.1700000762939453,0.0,0.0,0.0,0.0,1371.010263534331,0.030348822060172528,1371.0,1371.0999755859375,54.40159606933594,0.2362447858398999,54.0,54.79999923706055,10.190422408233786,0.03246739762650217,10.100000381469727,10.300000190734863,59.70575903234347,0.0748073012085575,59.5,59.900001525878906,,,,,,,,,,,,,,,,,1.3366602845198485,0.3925760262749844,0.12207403779029846,9.234901428222656,14.36497998903848,2.9739221542405647,0.006714072078466415,14.993743896484375,3.4669504356682768,9.163831385076328,-33.47880554199219,34.30280303955078,87.57388110929439,7.513623771761931,35.48081970214844,92.19336700439453,41.564318452456,22.553543374725592,0.0,79.927978515625,537.1236821373117,222.41347000283415,0.0,985.9157104492188,3.252943571168399,9.611277070154655,0.0,398.5412292480469,28.836206918516442,3.830707351566821,26.18793296813965,49.98321533203125,0.04085740199212731,0.009052398124050603,0.000699999975040555,0.06509999930858612,,,,,0.0,0.0,0.0,0.0,0.1354945402190159,2.7072715932055975,0.0,58.90072250366211,0.0,0.0,0.0,0.0,1.9424100156494524,0.23300294063431679,1.0,2.0,,,,,2644.7913717111696,600.671010425624,0.0,2805.810791015625,3120.6942572317585,686.7364680097977,0.0,3372.90576171875,140.4628698295294,167.96172595780547,0.0,619.7088623046875,3.007824726134585,0.23394227103316292,1.0,4.0,,,,,,,,,,,,,,,,,,,,,9.81856003762784,1.3353040437773929,0.0,10.032837867736816,,,,
Day_2024_07_19_Wafer_10,2024-07-19,5,10,3245,31,0.12300000339746475,0.0,0.12300000339746475,0.12300000339746475,128.39329754810305,34.81795242646508,21.97332763671875,158.08587646484375,7.146323583067864,34.87327653449824,0.0,200.0,4.136992300383299,0.10703582642731689,3.7100000381469727,4.409999847412109,0.0,0.0,0.0,0.0,71.29425873091941,121.79236606371427,0.0,300.010009765625,407.9432129364719,270.67826366004476,0.0,600.0399780273438,,,,,2.067352795196792,0.03500641711924116,1.9500000476837158,2.1600000858306885,0.0,0.0,0.0,0.0,1371.0166369233918,0.03724146007420401,1371.0,1371.0999755859375,54.39704156414202,0.2121548013625953,54.099998474121094,54.70000076293945,10.199999809265137,0.0,10.199999809265137,10.199999809265137,59.70477666281772,0.07684422103592997,59.5,59.79999923706055,,,,,,,,,,,,,,,,,1.3465537602985953,0.3896196733784645,0.11719107627868652,9.23367977142334,14.379387883013129,2.940383740593644,0.006103701889514923,14.993743896484375,3.458955634577065,9.487271183500384,-97.62871551513672,30.579545974731445,85.6108537449124,13.853915834814188,7.159642219543457,92.18115997314453,40.924714544263935,22.976490245572084,0.0,79.927978515625,527.193288013711,231.7438274751913,0.0,984.1990356445312,3.310289588703764,7.325107511053529,0.0,220.69459533691406,28.779866669100862,3.8521060182333984,24.27136993408203,50.065616607666016,0.04059158687254497,0.009253881916583868,0.000699999975040555,0.0763000026345253,,,,,0.0,0.0,0.0,0.0,0.0799406266175727,2.0370675601379733,0.0,55.69628143310547,0.0,0.0,0.0,0.0,1.9436055469953775,0.230717408389476,1.0,2.0,,,,,2587.403940266049,707.3495946878021,0.0,2804.6357421875,3058.6955109347914,794.6906846024349,0.0,3371.22705078125,142.53900927892315,180.76479349369924,0.0,1000.0,3.0077041602465333,0.23213438696350816,1.0,4.0,,,,,,,,,,,,,,,,,,,,,9.82101565862106,1.3251142017212505,0.0,10.016724586486816,,,,
Day_2024_08_07_Wafer_01,2024-08-07,8,1,3299,31,18.757639893009088,119.76637303006346,0.12300000339746475,788.272705078125,126.68049217275,37.215070398856234,21.057771682739258,157.78070068359375,7.194449833414435,34.73847928668096,0.0,200.0,4.223767812919096,0.1121517131001304,3.7300000190734863,4.519999980926514,0.0,0.0,0.0,0.0,70.31642306033407,121.14385480147436,0.0,300.0,401.47108079751865,273.28572320992754,0.0,600.02001953125,,,,,2.0473779554474025,0.03928104279116662,1.899999976158142,2.190000057220459,0.0,0.0,0.0,0.0,1371.01318259469,0.03383051507155228,1371.0,1371.0999755859375,54.902454695364824,0.23437889517509794,54.5,55.20000076293945,10.122340356700166,0.04165856809716792,10.100000381469727,10.199999809265137,59.1766598248489,0.10015561026874908,58.79999923706055,59.29999923706055,,,,,,,,,,,,,,,,,1.3564227708689045,0.38851536429497086,0.13061922788619995,9.269082069396973,14.38547262767904,2.9233581694661366,0.0,14.993743896484375,3.53372701914898,12.17509449783809,-32.3191032409668,34.180728912353516,83.5754618521494,18.388262949967956,0.0,92.60231018066406,40.28065808074479,23.386515767492792,0.0,80.29419708251953,509.81375626688043,238.87217814044362,0.0,976.8516845703125,3.441519311927067,8.137961793406001,0.0,225.13504028320312,28.43333758423277,4.04420679789985,24.25916290283203,49.937435150146484,0.04037981173911429,0.009261356129115593,0.0006000000284984708,0.06519999355077744,,,,,0.0,0.0,0.0,0.0,0.11545043903685007,2.5072944526463297,0.0,58.137760162353516,0.0,0.0,0.0,0.0,1.944225522885723,0.22952048533208294,1.0,2.0,,,,,2533.4290852287963,791.2492850776829,0.0,2805.139404296875,3007.3809747849136,887.6784949077455,0.0,3379.9248046875,141.05872624957152,187.3803923851757,0.0,1000.0,3.007578053955744,0.2302281863366009,1.0,4.0,,,,,,,,,,,,,,,,,,,,,9.822734912838781,1.314251940422688,0.0,10.016724586486816,,,,
Day_2024_08_07_Wafer_02,2024-08-07,8,2,3298,31,0.12300000339746475,0.0,0.12300000339746475,0.12300000339746475,126.293143187963,36.87946200489865,21.97332763671875,157.78070068359375,7.16441480574306,34.74941713261671,0.0,200.0,4.06080656582258,0.12799004169297465,3.609999895095825,4.360000133514404,0.0,0.0,0.0,0.0,70.20414800857114,121.08622010931508,0.0,300.010009765625,401.32745151164823,273.2832035967236,0.0,600.010009765625,,,,,2.0851394355188653,0.03877949654031294,1.9600000381469727,2.200000047683716,0.0,0.0,0.0,0.0,1371.0136413019018,0.03432301327344389,1371.0,1371.0999755859375,54.914796592106306,0.23113587295924704,54.5,55.29999923706055,10.188720310435576,0.03163889786692226,10.100000381469727,10.199999809265137,59.199666441390555,0.08375772379506652,59.0,59.29999923706055,,,,,,,,,,,,,,,,,1.2602630553054333,0.3876542465373846,0.12207403779029846,9.419232368469238,14.384022671219894,2.929623293584891,0.0,14.993743896484375,3.805754363428397,14.560689970223104,-32.074954986572266,44.129764556884766,84.67882643715495,18.536299708786206,0.0,92.7976303100586,40.308737109399985,23.41507634813827,0.0,80.56886291503906,513.2151601963726,238.35657710471216,0.0,979.2550659179688,3.172379624623785,7.832051392890572,0.0,226.82882690429688,28.471106096641304,3.9491209138182732,24.2133846282959,49.99237060546875,0.04034035753399719,0.009289411447362752,0.0006000000284984708,0.06809999793767929,,,,,0.0,0.0,0.0,0.0,0.04733237618746506,1.569376058404079,0.0,53.10220718383789,0.0,0.0,0.0,0.0,1.9442086112795633,0.22955323442652859,1.0,2.0,,,,,2533.086575278519,791.1737925030947,0.0,2806.146484375,3007.63538349029,887.9707708202172,0.0,3378.7041015625,139.26136438872524,186.95569289160483,0.0,1000.0,3.00758035172832,0.23026306065553448,1.0,4.0,,,,,,,,,,,,,,,,,,,,,9.824083213158417,1.3146432613462204,0.0,10.032837867736816,,,,
Day_2024_08_07_Wafer_03,2024-08-07,8,3,3298,31,0.12300000339746475,0.0,0.12300000339746475,0.12300000339746475,126.12842852104932,36.90020519767965,21.057771682739258,157.78070068359375,7.194875682799034,34.744581781631354,0.0,200.0,4.087534890961401,0.11744376224062751,3.5899999141693115,4.420000076293945,0.0,0.0,0.0,0.0,70.35979385822932,121.21834793937045,0.0,300.010009765625,401.1928882216453,273.47368983081674,0.0,600.02001953125,,,,,2.0919314348169933,0.03888343042016431,1.9600000381469727,2.200000047683716,0.0,0.0,0.0,0.0,1371.017309296413,0.037832913024652234,1371.0,1371.0999755859375,54.91218888217424,0.2214946480219277,54.599998474121094,55.20000076293945,10.200909454942545,0.009495514663259676,10.199999809265137,10.300000190734863,59.20379020663158,0.08525250042572098,58.900001525878906,59.29999923706055,,,,,,,,,,,,,,,,,1.2604692270600883,0.3905502466131518,0.10498367249965668,9.494918823242188,14.384047289288011,2.9296212824780183,0.0,14.993743896484375,4.261736802725158,13.384767372504754,-62.105167388916016,40.92531967163086,84.34317728056556,18.47578644464011,0.0,92.6786117553711,40.2997009966719,23.38367900151337,0.0,80.29419708251953,515.8331744909431,238.11103549276254,0.0,982.7570190429688,3.338001304788977,7.994083952282847,0.0,224.95193481445312,28.552838903257094,3.97057430706786,24.25916290283203,50.129703521728516,0.0403354454266976,0.00938608525413673,0.000699999975040555,0.06430000066757202,,,,,0.0,0.0,0.0,0.0,0.09637667469142638,2.2585174460572586,0.0,54.62813186645508,0.0,0.0,0.0,0.0,1.9442086112795633,0.22955323442652859,1.0,2.0,,,,,2533.2252640964193,791.1125603523111,0.0,2806.482177734375,3005.4876578326944,885.9942510031342,0.0,3377.17822265625,139.2149297715503,188.12431355438932,0.0,1000.0,3.00758035172832,0.23026306065553448,1.0,4.0,,,,,,,,,,,,,,,,,,,,,9.823780291148429,1.3145994901231148,0.0,10.022767066955566,,,,
Day_2024_08_07_Wafer_04,2024-08-07,8,4,3247,31,0.12300000339746475,0.0,0.12300000339746475,0.12300000339746475,127.84698933647492,34.784271824041504,20.752586364746094,157.78070068359375,7.31729905356168,35.00525431159423,0.0,200.0,4.119775186952239,0.11141049286032785,3.619999885559082,4.460000038146973,0.0,0.0,0.0,0.0,71.49510326617276,121.86615693170776,0.0,300.010009765625,407.76848038442694,270.70920622191494,0.0,600.02001953125,,,,,2.0960455470207036,0.03877290059730567,1.9700000286102295,2.190000057220459,0.0,0.0,0.0,0.0,1371.012377636448,0.03293310797035725,1371.0,1371.0999755859375,54.90659048434658,0.2352089116497848,54.5,55.29999923706055,10.19541099749237,0.02674362273335741,10.100000381469727,10.300000190734863,59.19950724543885,0.08288394775290074,59.0,59.29999923706055,,,,,,,,,,,,,,,,,1.2584382140401476,0.3941341594748431,0.10986663401126862,9.541306495666504,14.374542139914583,2.951051081197031,0.003662221133708954,14.993133544921875,3.4783863582205763,12.146476761491048,-54.35346603393555,38.88058090209961,85.81890762391956,13.952500956186112,7.599108695983887,92.41920471191406,40.93607830509318,22.99398698336543,0.0,80.111083984375,524.4290232656917,232.11487379804555,0.0,983.1004028320312,3.4008917203594673,7.979038272659927,0.0,228.75149536132812,28.68282435364014,3.93268022130991,24.22254180908203,50.111392974853516,0.04060640551082011,0.009199569529359457,0.000699999975040555,0.07599999755620956,,,,,0.0,0.0,0.0,0.0,0.11537256173291573,2.4836351433394728,0.0,55.848873138427734,0.0,0.0,0.0,0.0,1.9433323067446875,0.23124215491248842,1.0,2.0,,,,,2585.950156378386,710.0163759234568,0.0,2810.1748046875,3062.1307609142214,799.5052471027518,0.0,3374.889404296875,137.15528693730954,178.72580112912283,0.0,1000.0,3.007699414844472,0.23206294070802863,1.0,4.0,,,,,,,,,,,,,,,,,,,,,9.82136576176424,1.3247454828817113,0.0,10.030823707580566,,,,
Day_2024_08_07_Wafer_05,2024-08-07,8,5,3247,31,0.12300000339746475,0.0,0.12300000339746475,0.12300000339746475,127.89840191476044,34.77148076199833,21.362957000732422,158.08587646484375,7.291995688673989,35.00679418019566,0.0,200.0,4.0217832141485,0.12556560054947144,3.5199999809265137,4.420000076293945,0.0,0.0,0.0,0.0,71.23899928720459,121.78565372709943,0.0,300.010009765625,407.8345905397355,270.6507035525955,0.0,600.010009765625,,,,,2.09468429001214,0.03826352815632335,1.9500000476837158,2.190000057220459,0.0,0.0,0.0,0.0,1371.0159492927367,0.036613833627179,1371.0,1371.0999755859375,54.90301805149051,0.20755155129189753,54.599998474121094,55.29999923706055,10.167138894741669,0.04697778861647836,10.100000381469727,10.199999809265137,59.20699108935592,0.07875203661234552,59.0,59.400001525878906,,,,,,,,,,,,,,,,,1.3012908253145283,0.404392089630528,0.11841181665658951,9.64140796661377,14.374589327695253,2.951120843170464,0.0030518509447574615,14.993743896484375,3.934406393008266,10.357690711003848,-57.43583297729492,34.57747268676758,85.73207607495443,13.90900893831412,7.483138561248779,92.31848907470703,40.93380840749127,23.002243168342655,0.0,79.927978515625,526.0162231097561,231.3664977017372,0.0,985.8470458984375,3.3434827016086572,7.764804518574396,0.0,228.2479248046875,28.727117113748402,3.908666746550221,24.25305938720703,49.94964599609375,0.04060437288542582,0.009158191148334119,0.000699999975040555,0.07100000232458115,,,,,0.0,0.0,0.0,0.0,0.08393294883941847,2.1396300501167462,0.0,56.91701889038086,0.0,0.0,0.0,0.0,1.9433323067446875,0.23124215491248842,1.0,2.0,,,,,2585.9132437886624,709.7793331785088,0.0,2806.146484375,3063.0317947110434,798.612747529743,0.0,3378.09375,140.54152575657253,180.08885644083858,0.0,1000.0,3.007699414844472,0.23206294070802863,1.0,4.0,,,,,,,,,,,,,,,,,,,,,9.820989809955565,1.3246983317345733,0.0,10.018738746643066,,,,
Day_2024_08_07_Wafer_06,2024-08-07,8,6,3246,31,0.12300000339746475,0.0,0.12300000339746475,0.12300000339746475,127.8824265645157,34.67551277385816,21.362957000732422,157.4755096435547,7.30383548217304,35.00900941647624,0.0,200.0,4.151873075660922,0.10850091933806182,3.630000114440918,4.409999847412109,0.0,0.0,0.0,0.0,71.21540682763607,121.80502345126519,0.0,300.010009765625,407.8751802904989,270.6822128007376,0.0,600.010009765625,,,,,2.0891404351700404,0.037905518679536426,1.9600000381469727,2.2300000190734863,0.0,0.0,0.0,0.0,1371.015338213739,0.03603590102163336,1371.0,1371.0999755859375,54.892852249662596,0.19187959745828698,54.599998474121094,55.20000076293945,10.179328336145726,0.041626688666714436,10.100000381469727,10.300000190734863,59.20431317713109,0.0678973321103439,59.0,59.29999923706055,,,,,,,,,,,,,,,,,1.22108185827475,0.38804633460251925,0.11352885514497757,9.410687446594238,14.374485831881012,2.95124809711359,0.0030518509447574615,14.993133544921875,3.7526202375185176,9.954472049643833,-75.3501968383789,35.09628677368164,85.52349412845228,13.840960667964254,7.82799768447876,92.22998809814453,40.93022893199345,23.004701386486744,0.0,79.927978515625,527.0462324761786,232.17891840251434,0.0,983.6497192382812,3.4501287791182507,7.790706470421942,0.0,222.15948486328125,28.772821561539534,3.8927192840629896,24.23780059814453,49.937435150146484,0.040569777791049776,0.009120982546858678,0.000699999975040555,0.07750000059604645,,,,,0.0,0.0,0.0,0.0,0.16312265307978208,2.936445376250269,0.0,56.30664825439453,0.0,0.0,0.0,0.0,1.9433148490449785,0.2312756426289389,1.0,2.0,,,,,2585.7669503992897,710.1992927764885,0.0,2805.978515625,3062.8213462618055,799.8667023434443,0.0,3380.535400390625,141.1448833336566,179.53617250580947,0.0,1000.0,3.007701786814541,0.23209865558836837,1.0,4.0,,,,,,,,,,,,,,,,,,,,,9.821171525813002,1.3249292338006586,0.0,10.026795387268066,,,,
Day_2024_08_07_Wafer_07,2024-08-07,8,7,3246,31,0.12300000339746475,0.0,0.12300000339746475,0.12300000339746475,127.98396694079932,34.74151308487823,21.362957000732422,157.78070068359375,7.231164510964369,34.8484673313833,0.0,200.0,4.176062848563555,0.11445465976311939,3.7300000190734863,4.449999809265137,0.0,0.0,0.0,0.0,71.39792366720133,121.84658653936005,0.0,300.010009765625,407.9256917174334,270.6417454391778,0.0,600.02001953125,,,,,2.098040630695486,0.0392579392549003,1.9600000381469727,2.200000047683716,0.0,0.0,0.0,0.0,1371.01379823244,0.0344885719304523,1371.0,1371.0999755859375,54.90896472237541,0.21497793601642223,54.599998474121094,55.20000076293945,10.200461922643806,0.01176696418756277,10.100000381469727,10.300000190734863,59.207979043618586,0.08071964878347819,59.0,59.400001525878906,,,,,,,,,,,,,,,,,1.2704447488669472,0.3856483736331376,0.10986663401126862,9.260536193847656,14.379103855710207,2.9407197530255527,0.003662221133708954,14.993133544921875,3.7139690878651277,9.166149399851358,-44.46546936035156,35.09628677368164,85.44235507368087,13.871851971338412,7.38547945022583,93.08450317382812,40.968348791624244,22.99960159016647,0.0,79.8822021484375,527.005277745311,231.95008375815726,0.0,984.5423583984375,3.47377921615395,7.7126208225790425,0.0,226.78305053710938,28.815614234350818,3.8578411021504935,24.23474884033203,49.96795654296875,0.04061072052725994,0.009173378960623705,0.000699999975040555,0.07010000199079514,,,,,0.0,0.0,0.0,0.0,0.18484100440513626,3.172912273778261,0.0,56.91701889038086,0.0,0.0,0.0,0.0,1.9436229205175601,0.2306839796024253,1.0,2.0,,,,,2586.8587687757376,708.6184223836552,0.0,2806.146484375,3062.141352457833,796.1472173276375,0.0,3377.17822265625,141.4284158111748,180.45428564873478,0.0,1000.0,3.0083179297597042,0.22940629200044926,1.0,4.0,,,,,,,,,,,,,,,,,,,,,9.821203154248362,1.3249330507850243,0.0,10.016724586486816,,,,
Day_2024_08_07_Wafer_08,2024-08-07,8,8,3835,31,0.12300000339746475,0.0,0.12300000339746475,0.12300000339746475,112.85323031299895,48.34101085356539,20.752586364746094,158.08587646484375,10.34882920260506,41.93082147001127,0.0,200.0,4.475887881108648,0.14338795556525974,4.0,4.820000171661377,0.0,0.0,0.0,0.0,61.26998691617073,114.59240537759511,0.0,300.010009765625,345.2650340936641,289.30385962858423,0.0,600.010009765625,,,,,1.9135984358918092,0.041037482939692914,1.7799999713897705,2.0399999618530273,0.0,0.0,0.0,0.0,1371.015824036679,0.03649608910637309,1371.0,1371.0999755859375,54.950195599970016,0.10192074967692138,54.79999923706055,55.099998474121094,10.158096528830397,0.04934626744214422,10.100000381469727,10.199999809265137,59.27084747772018,0.08643067116843349,59.099998474121094,59.5,,,,,,,,,,,,,,,,,1.1298985166958444,0.4666439892513611,0.10986663401126862,9.377727508544922,13.062567066507125,4.996496817830523,-0.003662221133708954,14.994354248046875,2.9501013717253484,13.753509891961283,-44.953765869140625,34.089176177978516,73.97297862897175,33.79174383622071,0.0,93.24930572509766,34.68172357054391,25.79774227737566,0.0,80.33997344970703,445.6096678653006,283.37433139064547,0.0,974.1050415039062,2.6956716888643695,9.597352174377628,0.0,389.3856506347656,28.256035934308983,3.8367552620583427,25.479904174804688,50.04119873046875,0.035281981400431484,0.015191951213741513,0.0006000000284984708,0.06549999862909317,,,,,0.0,0.0,0.0,0.0,0.06724417337071942,1.8618911731775785,0.0,53.865169525146484,0.0,0.0,0.0,0.0,1.8576271186440678,0.34947774090419026,1.0,2.0,,,,,2214.8056376431105,1111.328990231449,0.0,2806.482177734375,2619.7742680874144,1293.682081716385,0.0,3374.889404296875,115.65953408024885,161.43409513478252,0.0,639.698486328125,3.0748370273794,0.39411482176389734,1.0,4.0,,,,,,,,,,,,,,,,,,,,,9.112501488080081,2.8425718020736874,0.0,10.024781227111816,,,,
Day_2024_08_07_Wafer_09,2024-08-07,8,9,3246,31,0.12300000339746475,0.0,0.12300000339746475,0.12300000339746475,127.69448292674066,34.93261751392682,21.97332763671875,157.78070068359375,7.436709794915354,34.806844121185726,0.0,200.0,4.503012944354881,0.12145437814807485,4.070000171661377,4.809999942779541,0.0,0.0,0.0,0.0,71.4246826627741,121.94618131999857,0.0,300.010009765625,407.97412058253826,270.6987891306047,0.0,600.010009765625,,,,,1.9114694984988967,0.0376525835797865,1.7599999904632568,2.0199999809265137,0.0,0.0,0.0,0.0,1371.0129358429124,0.03356008667255359,1371.0,1371.0999755859375,54.99306848118207,0.15685084439960617,54.70000076293945,55.20000076293945,10.156808435953625,0.049541639162734206,10.100000381469727,10.199999809265137,59.28311754815459,0.06954602498730983,59.099998474121094,59.400001525878906,,,,,,,,,,,,,,,,,1.2487437009067721,0.37171530742239184,0.0,8.740501403808594,14.378850906956494,2.941156933787461,0.0024414807558059692,15.000457763671875,3.450688196418466,14.910691121521712,-38.91109848022461,96.62159729003906,86.85830011150387,14.165640487450721,7.632678985595703,93.37748718261719,40.9275211950033,22.982721519280766,0.0,80.29419708251953,525.0793327524276,229.1249683469173,0.0,975.2037353515625,3.18361362136524,7.441628965343649,0.0,199.68260192871094,28.689251996085588,3.888792689709389,24.45753288269043,49.934383392333984,0.04056589611408887,0.009244884769019643,0.0006000000284984708,0.07660000026226044,,,,,0.0,0.0,0.0,0.0,0.06515504222406844,1.8553751475675604,0.0,53.55998229980469,0.0,0.0,0.0,0.0,1.9436229205175601,0.2306839796024253,1.0,2.0,,,,,2586.9596013076793,708.6343358189471,0.0,2807.4892578125,3060.3485107797937,795.946004891308,0.0,3379.9248046875,142.3021232462887,181.64555999688545,0.0,1000.0,3.0083179297597042,0.22940629200044926,1.0,4.0,,,,,,,,,,,,,,,,,,,,,9.821008365828536,1.3249371216573709,0.0,10.115421295166016,,,,
Day_2024_08_07_Wafer_10,2024-08-07,8,10,3246,31,0.12300000339746475,0.0,0.12300000339746475,0.12300000339746475,127.86757160687402,34.918252054618314,21.97332763671875,158.08587646484375,7.309269870680746,35.01394124209356,0.0,200.0,4.21367838260794,0.12464541589764004,3.700000047683716,4.510000228881836,0.0,0.0,0.0,0.0,71.37877088999323,121.8787898158684,0.0,300.010009765625,408.07777137300593,270.5766922304551,0.0,600.030029296875,,,,,1.9976986981216802,0.0544848410728557,1.850000023841858,2.1600000858306885,0.0,0.0,0.0,0.0,1371.0127818447825,0.03338922454846874,1371.0,1371.0999755859375,54.95428232697154,0.10352043820016522,54.79999923706055,55.099998474121094,10.121596068125482,0.04115464017947594,10.100000381469727,10.199999809265137,59.223998734338444,0.07186797119589053,59.0,59.400001525878906,,,,,,,,,,,,,,,,,1.373675157192656,0.40474277907173134,0.10376293212175369,9.638965606689453,14.378971661248796,2.941318439361795,0.0,14.993743896484375,3.9948409266186875,14.99692038754603,-55.51316833496094,41.16946792602539,86.36626942276735,14.023658650250763,7.56248664855957,92.7793197631836,40.92340316760709,22.958280215781414,0.0,80.38575744628906,526.303126148875,230.91890849601845,0.0,981.3150634765625,3.3401408621620154,7.684965413570293,0.0,222.06793212890625,28.693708499713363,3.8951086817556515,24.24695587158203,49.934383392333984,0.04058850850842237,0.009250565197684926,0.000699999975040555,0.07970000058412552,,,,,0.0,0.0,0.0,0.0,0.09510003734501658,2.2106078538433205,0.0,52.949615478515625,0.0,0.0,0.0,0.0,1.9436229205175601,0.2306839796024253,1.0,2.0,,,,,2586.966943831335,708.5951797956388,0.0,2805.139404296875,3061.6332773148683,796.2489853304036,0.0,3375.194580078125,142.17863898422024,181.40187359460475,0.0,1000.0,3.007701786814541,0.2320986555883684,1.0,4.0,,,,,,,,,,,,,,,,,,,,,9.823340270229863,1.3135368299605834,0.0,10.016724586486816,,,,
Day_2024_08_22_Wafer_01,2024-08-22,10,1,3194,31,19.394658424132828,121.82558603878033,0.12300000339746475,789.272705078125,129.30178391045158,32.65046900417084,21.362957000732422,157.17031860351562,7.389618043974975,35.28721608474802,0.0,200.0,4.2225516668766385,0.11976188139265972,3.7200000286102295,4.46999979019165,0.0,0.0,0.0,0.0,72.61480584280284,122.59360036708131,0.0,300.010009765625,414.3594631800147,268.0905290063653,0.0,600.0399780273438,,,,,2.1077520124749536,0.03480818949213891,1.9600000381469727,2.200000047683716,0.0,0.0,0.0,0.0,1371.0098598339293,0.02981282647493909,1371.0,1371.0999755859375,54.721509483208415,0.18465451868085583,54.400001525878906,55.0,10.178553469866308,0.04105123396499638,10.100000381469727,10.199999809265137,59.37445274501125,0.10769860075749302,59.099998474121094,59.599998474121094,,,,,,,,,,,,,,,,,1.5129425941302244,0.4101857667955062,0.12939848005771637,9.370403289794922,14.370798157881444,2.9567563106757575,0.0,14.993743896484375,4.387566035586592,12.402903872644876,-30.21332359313965,36.0423583984375,87.14302866773897,7.833216674612207,34.711753845214844,92.6389389038086,41.53602572329431,22.549143994133033,0.0,80.29419708251953,531.7243896560813,221.32960624548065,0.0,974.4483642578125,3.4473637593006186,10.001933931962494,0.0,349.1012268066406,28.562268244600624,3.99705431677075,25.635547637939453,49.94354248046875,0.04085635541203159,0.00896231179302518,0.0006000000284984708,0.06509999930858612,,,,,0.0,0.0,0.0,0.0,0.17203687024101588,3.075974402132464,0.0,60.121463775634766,0.0,0.0,0.0,0.0,1.9427050720100187,0.23244168094055248,1.0,2.0,,,,,2645.3418407882086,600.7814365442648,0.0,2806.482177734375,3116.028345269267,685.8165230220382,0.0,3372.447998046875,136.3074078772266,166.23449324491253,0.0,649.7390747070312,3.0078271759549153,0.233978860792093,1.0,4.0,,,,,,,,,,,,,,,,,,,,,9.819837493155998,1.323910015452274,0.0,10.016724586486816,,,,
Day_2024_08_22_Wafer_02,2024-08-22,10,2,3298,31,0.12300000339746475,0.0,0.12300000339746475,0.12300000339746475,125.43403496288255,36.7810760121138,20.142215728759766,156.86514282226562,7.146470588491297,34.7530516346668,0.0,200.0,4.07341421416776,0.12603342229832332,3.559999942779541,4.510000228881836,0.0,0.0,0.0,0.0,70.35712251108673,121.26481334391136,0.0,300.010009765625,401.5822576216725,273.3823025663484,0.0,600.02001953125,,,,,2.0951000282517196,0.040986570111536634,1.9299999475479126,2.200000047683716,0.0,0.0,0.0,0.0,1371.014732606054,0.03544336536990053,1371.0,1371.0999755859375,54.71155295826002,0.2031670231470537,54.400001525878906,55.0,10.173438452170645,0.055164402527920195,10.0,10.300000190734863,59.39684724547489,0.0881983555563384,59.20000076293945,59.599998474121094,,,,,,,,,,,,,,,,,1.4124114289202063,0.4042657127175882,0.13061922788619995,9.65483570098877,14.388602310016733,2.918750848595537,0.0,14.993743896484375,4.037863469687717,15.155849145538776,-34.54695129394531,114.04766845703125,84.64837542410743,18.57144842155054,0.0,92.7030258178711,40.24734388516844,23.347404518927842,0.0,80.29419708251953,513.8238538391595,239.2750244683577,0.0,977.6757202148438,3.273457157385483,7.844299665409151,0.0,225.5928192138672,28.496735902465858,3.942862212618273,24.2072811126709,50.074771881103516,0.040356579390059356,0.009359516797418142,0.0006000000284984708,0.06630000472068787,,,,,0.0,0.0,0.0,0.0,0.09554384808745653,2.2392239367569724,0.0,54.780723571777344,0.0,0.0,0.0,0.0,1.9445118253486962,0.22896535363045967,1.0,2.0,,,,,2534.121326957781,789.8804091502657,0.0,2804.8037109375,2999.871760176918,882.5331402168052,0.0,3370.61669921875,139.68684682601543,187.57434020899825,0.0,1000.0,3.00758035172832,0.23026306065553448,1.0,4.0,,,,,,,,,,,,,,,,,,,,,9.826675816403512,1.3034050910807862,0.0,10.018738746643066,,,,
Day_2024_08_22_Wafer_03,2024-08-22,10,3,3245,31,0.12300000339746475,0.0,0.12300000339746475,0.12300000339746475,127.08462212420024,34.58132049650468,20.142215728759766,157.4755096435547,7.23480123272467,35.031733963376894,0.0,200.0,4.138379055693264,0.1265445415520489,3.7300000190734863,4.480000019073486,0.0,0.0,0.0,0.0,71.36934972296315,121.84040680525013,0.0,300.010009765625,407.862097189037,270.6365085011872,0.0,600.010009765625,,,,,2.110200288372892,0.03753002365494141,1.9700000286102295,2.2100000381469727,0.0,0.0,0.0,0.0,1371.0135560116526,0.03423252672119716,1371.0,1371.0999755859375,54.70887560263988,0.18795796709895307,54.400001525878906,55.0,10.157349822186909,0.04946419814787538,10.100000381469727,10.199999809265137,59.40372955251732,0.08457634032239746,59.20000076293945,59.599998474121094,,,,,,,,,,,,,,,,,1.378293010013864,0.39004932727680747,0.1269569993019104,9.195837020874023,14.379014705304051,2.941002406918626,0.003662221133708954,14.993133544921875,4.2507158155984985,14.3296703329643,-47.029022216796875,39.73509979248047,86.25759224619814,14.023854029121729,7.818841934204102,92.6694564819336,40.92539168770765,22.94817161930834,0.0,80.29419708251953,524.1664533712096,230.86568689449882,0.0,980.4910278320312,3.2584598480862996,7.712885560377161,0.0,222.5257110595703,28.631758337505794,3.9494431466257693,24.21949005126953,50.151065826416016,0.040622742262845415,0.0091392026413694,0.0006000000284984708,0.07319999486207962,,,,,0.0,0.0,0.0,0.0,0.0974805399890306,2.266195272323311,0.0,55.39109420776367,0.0,0.0,0.0,0.0,1.9436055469953775,0.230717408389476,1.0,2.0,,,,,2587.7806089850897,707.2205797861602,0.0,2810.1748046875,3056.2118975482113,792.8434914503495,0.0,3370.3115234375,137.03542607696886,179.30764780898005,0.0,1000.0,3.0077041602465333,0.23213438696350816,1.0,4.0,,,,,,,,,,,,,,,,,,,,,9.82370523414553,1.313796441547843,0.0,10.016724586486816,,,,
Day_2024_08_22_Wafer_04,2024-08-22,10,4,3246,31,0.12300000339746475,0.0,0.12300000339746475,0.12300000339746475,127.01303434871409,34.6466819730833,20.142215728759766,156.86514282226562,7.216648191504539,35.02636543895245,0.0,200.0,4.145055458785132,0.12200347365313585,3.6500000953674316,4.5,0.0,0.0,0.0,0.0,71.34785586520823,121.87156459050539,0.0,300.010009765625,407.8551557202142,270.68852879407785,0.0,600.02001953125,,,,,2.110523708683432,0.041551288876571925,1.9199999570846558,2.2100000381469727,0.0,0.0,0.0,0.0,1371.015399812991,0.03609504756362143,1371.0,1371.0999755859375,54.71343211222782,0.19435367354202382,54.29999923706055,55.099998474121094,10.17877380626112,0.04089694633280762,10.100000381469727,10.199999809265137,59.40400553366614,0.08945634671333834,59.099998474121094,59.599998474121094,,,,,,,,,,,,,,,,,1.3565987067885847,0.39463935936192013,0.1342814415693283,9.386272430419922,14.37913957627023,2.9406697385754357,0.0030518509447574615,14.993743896484375,3.830627650885544,13.551788646202713,-31.8308048248291,35.34043502807617,86.0621308271193,13.972850242555005,7.3488569259643555,92.49855041503906,40.92408007717544,22.973033419848772,0.0,80.20264434814453,524.211776488957,232.26866945358512,0.0,983.1690673828125,3.3078312882034595,7.761721845695587,0.0,219.45860290527344,28.701395431419837,3.9137141439776113,24.23169708251953,50.068668365478516,0.04061481784072315,0.009236538907069703,0.0006000000284984708,0.07809999585151672,,,,,0.0,0.0,0.0,0.0,0.09886079060759577,2.2984665561568947,0.0,55.238502502441406,0.0,0.0,0.0,0.0,1.9436229205175601,0.2306839796024253,1.0,2.0,,,,,2586.9061834038002,708.637714384373,0.0,2804.6357421875,3055.836971412231,794.7622001582658,0.0,3371.83740234375,137.48851008376064,179.60315381934447,0.0,1000.0,3.007701786814541,0.2320986555883684,1.0,4.0,,,,,,,,,,,,,,,,,,,,,9.824421823575625,1.3136876147344856,0.0,10.030823707580566,,,,
Day_2024_08_22_Wafer_05,2024-08-22,10,5,3297,31,0.12300000339746475,0.0,0.12300000339746475,0.12300000339746475,125.11283700322251,36.72576498676027,20.752586364746094,156.86514282226562,7.1727327883604,34.75143550268144,0.0,200.0,4.1665908455089395,0.10994244548974313,3.7200000286102295,4.440000057220459,0.0,0.0,0.0,0.0,70.41690937251593,121.31392463851898,0.0,300.010009765625,401.13422675806356,273.60765229780543,0.0,600.0399780273438,,,,,2.118171059582716,0.039389632948534904,1.9800000190734863,2.2200000286102295,0.0,0.0,0.0,0.0,1371.0140093177747,0.03470870437809947,1371.0,1371.0999755859375,54.70476224330616,0.20582774492596992,54.29999923706055,55.099998474121094,10.162026110872704,0.048539272228018404,10.100000381469727,10.199999809265137,59.401638587532815,0.081682769779148,59.099998474121094,59.599998474121094,,,,,,,,,,,,,,,,,1.464287898905772,0.4112403250724646,0.12329477816820145,9.753715515136719,14.388319894617204,2.918892982289958,0.0048829615116119385,14.993133544921875,4.174722908987289,12.840309517907464,-31.525619506835938,37.41569137573242,84.27245498296978,18.444615885755468,0.0,92.6725082397461,40.26856227871285,23.356534056566254,0.0,79.8822021484375,516.6237710681437,240.27497796646296,0.0,983.4437255859375,3.523582684185185,8.141725702571597,0.0,224.49415588378906,28.692575993883562,3.913978750388737,24.22864532470703,49.937435150146484,0.0403531691070628,0.009377635382862291,0.0006000000284984708,0.06790000200271606,,,,,0.0,0.0,0.0,0.0,0.14379892068665642,2.7513673786042068,0.0,56.154056549072266,0.0,0.0,0.0,0.0,1.9444949954504094,0.22899804457621126,1.0,2.0,,,,,2533.9103160900963,789.9833910427495,0.0,2805.47509765625,2999.76135283526,882.6782388882783,0.0,3370.61669921875,142.76339534642997,188.96395430056833,0.0,1000.0,3.007582650894753,0.23029795082724444,1.0,4.0,,,,,,,,,,,,,,,,,,,,,9.826806924904988,1.3036167479642844,0.0,10.016724586486816,,,,
Day_2024_08_22_Wafer_06,2024-08-22,10,6,3298,31,0.12300000339746475,0.0,0.12300000339746475,0.12300000339746475,125.0971098327868,36.74638569796979,20.44740104675293,156.55995178222656,7.18060340578377,34.74614774941997,0.0,200.0,4.189448157175155,0.11978951745438153,3.6600000858306885,4.480000019073486,0.0,0.0,0.0,0.0,70.5083049717153,121.28748791836912,0.0,300.010009765625,400.9392982169019,273.59272784157343,0.0,600.0499877929688,,,,,2.1235627665383805,0.03916110338431573,1.9700000286102295,2.2300000190734863,0.0,0.0,0.0,0.0,1371.0130350218171,0.03366921261911383,1371.0,1371.0999755859375,54.71118897969539,0.2074712771924405,54.29999923706055,55.099998474121094,10.192753034479479,0.025929933601673835,10.100000381469727,10.199999809265137,59.40700494223757,0.08522684807097242,59.20000076293945,59.599998474121094,,,,,,,,,,,,,,,,,1.4823130658941244,0.41053643293267084,0.13306070864200592,9.690237045288086,14.388626546558871,2.9182463759104915,0.0048829615116119385,14.993133544921875,3.551529068596946,12.467988482808725,-59.022796630859375,45.10635757446289,84.34805863183907,18.47910069985503,0.0,92.52906799316406,40.256046898947695,23.342450089699177,0.0,79.927978515625,516.0025097423065,238.48125073868997,0.0,986.0530395507812,3.386291428785963,7.954785006744354,0.0,219.13815307617188,28.72461144717409,3.9044876801223523,24.24695587158203,50.138858795166016,0.0403244992880616,0.009279481569362076,0.0006000000284984708,0.06469999998807907,,,,,0.0,0.0,0.0,0.0,0.04756371826023821,1.5766446518680253,0.0,52.949615478515625,0.0,0.0,0.0,0.0,1.9445118253486962,0.22896535363045967,1.0,2.0,,,,,2533.96975658965,789.8210980872092,0.0,2805.978515625,3000.2521347869447,882.6848220621349,0.0,3371.83740234375,143.62368862709317,188.89577554551144,0.0,1000.0,3.00758035172832,0.23026306065553448,1.0,4.0,,,,,,,,,,,,,,,,,,,,,9.827172334878064,1.3034680567405637,0.0,10.026795387268066,,,,
Day_2024_08_22_Wafer_07,2024-08-22,10,7,3299,31,0.12300000339746475,0.0,0.12300000339746475,0.12300000339746475,125.09850614061497,36.686262769154794,20.44740104675293,157.4755096435547,7.205850257536848,34.73590205126885,0.0,200.0,4.210572903573278,0.1092868161224528,3.759999990463257,4.519999980926514,0.0,0.0,0.0,0.0,70.2159167886109,121.20088813928048,0.0,300.010009765625,401.4649303988386,273.36637308726534,0.0,600.02001953125,,,,,2.1025916576096417,0.03630922944489795,1.9600000381469727,2.2200000286102295,0.0,0.0,0.0,0.0,1371.0155463702897,0.03623487048097313,1371.0,1371.0999755859375,54.70682074438987,0.22087568791380263,54.29999923706055,55.0,10.199999809265137,0.0,10.199999809265137,10.199999809265137,59.401092081801316,0.07557354655393068,59.20000076293945,59.599998474121094,,,,,,,,,,,,,,,,,1.475505089178957,0.40386877115831354,0.13183996081352234,9.580370903015137,14.390000926228492,2.9042023509616115,0.0048829615116119385,14.993133544921875,4.146872466967011,11.896241287876306,-31.8002872467041,35.06576919555664,84.31459612884,18.479259615248775,0.0,92.6358871459961,40.25469563389663,23.36331297842429,0.0,79.927978515625,517.2951741699885,239.7674439389425,0.0,984.1990356445312,3.4529533393807523,7.8731816541795565,0.0,216.80349731445312,28.744459872030426,3.9037866633266067,24.25000762939453,49.937435150146484,0.040340466405555525,0.009429615889316362,0.000699999975040555,0.0674000009894371,,,,,0.0,0.0,0.0,0.0,0.14361923555418663,2.748324047336165,0.0,55.238502502441406,0.0,0.0,0.0,0.0,1.9439224007274931,0.23010639307282513,1.0,2.0,,,,,2533.127320316496,791.0200554520565,0.0,2805.139404296875,2995.510160771671,884.0573612082198,0.0,3366.34423828125,140.4580696587984,188.07504683536357,0.0,1000.0,3.007578053955744,0.2302281863366009,1.0,4.0,,,,,,,,,,,,,,,,,,,,,9.823846084488345,1.3144037309174061,0.0,10.030823707580566,,,,
Day_2024_08_22_Wafer_08,2024-08-22,10,8,3193,31,0.12300000339746475,0.0,0.12300000339746475,0.12300000339746475,128.64024830312516,32.38403691862616,20.44740104675293,157.17031860351562,7.374099593288144,35.296929664275794,0.0,200.0,4.065859721142261,0.11489268810462987,3.5999999046325684,4.409999847412109,0.0,0.0,0.0,0.0,72.53558069492453,122.57199359478494,0.0,300.010009765625,414.4660960919257,267.87701423354383,0.0,600.010009765625,,,,,2.109949866096838,0.037052275751451945,1.9700000286102295,2.2100000381469727,0.0,0.0,0.0,0.0,1371.0136202254566,0.03430084483527656,1371.0,1371.0999755859375,54.708800871694045,0.21744313892490114,54.29999923706055,55.099998474121094,10.199968495415252,0.009854775416499678,10.100000381469727,10.300000190734863,59.402662989864,0.06856790164473286,59.20000076293945,59.599998474121094,,,,,,,,,,,,,,,,,1.4915367666733441,0.42054512716813447,0.1269569993019104,9.769585609436035,14.368731996321609,2.9643352218531387,0.0030518509447574615,14.991912841796875,4.1499246922250155,10.52594403784319,-30.85421371459961,39.36887741088867,87.97092932113614,7.614556572439049,35.285499572753906,92.62062072753906,41.569048556271966,22.562039891553386,0.0,79.8822021484375,538.8252593869892,222.0972884963845,0.0,984.2677001953125,3.3394398805357204,9.31783925187251,0.0,327.7230224609375,28.857622021759635,3.8343830565969177,26.42902946472168,50.111392974853516,0.04085001516215109,0.009002797213842208,0.000699999975040555,0.06459999829530716,,,,,0.0,0.0,0.0,0.0,0.09696532266475248,2.2356417370121786,0.0,54.01776123046875,0.0,0.0,0.0,0.0,1.9426871280927027,0.23247587556475713,1.0,2.0,,,,,2645.603261353265,599.0218435521174,0.0,2805.978515625,3117.438166206472,683.7371344410783,0.0,3370.769287109375,138.2773134012768,167.25351297641507,0.0,625.5989379882812,3.0078296273097402,0.23401546772484694,1.0,4.0,,,,,,,,,,,,,,,,,,,,,9.821297972022348,1.3243241790317413,0.0,10.028809547424316,,,,
Day_2024_08_22_Wafer_09,2024-08-22,10,9,3246,31,0.12300000339746475,0.0,0.12300000339746475,0.12300000339746475,126.77516669956755,34.69739022178755,20.142215728759766,156.86514282226562,7.280258780407868,35.01829175878571,0.0,200.0,4.054088136405028,0.10199978393220138,3.680000066757202,4.380000114440918,0.0,0.0,0.0,0.0,71.28407862186214,121.79002126879087,0.0,300.010009765625,408.0248291669293,270.62983398793017,0.0,600.010009765625,,,,,2.1045963878038116,0.03476281635970121,1.9800000190734863,2.2100000381469727,0.0,0.0,0.0,0.0,1371.0132746387983,0.03393049414288804,1371.0,1371.0999755859375,54.70887287678134,0.22608353960679947,54.29999923706055,55.099998474121094,10.201817460509634,0.025555626793617357,10.100000381469727,10.300000190734863,59.39784419000406,0.0892787060150838,59.099998474121094,59.599998474121094,,,,,,,,,,,,,,,,,1.3963344475588384,0.39590631429721296,0.1269569993019104,9.331339836120605,14.379136944221802,2.9404414969837465,0.006103701889514923,14.993133544921875,4.045009367420434,10.325090947068762,-39.979248046875,33.60087966918945,85.94143035231147,13.967474566724627,7.083345890045166,92.49549865722656,40.929580175502025,23.000505438616337,0.0,79.927978515625,528.1411756279288,232.5226013203437,0.0,985.9157104492188,3.3491243561483044,7.550353151964399,0.0,216.39149475097656,28.812359280448156,3.846115675527402,24.25916290283203,50.077823638916016,0.04060828672573217,0.009258513747573872,0.000699999975040555,0.07750000059604645,,,,,0.0,0.0,0.0,0.0,0.12969896430522662,2.610371120177673,0.0,54.01776123046875,0.0,0.0,0.0,0.0,1.9436229205175601,0.2306839796024253,1.0,2.0,,,,,2586.70782357884,708.5535176313646,0.0,2806.314208984375,3054.134665328782,794.2830599323794,0.0,3369.243408203125,140.6766884090885,180.45315101815976,0.0,1000.0,3.007701786814541,0.2320986555883684,1.0,4.0,,,,,,,,,,,,,,,,,,,,,9.82373863491686,1.313590325109161,0.0,10.022767066955566,,,,
Day_2024_08_22_Wafer_10,2024-08-22,10,10,3246,31,0.12300000339746475,0.0,0.12300000339746475,0.12300000339746475,126.87548486259493,34.61613328823257,20.752586364746094,156.86514282226562,7.232184225260105,35.111047448825744,0.0,200.00999450683594,4.233416519411831,0.10505499682827792,3.8399999141693115,4.510000228881836,0.0,0.0,0.0,0.0,71.41023997385146,121.83749874859863,0.0,300.010009765625,407.8702849286321,270.6827513919856,0.0,600.030029296875,,,,,2.099269832311702,0.03830692141387982,1.909999966621399,2.2200000286102295,0.0,0.0,0.0,0.0,1371.0143834253336,0.03509256099885105,1371.0,1371.0999755859375,54.70428273359053,0.21152488889216794,54.400001525878906,55.099998474121094,10.191466309153144,0.03778778040292943,10.100000381469727,10.300000190734863,59.40456007853453,0.0830328298569572,59.20000076293945,59.599998474121094,,,,,,,,,,,,,,,,,1.401066978850522,0.3974558344434267,0.12939848005771637,9.361858367919922,14.379145025573465,2.9402276590928373,0.006103701889514923,14.993743896484375,3.8577896959606837,10.745024697698929,-54.41450119018555,35.004730224609375,85.99862869624657,13.948465267794003,7.3366498947143555,92.36731719970703,40.906381094668724,22.97416792114045,0.0,79.8822021484375,527.3802786243601,231.8562045660438,0.0,983.7183837890625,3.325897015871059,7.476915026404626,0.0,220.28260803222656,28.82046087245036,3.878194245373119,24.27136993408203,49.934383392333984,0.04060354243795539,0.009257474225258605,0.000699999975040555,0.07769999653100967,,,,,0.0,0.0,0.0,0.0,0.06576616589257692,1.8732184019108449,0.0,55.08591079711914,0.0,0.0,0.0,0.0,1.9433148490449785,0.2312756426289389,1.0,2.0,,,,,2586.6776749005085,708.6448389086019,0.0,2807.3212890625,3051.601375107404,794.8284485660412,0.0,3366.6494140625,138.28649492787906,179.57614096294617,0.0,1000.0,3.007701786814541,0.2320986555883684,1.0,4.0,,,,,,,,,,,,,,,,,,,,,9.824538480919669,1.3137057544673454,0.0,10.040894508361816,,,,
Day_2024_08_01_Wafer_01,2024-08-01,6,1,3299,31,18.676811940884473,120.03734686304264,0.12300000339746475,795.04541015625,126.82822798584114,37.197119880150204,21.362957000732422,158.6962432861328,7.195153076286934,34.56185026287703,0.0,200.0,4.3391906624672885,0.12652938445475254,3.9600000381469727,4.730000019073486,0.0,0.0,0.0,0.0,70.30228836278799,121.1411821634462,0.0,300.0,401.39971973506493,273.33378348291586,0.0,600.010009765625,,,,,1.9945286396020252,0.05871459096349395,1.850000023841858,2.1700000762939453,0.0,0.0,0.0,0.0,1371.0143947873053,0.03510400160119605,1371.0,1371.0999755859375,54.99378588474964,0.1763987911994948,54.70000076293945,55.20000076293945,10.213034116126943,0.03499785454181237,10.100000381469727,10.300000190734863,59.16983951269117,0.10361700080679741,58.900001525878906,59.400001525878906,,,,,,,,,,,,,,,,,1.3710328018703255,0.3948537294256274,0.10986663401126862,9.497360229492188,14.390024795018252,2.9046294880489936,0.003662221133708954,14.993743896484375,4.1131069007589085,13.73938596167008,-32.074954986572266,35.55406188964844,83.84766660491131,18.411357575149843,0.0,92.46498107910156,40.27834074234883,23.382676271246336,0.0,80.29419708251953,511.2067594363423,238.94453535253467,0.0,977.8130493164062,3.36742011578508,8.145438310240221,0.0,232.001708984375,28.464039305623064,4.046918940976519,24.2164363861084,49.94659423828125,0.04035889621441927,0.009276984463366424,0.0006000000284984708,0.06480000168085098,,,,,0.0,0.0,0.0,0.0,0.14602445363637062,2.795724294899728,0.0,59.205909729003906,0.0,0.0,0.0,0.0,1.944225522885723,0.22952048533208294,1.0,2.0,,,,,2533.105546158637,791.90129829357,0.0,2806.482177734375,3009.6908188028096,888.7477045633217,0.0,3380.9931640625,141.9472505509239,187.97584902715596,0.0,1000.0,3.007578053955744,0.2302281863366009,1.0,4.0,,,,,,,,,,,,,,,,,,,,,9.81985491729209,1.325350207745815,0.0,10.016724586486816,,,,
Day_2024_08_01_Wafer_02,2024-08-01,6,2,3246,31,0.12300000339746475,0.0,0.12300000339746475,0.12300000339746475,128.3109645461566,34.738733163556134,22.583696365356445,158.08587646484375,7.28359211384573,35.016322547315305,0.0,200.0,4.395961184598602,0.12774535766443118,3.8399999141693115,4.690000057220459,0.0,0.0,0.0,0.0,71.51457473005611,121.96211291255682,0.0,300.010009765625,407.52442260731976,270.8921325401389,0.0,600.0499877929688,,,,,1.8903635196383177,0.0411954251835933,1.7400000095367432,1.9900000095367432,0.0,0.0,0.0,0.0,1371.015430612617,0.036124545117991236,1371.0,1371.0999755859375,55.01811448835842,0.1583962401533175,54.79999923706055,55.29999923706055,10.209919748523687,0.02989762348942512,10.199999809265137,10.300000190734863,59.189772151681424,0.08542547080976864,58.900001525878906,59.29999923706055,,,,,,,,,,,,,,,,,1.3094520293685734,0.393990944372195,0.12817774713039398,9.441205978393555,14.374653382949848,2.9511758320907067,0.0024414807558059692,14.993743896484375,3.924552447400707,14.158020674730906,-66.71346282958984,40.65065383911133,85.98037667209839,13.935258142158842,7.4282050132751465,92.40089416503906,40.91599917690914,22.98665452244282,0.0,80.29419708251953,523.4861437550167,230.38920651927603,0.0,980.7656860351562,3.317689163946602,7.965639686879844,0.0,229.07192993164062,28.591469587841964,3.9760539824399985,24.22559356689453,50.138858795166016,0.04059944527322118,0.00921486921806248,0.0006000000284984708,0.0729999989271164,,,,,0.0,0.0,0.0,0.0,0.08259553374586029,2.1054161870629025,0.0,56.154056549072266,0.0,0.0,0.0,0.0,1.9433148490449785,0.2312756426289389,1.0,2.0,,,,,2586.0589117777618,710.0470616370606,0.0,2806.146484375,3066.31894065683,799.4794627887343,0.0,3381.450927734375,137.9397250777013,178.763995952178,0.0,1000.0,3.007701786814541,0.23209865558836837,1.0,4.0,,,,,,,,,,,,,,,,,,,,,9.821089638212325,1.3249195776540243,0.0,10.034852027893066,,,,
Day_2024_08_01_Wafer_03,2024-08-01,6,3,3247,31,0.12300000339746475,0.0,0.12300000339746475,0.12300000339746475,128.18666886064432,34.71696730617175,21.97332763671875,157.78070068359375,7.32134278642067,35.00083597849687,0.0,200.0,4.363165995507083,0.09541271966675492,3.9700000286102295,4.639999866485596,0.0,0.0,0.0,0.0,71.33779484735447,121.7916082571078,0.0,300.010009765625,407.82390073786195,270.6729560513378,0.0,600.02001953125,,,,,1.9323960599585024,0.03684977162208364,1.7999999523162842,2.059999942779541,0.0,0.0,0.0,0.0,1371.0129318589757,0.03355568474180996,1371.0,1371.0999755859375,55.007606909316905,0.18162853504562937,54.70000076293945,55.29999923706055,10.202494459149285,0.029525907382109282,10.100000381469727,10.300000190734863,59.19886055850307,0.07381396620291197,59.0,59.400001525878906,,,,,,,,,,,,,,,,,1.2826646644384596,0.3990684303558414,0.11719107627868652,9.640186309814453,14.37478896326259,2.9505754694932422,0.0030518509447574615,14.993133544921875,3.91456513100857,11.180294449778362,-74.06842041015625,35.79821014404297,85.54630325374363,13.816417692212953,7.837153434753418,92.14453887939453,40.92432015985572,22.998714916520537,0.0,80.20264434814453,524.2252233544606,230.61154303411703,0.0,982.2763671875,3.393659198019352,7.910311343804477,0.0,227.28660583496094,28.658090957979955,3.948322200710052,24.1828670501709,49.937435150146484,0.040607421923278764,0.009237923436994519,0.000699999975040555,0.07750000059604645,,,,,0.0,0.0,0.0,0.0,0.11744033794679162,2.528398970531232,0.0,56.61183547973633,0.0,0.0,0.0,0.0,1.9433323067446875,0.23124215491248842,1.0,2.0,,,,,2586.0507072258406,709.902821620316,0.0,2805.978515625,3063.4074711542626,798.4859624062541,0.0,3377.17822265625,137.4564586681634,178.91887894973038,0.0,1000.0,3.007699414844472,0.23206294070802863,1.0,4.0,,,,,,,,,,,,,,,,,,,,,9.820889333449475,1.3246811238413683,0.0,10.022767066955566,,,,
Day_2024_08_01_Wafer_04,2024-08-01,6,4,3247,31,0.12300000339746475,0.0,0.12300000339746475,0.12300000339746475,128.06279020130285,34.689899187150296,21.97332763671875,157.78070068359375,7.325318755721946,35.00559550901457,0.0,200.0,4.27742532153551,0.10222219529637759,3.7799999713897705,4.579999923706055,0.0,0.0,0.0,0.0,71.28603631872048,121.81794148185737,0.0,300.010009765625,407.9098539955072,270.58412290601154,0.0,600.030029296875,,,,,1.9966923304253223,0.03312754243051352,1.8700000047683716,2.0899999141693115,0.0,0.0,0.0,0.0,1371.0160724532982,0.036727981489470846,1371.0,1371.0999755859375,55.0019403075232,0.19012740046243085,54.70000076293945,55.29999923706055,10.152540900650706,0.05258695228781006,10.100000381469727,10.300000190734863,59.19969215428311,0.07806124933791463,58.900001525878906,59.400001525878906,,,,,,,,,,,,,,,,,1.297088349539205,0.38678926615616743,0.11474959552288055,9.245887756347656,14.374940092466293,2.9503264229436934,0.0079348124563694,14.993133544921875,3.3554664111923063,8.87554638967173,-34.119693756103516,32.89895248413086,85.29265838114343,13.869064188610706,7.470931053161621,98.51069641113281,40.85965042126006,22.98693314477691,0.0,79.927978515625,525.4791349147259,230.97352358630565,0.0,982.551025390625,3.535306621394526,8.178956293469556,0.0,227.24081420898438,28.68577003772713,3.924281856357749,24.1950740814209,50.05645751953125,0.04058798853050393,0.009161878149939334,0.000699999975040555,0.07780000567436218,,,,,0.0,0.0,0.0,0.0,0.20057437146007373,3.2957750183044223,0.0,56.91701889038086,0.0,0.0,0.0,0.0,1.9433323067446875,0.23124215491248842,1.0,2.0,,,,,2585.7964181433026,710.0289540096164,0.0,2804.8037109375,3063.6122759650734,800.0089580443098,0.0,3378.551513671875,138.0020698353047,178.4758590109725,0.0,1000.0,3.007699414844472,0.23206294070802863,1.0,4.0,,,,,,,,,,,,,,,,,,,,,9.821644884349752,1.3247791197937668,0.0,10.018738746643066,,,,
Day_2024_08_01_Wafer_05,2024-08-01,6,5,3246,31,0.12300000339746475,0.0,0.12300000339746475,0.12300000339746475,128.10233661912505,34.758176671396185,21.362957000732422,158.6962432861328,7.275326555550617,34.8387330602857,0.0,200.0,4.165154037839898,0.1021284501836043,3.799999952316284,4.420000076293945,0.0,0.0,0.0,0.0,71.37924832861884,121.89711241841918,0.0,300.0199890136719,408.05404055244344,270.63351102480385,0.0,600.010009765625,,,,,2.064038774920186,0.040943987048533,1.9299999475479126,2.200000047683716,0.0,0.0,0.0,0.0,1371.0110878653536,0.03139870695664254,1371.0,1371.0999755859375,54.99879860305081,0.18561969854659718,54.70000076293945,55.29999923706055,10.161737551310146,0.04860999351597009,10.100000381469727,10.199999809265137,59.20021559761691,0.07564799662792297,59.0,59.29999923706055,,,,,,,,,,,,,,,,,1.3456955341483368,0.3942756926040865,0.11474959552288055,9.367961883544922,14.379291329931098,2.9402804185821725,0.005493331700563431,14.993743896484375,3.308625752736372,7.892053195185743,-65.03494262695312,28.22962188720703,85.33414771302718,13.918761559902993,6.891079425811768,97.39982604980469,40.83327196148245,22.964963444328944,0.0,79.83641815185547,526.2043151150349,229.94059837862324,0.0,983.3750610351562,3.5070195690380412,8.137532581543002,0.0,230.21636962890625,28.737656626815937,3.9092279493636095,24.22254180908203,50.062564849853516,0.04059208216776415,0.009211483274109944,0.000699999975040555,0.0746999979019165,,,,,0.0,0.0,0.0,0.0,0.1621824665269364,2.920266528439084,0.0,57.37479782104492,0.0,0.0,0.0,0.0,1.9436229205175601,0.2306839796024253,1.0,2.0,,,,,2586.6897793133467,708.6258841171729,0.0,2805.978515625,3064.9960476069705,797.1349368337613,0.0,3378.551513671875,141.39327157258722,179.962464195621,0.0,1000.0,3.0083179297597042,0.22940629200044926,1.0,4.0,,,,,,,,,,,,,,,,,,,,,9.820972337446607,1.3249029520720812,0.0,10.016724586486816,,,,
Day_2024_08_01_Wafer_06,2024-08-01,6,6,3297,31,0.12300000339746475,0.0,0.12300000339746475,0.12300000339746475,126.16603597294464,36.71830529201866,21.97332763671875,157.4755096435547,7.266053986981113,34.73384075086883,0.0,200.0,4.183306039373984,0.10456649127215788,3.740000009536743,4.460000038146973,0.0,0.0,0.0,0.0,70.36323618912583,121.24094675557262,0.0,300.0199890136719,401.2410177912248,273.5137896344147,0.0,600.02001953125,,,,,2.07318769807992,0.03759049751609324,1.9299999475479126,2.200000047683716,0.0,0.0,0.0,0.0,1371.0134635001991,0.03413369110001887,1371.0,1371.0999755859375,55.00282077251292,0.20832457016650438,54.70000076293945,55.29999923706055,10.187897967684801,0.0326197086905976,10.100000381469727,10.199999809265137,59.21107064068661,0.08032456946275246,59.0,59.400001525878906,,,,,,,,,,,,,,,,,1.3523304185380638,0.39246207790299376,0.12329477816820145,9.411908149719238,14.38867701592547,2.9181643605130825,0.0079348124563694,14.993743896484375,3.054285404354578,7.502650761376561,-69.55168151855469,34.089176177978516,83.84195151566682,18.420017105565964,0.0,100.0,40.2267276872676,23.36795523459868,0.0,79.8822021484375,518.8587798285491,239.87180490802172,0.0,982.551025390625,3.55583678148879,8.10015002019062,0.0,229.02615356445312,28.703207988467113,3.86312792035214,24.23169708251953,50.00762939453125,0.04034088526197509,0.009385548579824836,0.000699999975040555,0.06769999861717224,,,,,0.0,0.0,0.0,0.0,0.08182700113487995,2.100637486154169,0.0,55.238502502441406,0.0,0.0,0.0,0.0,1.9444949954504094,0.22899804457621126,1.0,2.0,,,,,2533.7564635203034,789.880792195451,0.0,2805.978515625,3008.151488887566,885.168022135868,0.0,3380.840576171875,144.76747190640674,188.88337838999388,0.0,1000.0,3.007582650894753,0.23029795082724444,1.0,4.0,,,,,,,,,,,,,,,,,,,,,9.827241303452876,1.3036762069599015,0.0,10.026795387268066,,,,
Day_2024_08_01_Wafer_07,2024-08-01,6,7,3298,31,0.12300000339746475,0.0,0.12300000339746475,0.12300000339746475,126.22318564797257,36.79697520212292,21.362957000732422,157.78070068359375,7.1950576111088065,34.745764158709406,0.0,200.0,4.176497875740486,0.10017250226842,3.809999942779541,4.429999828338623,0.0,0.0,0.0,0.0,70.45576399875655,121.30237261067683,0.0,300.010009765625,401.08740940672874,273.52902806662786,0.0,600.010009765625,,,,,2.106473604717567,0.039796650285140074,1.9500000476837158,2.2100000381469727,0.0,0.0,0.0,0.0,1371.0172183544005,0.03775414594077839,1371.0,1371.0999755859375,55.004578550487956,0.22222604731062415,54.70000076293945,55.29999923706055,10.194451023550595,0.022896404348019702,10.100000381469727,10.199999809265137,59.20436629184887,0.08256779836940356,58.900001525878906,59.400001525878906,,,,,,,,,,,,,,,,,1.3320202323805208,0.3852267848078057,0.11597033590078354,9.21292781829834,14.38445537823228,2.9283593930407017,0.0030518509447574615,14.993743896484375,3.2352118529718235,7.628790659624623,-53.37687301635742,113.83403778076172,83.56882425018554,18.317500809313035,0.0,97.39067077636719,40.21314234933107,23.36020547918032,0.0,79.83641815185547,517.2550201184681,240.32338219841122,0.0,984.1990356445312,3.5080230873837173,7.992476822651909,0.0,229.11770629882812,28.716691272774924,3.8851156972433234,24.24390411376953,50.065616607666016,0.04035100024262711,0.009422615598306278,0.000699999975040555,0.06459999829530716,,,,,0.0,0.0,0.0,0.0,0.19418766398802897,3.2165871130632917,0.0,56.91701889038086,0.0,0.0,0.0,0.0,1.9442086112795633,0.22955323442652859,1.0,2.0,,,,,2532.8050230869458,790.9334987236127,0.0,2805.978515625,3005.8439236670424,886.180423240747,0.0,3377.330810546875,144.45823748530836,188.9734168262826,0.0,1000.0,3.00758035172832,0.23026306065553448,1.0,4.0,,,,,,,,,,,,,,,,,,,,,9.823808380008973,1.3146053893419847,0.0,10.018738746643066,,,,
Day_2024_08_01_Wafer_08,2024-08-01,6,8,3246,31,0.12300000339746475,0.0,0.12300000339746475,0.12300000339746475,127.94748764660942,34.72896113693686,21.057771682739258,157.78070068359375,7.343126916203783,35.00450444588996,0.0,200.0,4.161595820572666,0.10690566577843715,3.7699999809265137,4.420000076293945,0.0,0.0,0.0,0.0,71.36603186646957,121.83813843608333,0.0,300.010009765625,407.71781147971467,270.69446743265473,0.0,600.010009765625,,,,,2.1071626443739517,0.03848990911083934,1.9500000476837158,2.200000047683716,0.0,0.0,0.0,0.0,1371.0127202455305,0.03332043503031548,1371.0,1371.0999755859375,55.010474380709404,0.2298276272746669,54.70000076293945,55.29999923706055,10.194947466024702,0.021905549294601943,10.100000381469727,10.199999809265137,59.20459035848734,0.07310332492010954,59.0,59.29999923706055,,,,,,,,,,,,,,,,,1.319028786571211,0.39366964100050267,0.11963255703449249,9.414349555969238,14.374675006494936,2.9505520041686086,0.0079348124563694,14.993743896484375,2.5915441983141285,6.8953623500946195,-50.63020706176758,28.321176528930664,85.5000741251148,13.84103129947836,7.910397529602051,97.39372253417969,40.85699287727154,22.9769676939704,0.0,79.8822021484375,527.3154617563414,231.20838213597997,0.0,984.7483520507812,3.4665867774400145,7.62580295726012,0.0,221.3812713623047,28.796343169973284,3.9004064098183613,24.1798152923584,50.141910552978516,0.04057788009438561,0.009183427730339313,0.000699999975040555,0.07909999787807465,,,,,0.0,0.0,0.0,0.0,0.10116425312674493,2.3528564504198406,0.0,57.222206115722656,0.0,0.0,0.0,0.0,1.9433148490449785,0.2312756426289389,1.0,2.0,,,,,2586.593388729601,708.3992913469039,0.0,2805.978515625,3063.5129004553078,796.7086825302018,0.0,3376.110107421875,142.5546485977827,180.49609764981085,0.0,1000.0,3.007701786814541,0.23209865558836837,1.0,4.0,,,,,,,,,,,,,,,,,,,,,9.821349620525291,1.3249525635988684,0.0,10.026795387268066,,,,
Day_2024_08_01_Wafer_09,2024-08-01,6,9,3245,31,0.12300000339746475,0.0,0.12300000339746475,0.12300000339746475,127.88600335554644,34.75569112428095,21.362957000732422,157.78070068359375,7.308533129417474,35.01465681193766,0.0,200.0,4.171747297865951,0.1026080768197489,3.7799999713897705,4.440000057220459,0.0,0.0,0.0,0.0,71.50913074244566,121.93185437621419,0.0,300.010009765625,407.47274747356795,270.90805142308216,0.0,600.010009765625,,,,,2.103654824787369,0.034392130068857045,1.9800000190734863,2.190000057220459,0.0,0.0,0.0,0.0,1371.015250513109,0.03595134404523678,1371.0,1371.0999755859375,55.00379040546153,0.23005042076476404,54.70000076293945,55.29999923706055,10.196764080476687,0.01769738973788867,10.100000381469727,10.199999809265137,59.19922977324076,0.07404989657351006,59.0,59.400001525878906,,,,,,,,,,,,,,,,,1.2983794714434673,0.4007196138139278,0.12451551854610443,9.675588607788086,14.379025981225109,2.9402111495270096,0.006714072078466415,14.993743896484375,2.858592135366196,7.724599681171702,-76.6319808959961,26.490066528320312,85.17436389261843,13.827645810557446,7.351909160614014,95.72130584716797,40.84419073507488,22.971305855191865,0.0,79.8822021484375,525.9950177396942,230.99126999825256,0.0,985.0230712890625,3.4511214588876404,7.738494651696897,0.0,224.58570861816406,28.803942903421692,3.8491473684109385,24.24085235595703,50.05645751953125,0.0406006467803446,0.009240520039612945,0.000699999975040555,0.07249999791383743,,,,,0.0,0.0,0.0,0.0,0.08163348463907814,2.07969663920644,0.0,56.30664825439453,0.0,0.0,0.0,0.0,1.9436055469953775,0.23071740838947596,1.0,2.0,,,,,2586.5674701473195,708.5267774953303,0.0,2804.468017578125,3061.861396740177,796.5160031397075,0.0,3374.889404296875,141.99837543958645,180.7170863445235,0.0,1000.0,3.0077041602465333,0.23213438696350816,1.0,4.0,,,,,,,,,,,,,,,,,,,,,9.824104341409974,1.313851363342727,0.0,10.020752906799316,,,,
Day_2024_08_01_Wafer_10,2024-08-01,6,10,3245,31,0.12300000339746475,0.0,0.12300000339746475,0.12300000339746475,128.06290737851558,34.74321553352876,21.362957000732422,157.4755096435547,7.371130969739865,35.00024096821685,0.0,200.0,4.0213313146071,0.09942473909594053,3.6500000953674316,4.320000171661377,0.0,0.0,0.0,0.0,71.1670875775744,121.70946488158728,0.0,300.0,408.3053794598451,270.45710517822715,0.0,600.02001953125,,,,,2.075072365292048,0.03611406462211642,1.9299999475479126,2.190000057220459,0.0,0.0,0.0,0.0,1371.0121387922525,0.03265824963199013,1371.0,1371.0999755859375,55.007149443310475,0.23209863288216517,54.70000076293945,55.29999923706055,10.196764080476687,0.01769738973788867,10.100000381469727,10.199999809265137,59.2073652481996,0.07160730750138881,59.0,59.29999923706055,,,,,,,,,,,,,,,,,1.3885874829210558,0.403942369161048,0.11963255703449249,9.55107307434082,14.379082410463429,2.940265919931919,0.01037629321217537,14.993133544921875,2.6561542628542485,7.446272584282179,-43.70250701904297,28.931547164916992,85.5337655289331,13.944722111826477,7.7272868156433105,100.0,40.89003904604214,22.98523786430615,0.0,79.927978515625,528.216981264182,231.47683691918303,0.0,983.5123901367188,3.4678948788308124,7.918706392170395,0.0,225.6385955810547,28.79368698402252,3.864532665281252,24.2133846282959,50.05645751953125,0.04060767294953108,0.009209948845887298,0.000699999975040555,0.07840000092983246,,,,,0.0,0.0,0.0,0.0,0.16256161353253804,2.9261487724699045,0.0,56.154056549072266,0.0,0.0,0.0,0.0,1.9436055469953775,0.230717408389476,1.0,2.0,,,,,2587.291688013297,707.1352709660416,0.0,2809.50341796875,3059.952978064209,793.6723388119708,0.0,3373.2109375,139.10135546159947,180.35859573635884,0.0,1000.0,3.0077041602465333,0.23213438696350816,1.0,4.0,,,,,,,,,,,,,,,,,,,,,9.82423593494668,1.3138684847822033,0.0,10.026795387268066,,,,
Day_2024_08_21_Wafer_01,2024-08-21,9,1,3245,31,19.050281140763882,121.42339865519111,0.12300000339746475,797.772705078125,127.19390553913793,34.74013289347457,20.752586364746094,156.86514282226562,7.263765794326923,35.02263359989814,0.0,200.0,4.241457637542936,0.11983137119297961,3.7799999713897705,4.570000171661377,0.0,0.0,0.0,0.0,71.21018784944835,121.72527559023564,0.0,300.04998779296875,407.8282020465251,270.733477490811,0.0,600.02001953125,,,,,2.0620862407199407,0.039681897887294364,1.909999966621399,2.200000047683716,0.0,0.0,0.0,0.0,1371.0146343307613,0.03534539782273534,1371.0,1371.0999755859375,55.01978376297444,0.12574017601149876,54.79999923706055,55.20000076293945,10.12807417635925,0.04596005440666431,10.0,10.199999809265137,59.89596366470877,0.09699113225454108,59.599998474121094,60.0,,,,,,,,,,,,,,,,,1.3690812178243106,0.38280274835650985,0.0,8.644062995910645,14.3809080259642,2.930850144571653,0.009765923023223877,14.993133544921875,3.25637668644886,10.520987640897587,-39.5825080871582,31.9833984375,85.3828913770949,13.927216592478892,7.55943489074707,92.7488021850586,40.89400317657894,23.00729382903955,0.0,80.111083984375,521.9372098714067,231.3595171727266,0.0,978.4996948242188,3.5008774473459585,8.23203409346086,0.0,223.30393981933594,28.510482736949008,3.9380798077504977,24.372081756591797,50.065616607666016,0.04060881329479359,0.009201092495237458,0.0006000000284984708,0.07050000131130219,,,,,0.0,0.0,0.0,0.0,0.18198248417976273,3.124011573729587,0.0,57.37479782104492,0.0,0.0,0.0,0.0,1.9436055469953775,0.230717408389476,1.0,2.0,,,,,2586.976263818021,709.053981947985,0.0,2806.314208984375,3056.699301471916,796.5038270890379,0.0,3372.447998046875,138.75615260341135,178.77133097876055,0.0,1000.0,3.0077041602465333,0.23213438696350816,1.0,4.0,,,,,,,,,,,,,,,,,,,,,9.823185094001664,1.3137273902375473,0.0,10.048952102661133,,,,
Day_2024_08_21_Wafer_02,2024-08-21,9,2,3245,31,0.12300000339746475,0.0,0.12300000339746475,0.12300000339746475,126.88467643573215,34.450128167810625,20.142215728759766,156.86514282226562,7.291882898191274,35.01797649058463,0.0,200.0,4.106049321428837,0.12896167676640072,3.2699999809265137,4.510000228881836,0.0,0.0,0.0,0.0,71.32885968487233,121.85261079768577,0.0,300.010009765625,408.0275024814029,270.6686014197545,0.0,600.010009765625,,,,,2.0972295454727665,0.03769974669152826,1.9700000286102295,2.200000047683716,0.0,0.0,0.0,0.0,1371.0145727125264,0.035283638848003354,1371.0,1371.0999755859375,55.032387816630454,0.15725970125042385,54.79999923706055,55.29999923706055,10.143205064911688,0.049543469423040394,10.100000381469727,10.199999809265137,59.90533204394607,0.07827863334107685,59.70000076293945,60.0,,,,,,,,,,,,,,,,,1.3231309713218906,0.3818178446875742,0.1269569993019104,9.054231643676758,14.37910478136894,2.940341018923083,0.006103701889514923,14.993133544921875,4.1351122628375085,13.5111438100564,-31.34250831604004,81.20975494384766,86.46965499813274,14.01556822094679,7.681509017944336,92.94107055664062,40.90763078815948,22.98637960255573,0.0,80.20264434814453,523.6771319561269,230.00068761740238,0.0,977.1264038085938,3.250320012044328,7.7415355378630455,0.0,219.45860290527344,28.59265983181852,3.9520979817774977,24.23474884033203,49.94354248046875,0.040614421821833634,0.009193199440557395,0.000699999975040555,0.07360000163316727,,,,,0.0,0.0,0.0,0.0,0.19416167225418915,3.189602306695198,0.0,56.00146484375,0.0,0.0,0.0,0.0,1.9436055469953775,0.230717408389476,1.0,2.0,,,,,2586.8045370187156,708.7970776010682,0.0,2805.978515625,3056.399476658802,794.9059534604706,0.0,3370.769287109375,136.06271792292273,178.4628777483739,0.0,1000.0,3.0077041602465333,0.23213438696350816,1.0,4.0,,,,,,,,,,,,,,,,,,,,,9.823301156900698,1.3137393953251382,0.0,10.018738746643066,,,,
Day_2024_08_21_Wafer_03,2024-08-21,9,3,3246,31,0.12300000339746475,0.0,0.12300000339746475,0.12300000339746475,126.69854140443267,34.428647743339944,21.057771682739258,156.55995178222656,7.233761553817847,34.847093427155755,0.0,200.0,4.133776970946782,0.12303066257698345,3.640000104904175,4.440000057220459,0.0,0.0,0.0,0.0,71.4395315200056,121.9607839260423,0.0,300.010009765625,407.8245735559027,270.7820487157735,0.0,600.030029296875,,,,,2.1011398355680266,0.03989197122605816,1.9500000476837158,2.2300000190734863,0.0,0.0,0.0,0.0,1371.0099174795662,0.029890210242837112,1371.0,1371.0999755859375,55.014725391907376,0.1781225317289062,54.70000076293945,55.29999923706055,10.167128775932138,0.048019508733392884,10.100000381469727,10.300000190734863,59.902804000393814,0.08257139967707745,59.70000076293945,60.099998474121094,,,,,,,,,,,,,,,,,1.340795273694611,0.3849657669703566,0.11841181665658951,9.11771011352539,14.379312938229582,2.93967167967894,0.005493331700563431,14.993133544921875,3.7066826382611757,12.011461994463547,-44.61806106567383,39.73509979248047,86.02044576637846,13.969511328883158,7.745597839355469,92.7762680053711,40.89563468526487,22.96855978949785,0.0,79.927978515625,525.5903979646374,230.371492294657,0.0,982.001708984375,3.439537565138372,8.012221544251453,0.0,221.3812713623047,28.67458692951402,3.913372458090933,24.25916290283203,50.077823638916016,0.040618545473243374,0.009149502425788412,0.000699999975040555,0.07209999859333038,,,,,0.0,0.0,0.0,0.0,0.14770356799376577,2.803597365423742,0.0,55.848873138427734,0.0,0.0,0.0,0.0,1.9436229205175601,0.2306839796024253,1.0,2.0,,,,,2586.563087877049,709.458584479345,0.0,2805.978515625,3056.2035939891766,796.3769545831017,0.0,3375.499755859375,136.4930104725453,178.95941034251913,0.0,1000.0,3.007701786814541,0.2320986555883684,1.0,4.0,,,,,,,,,,,,,,,,,,,,,9.82138310959511,1.3249614347983474,0.0,10.024781227111816,,,,
Day_2024_08_21_Wafer_04,2024-08-21,9,4,3246,31,0.12300000339746475,0.0,0.12300000339746475,0.12300000339746475,126.67879756497368,34.44683891283818,21.362957000732422,156.86514282226562,7.288462732426217,35.01096157124732,0.0,200.0,4.129131253824804,0.1296995921463957,3.490000009536743,4.440000057220459,0.0,0.0,0.0,0.0,71.38640458956567,121.88017879208853,0.0,300.0,408.1095179479411,270.54238694193737,0.0,600.02001953125,,,,,2.1102864896891225,0.04005715215030961,1.9199999570846558,2.2200000286102295,0.0,0.0,0.0,0.0,1371.0152458148611,0.035946800755183514,1371.0,1371.0999755859375,55.00733189045171,0.17300540314216314,54.70000076293945,55.29999923706055,10.185027634884499,0.03945819411086759,10.100000381469727,10.300000190734863,59.902834957496516,0.08161296643033052,59.70000076293945,60.099998474121094,,,,,,,,,,,,,,,,,1.3070710957031961,0.3961957223518508,0.11963255703449249,9.519333839416504,14.379242618511432,2.9393751310176386,0.0079348124563694,14.993743896484375,4.2047003392297695,10.544730354123951,-43.9771728515625,37.11050796508789,85.81951531215134,13.878352770086915,7.794427394866943,92.52296447753906,40.88129210457417,22.967358244800792,0.0,79.8822021484375,526.2313501589547,230.5178724765204,0.0,982.0703735351562,3.379685177352424,7.687087971288843,0.0,214.5146026611328,28.732705606330125,3.8982072210914502,24.24695587158203,50.099185943603516,0.04059371495469791,0.009195202288157274,0.000699999975040555,0.06870000064373016,,,,,0.0,0.0,0.0,0.0,0.16335770236219216,2.9417655700931293,0.0,57.222206115722656,0.0,0.0,0.0,0.0,1.9436229205175601,0.2306839796024253,1.0,2.0,,,,,2586.6707978075256,708.6914128584118,0.0,2803.460693359375,3055.12411955941,795.9233194761349,0.0,3368.327880859375,136.0431587154336,178.69354758923456,0.0,1000.0,3.007701786814541,0.2320986555883684,1.0,4.0,,,,,,,,,,,,,,,,,,,,,9.824040827748222,1.313633958651383,0.0,10.016724586486816,,,,
Day_2024_08_21_Wafer_05,2024-08-21,9,5,3246,31,0.12300000339746475,0.0,0.12300000339746475,0.12300000339746475,126.6323522296278,34.43610782627562,20.752586364746094,156.86514282226562,7.277298213628844,35.016331368992155,0.0,200.0,4.116515730460044,0.13441224216510397,3.7200000286102295,4.460000038146973,0.0,0.0,0.0,0.0,71.50975646435278,121.94319273692369,0.0,300.010009765625,407.49449645473095,270.92585102615743,0.0,600.02001953125,,,,,2.113006763449438,0.03949319713202661,1.9500000476837158,2.240000009536743,0.0,0.0,0.0,0.0,1371.017216990924,0.03775305380179065,1371.0,1371.0999755859375,55.01176817183574,0.18993999726898209,54.70000076293945,55.29999923706055,10.185304888515507,0.03669304372657306,10.100000381469727,10.300000190734863,59.90378996683945,0.0853585710569885,59.70000076293945,60.099998474121094,,,,,,,,,,,,,,,,,1.3580582550280966,0.3992711239223421,0.12329477816820145,9.504684448242188,14.379264992780557,2.939314273815292,0.012207403779029846,14.993743896484375,3.7611383445749147,9.61694951587731,-70.28412628173828,30.945768356323242,85.70443348391,13.898002058893487,7.82799768447876,92.36731719970703,40.8804600381293,22.965004460672315,0.0,79.927978515625,528.2881764137517,231.15680681256381,0.0,982.7570190429688,3.496400148509666,7.646688119069166,0.0,213.3701629638672,28.778539759835123,3.8773267706113557,24.27136993408203,50.071720123291016,0.04061826824417736,0.009184570860306544,0.000699999975040555,0.07590000331401825,,,,,0.0,0.0,0.0,0.0,0.08038609305503408,2.048318150625197,0.0,55.238502502441406,0.0,0.0,0.0,0.0,1.9436229205175601,0.2306839796024253,1.0,2.0,,,,,2586.740142229965,708.8042789452909,0.0,2805.642822265625,3056.973329216187,796.2875448431864,0.0,3375.34716796875,139.3863363802727,179.06970085188888,0.0,1000.0,3.007701786814541,0.2320986555883684,1.0,4.0,,,,,,,,,,,,,,,,,,,,,9.8245242225191,1.313699467749679,0.0,10.026795387268066,,,,
Day_2024_08_21_Wafer_06,2024-08-21,9,6,3298,31,0.12300000339746475,0.0,0.12300000339746475,0.12300000339746475,124.94053812645797,36.60493946237115,20.142215728759766,156.86514282226562,7.172277138639624,34.74906995162299,0.0,200.0,4.2057913932892825,0.11346258701173435,3.7899999618530273,4.539999961853027,0.0,0.0,0.0,0.0,70.2216552781673,121.12601990673689,0.0,300.010009765625,401.4742099917643,273.2913301295763,0.0,600.0499877929688,,,,,2.118984222122942,0.03782898201929997,1.9800000190734863,2.2200000286102295,0.0,0.0,0.0,0.0,1371.0109433555256,0.031218694161482003,1371.0,1371.0999755859375,55.00770170143549,0.20457612303304312,54.70000076293945,55.29999923706055,10.190418299506693,0.029438120357967903,10.100000381469727,10.199999809265137,59.902668913036784,0.087973315989592,59.70000076293945,60.099998474121094,,,,,,,,,,,,,,,,,1.3605340324735338,0.3903906059321412,0.12085329741239548,9.327676773071289,14.388969297495402,2.9169601001033163,0.009765923023223877,14.993133544921875,3.7653807304063083,8.803960944788274,-50.38605880737305,31.250953674316406,84.03741287134177,18.370140064972396,0.0,92.42835998535156,40.22020754689806,23.352285195194046,0.0,79.83641815185547,518.5217301604096,238.11608054424713,0.0,981.9330444335938,3.415981737554543,7.657618963694981,0.0,213.7363739013672,28.7360989557316,3.8670362432095224,24.25305938720703,49.937435150146484,0.04037465093983676,0.009283472641961589,0.000699999975040555,0.06469999998807907,,,,,0.0,0.0,0.0,0.0,0.19432646900035888,3.2192595452062935,0.0,57.832576751708984,0.0,0.0,0.0,0.0,1.9445118253486962,0.22896535363045967,1.0,2.0,,,,,2533.799358980955,789.9557236849861,0.0,2805.978515625,2996.9675081992164,882.877117095644,0.0,3368.327880859375,139.18548471123216,187.43095675870475,0.0,1000.0,3.00758035172832,0.23026306065553448,1.0,4.0,,,,,,,,,,,,,,,,,,,,,9.826952470440515,1.3034383528893496,0.0,10.016724586486816,,,,
Day_2024_08_21_Wafer_07,2024-08-21,9,7,3246,31,0.12300000339746475,0.0,0.12300000339746475,0.12300000339746475,126.57048785267828,34.468822673760585,20.752586364746094,156.55995178222656,7.216303143330097,34.85257785930332,0.0,200.0,4.204953792208297,0.11424615554147118,3.7300000190734863,4.519999980926514,0.0,0.0,0.0,0.0,71.40679900953977,121.85565707876498,0.0,300.0,407.82193323430903,270.69967632635786,0.0,600.02001953125,,,,,2.112507684834563,0.0368179664743059,1.9700000286102295,2.2200000286102295,0.0,0.0,0.0,0.0,1371.0172477905498,0.03777977503143811,1371.0,1371.0999755859375,55.01044365277058,0.2119072751764356,54.599998474121094,55.29999923706055,10.19340711747579,0.02481917788673378,10.100000381469727,10.199999809265137,59.899877516487386,0.07885927236811624,59.70000076293945,60.099998474121094,,,,,,,,,,,,,,,,,1.3312128745432592,0.39067782083218905,0.12207403779029846,9.293496131896973,14.379330242192689,2.9391802816069976,0.010986663401126862,14.993743896484375,3.493814628798508,8.116406072472326,-33.38724899291992,33.204139709472656,85.53443708202389,13.909217699354594,6.799523830413818,94.02142333984375,40.85308646979482,22.966353133507777,0.0,79.83641815185547,527.6118114704125,230.6588370325139,0.0,982.8943481445312,3.449564666945765,7.578572986192772,0.0,214.4688262939453,28.828505141751236,3.8416809275348487,24.25916290283203,50.083927154541016,0.04058210069536864,0.009184092069995245,0.000699999975040555,0.07809999585151672,,,,,0.0,0.0,0.0,0.0,0.04804361711221203,1.5811258007543867,0.0,54.93331527709961,0.0,0.0,0.0,0.0,1.9436229205175601,0.2306839796024253,1.0,2.0,,,,,2586.569912344603,709.3492837364271,0.0,2804.6357421875,3055.7158758195183,796.4944253124283,0.0,3372.447998046875,140.16113614450248,179.80233893152862,0.0,1000.0,3.007701786814541,0.2320986555883684,1.0,4.0,,,,,,,,,,,,,,,,,,,,,9.821602804309705,1.3249884451914091,0.0,10.022767066955566,,,,
Day_2024_08_21_Wafer_08,2024-08-21,9,8,3245,31,0.12300000339746475,0.0,0.12300000339746475,0.12300000339746475,126.5999937183868,34.55263368874091,20.752586364746094,156.86514282226562,7.237543916004855,34.8551249446073,0.0,200.0,4.252471501801525,0.09833600641515208,3.880000114440918,4.510000228881836,0.0,0.0,0.0,0.0,71.55599989988748,121.97604905349202,0.0,300.010009765625,407.7382730044459,270.8634449852051,0.0,600.02001953125,,,,,2.108015378267262,0.036511029063550644,1.9800000190734863,2.2200000286102295,0.0,0.0,0.0,0.0,1371.0134943934177,0.03416681108359459,1371.0,1371.0999755859375,55.01112473639208,0.2189456293269409,54.599998474121094,55.29999923706055,10.199999809265137,0.0,10.199999809265137,10.199999809265137,59.905640232691596,0.07442088268430049,59.70000076293945,60.099998474121094,,,,,,,,,,,,,,,,,1.3201598107722947,0.39167302755376815,0.125736266374588,9.367961883544922,14.383755071113354,2.9288974445896634,0.011597033590078354,14.993743896484375,3.62447975905173,7.782312186688993,-42.085025787353516,32.074954986572266,85.48780266066728,13.959260109945841,6.6560869216918945,95.57786560058594,40.87325154555781,22.96783157491223,0.0,79.83641815185547,527.7830802223899,231.19559148503717,0.0,982.9630126953125,3.3831390069737366,7.61224690784048,0.0,215.24703979492188,28.80216351936705,3.88356388407083,24.25305938720703,50.080875396728516,0.04060896729124144,0.009247107937379784,0.000699999975040555,0.0804000049829483,,,,,0.0,0.0,0.0,0.0,0.14426931842633497,2.737251655817952,0.0,54.62813186645508,0.0,0.0,0.0,0.0,1.9439137134052389,0.230123737583032,1.0,2.0,,,,,2587.6390347003203,707.2539755779009,0.0,2806.146484375,3053.7810438159067,792.1214611408813,0.0,3368.48046875,137.50899451521494,179.8456076175323,0.0,1000.0,3.007395993836672,0.23147951745235537,1.0,4.0,,,,,,,,,,,,,,,,,,,,,9.824141593780283,1.3138548335096287,0.0,10.016724586486816,,,,
Day_2024_08_21_Wafer_09,2024-08-21,9,9,3193,31,0.12300000339746475,0.0,0.12300000339746475,0.12300000339746475,128.48789474159955,32.20473274555529,20.752586364746094,156.86514282226562,7.339492641763299,35.124774753555315,0.0,200.0,4.226078931194393,0.11148675395260402,3.740000009536743,4.510000228881836,0.0,0.0,0.0,0.0,72.37282776528187,122.41698317470167,0.0,300.0,414.9902868971924,267.61242009866373,0.0,600.0399780273438,,,,,2.134694672362617,0.03432092519328631,1.9600000381469727,2.240000009536743,0.0,0.0,0.0,0.0,1371.0161564053692,0.03680544677507211,1371.0,1371.0999755859375,55.01024103209474,0.22412104898990537,54.599998474121094,55.29999923706055,10.20046958869578,0.006839011469144726,10.199999809265137,10.300000190734863,59.901598047769596,0.07362327985224411,59.70000076293945,60.0,,,,,,,,,,,,,,,,,1.3145485277198117,0.4019852882861269,0.11841181665658951,9.619434356689453,14.373889271437076,2.9515306467103883,0.01037629321217537,14.993133544921875,3.322780386019455,7.223845829563774,-33.38724899291992,33.845027923583984,88.02515044602114,7.9239871391289896,35.55101013183594,99.993896484375,41.54364355656558,22.561368904654323,0.0,79.69908905029297,538.5711304819625,221.87829985774513,0.0,982.3450317382812,3.2557839852326946,9.722664508481737,0.0,372.9056701660156,28.85543609210551,3.8192966802884833,25.54094123840332,50.090030670166016,0.0408599119430867,0.008998847938703586,0.000699999975040555,0.06540000438690186,,,,,0.0,0.0,0.0,0.0,0.1335244529716953,2.667889609883976,0.0,57.37479782104492,0.0,0.0,0.0,0.0,1.9430003131850924,0.23187833386647805,1.0,2.0,,,,,2646.2158988190413,598.2671772931967,0.0,2805.978515625,3114.345982781854,682.6523319233067,0.0,3366.6494140625,134.16632762835985,166.27617635453825,0.0,621.6315307617188,3.0075164422173506,0.23335544474545844,1.0,4.0,,,,,,,,,,,,,,,,,,,,,9.82177739960252,1.3243889044284574,0.0,10.032837867736816,,,,
Day_2024_08_21_Wafer_10,2024-08-21,9,10,3245,31,0.12300000339746475,0.0,0.12300000339746475,0.12300000339746475,126.74501539386108,34.53885358137518,20.752586364746094,156.86514282226562,7.232714947125371,34.85735304046607,0.0,200.0,4.071312811488546,0.1018984308959033,3.700000047683716,4.329999923706055,0.0,0.0,0.0,0.0,71.53203986651553,121.94974095867452,0.0,300.010009765625,407.70156389142403,270.7794772784829,0.0,600.0499877929688,,,,,2.1121509789318442,0.0342706188906037,1.9600000381469727,2.2100000381469727,0.0,0.0,0.0,0.0,1371.0155894134004,0.03627583846547632,1371.0,1371.0999755859375,55.01121722604901,0.2288739056590056,54.599998474121094,55.29999923706055,10.201848814777675,0.013473617897155449,10.199999809265137,10.300000190734863,59.90678034872046,0.07755283331508359,59.70000076293945,60.099998474121094,,,,,,,,,,,,,,,,,1.3535742406462117,0.3951397956690276,0.11352885514497757,9.397259712219238,14.383432111825984,2.9305207792764913,0.012207403779029846,14.993743896484375,3.506383940545363,7.485894455232517,-93.53923034667969,27.74132537841797,85.28025038165194,13.965509438033372,7.095553398132324,100.0,40.86995048346615,22.963442298116977,0.0,79.79064178466797,527.1381422986235,231.17873277558928,0.0,980.7656860351562,3.3353157130189137,7.572811914042166,0.0,209.93682861328125,28.834530072439986,3.88940440117565,24.25305938720703,50.126651763916016,0.040609799380965234,0.009199249259824582,0.000699999975040555,0.07109999656677246,,,,,0.0,0.0,0.0,0.0,0.16510090291591933,2.972109443753424,0.0,57.06961441040039,0.0,0.0,0.0,0.0,1.9439137134052389,0.230123737583032,1.0,2.0,,,,,2587.5722573631533,707.2191703174004,0.0,2804.8037109375,3054.35887430482,792.2854504590671,0.0,3366.6494140625,139.94967596211308,180.5146223194337,0.0,1000.0,3.0083204930662557,0.22944160133664618,1.0,4.0,,,,,,,,,,,,,,,,,,,,,9.824229731508323,1.3138662743323388,0.0,10.018738746643066,,,,
Day_2024_08_05_Wafer_01,2024-08-05,7,1,3245,31,18.476583234731606,118.5337752954149,0.12300000339746475,783.772705078125,127.83004494124826,35.077140187432,20.752586364746094,157.78070068359375,7.306203388590337,35.01342704976122,0.0,200.0,4.034776609667644,0.11025326001537013,3.5999999046325684,4.369999885559082,0.0,0.0,0.0,0.0,71.37370104501066,121.90216952420441,0.0,300.0199890136719,407.9586089426637,270.813363213134,0.0,600.010009765625,,,,,2.0843728199945577,0.03221311439906464,1.940000057220459,2.190000057220459,0.0,0.0,0.0,0.0,1371.0176228151483,0.038101640811673304,1371.0,1371.0999755859375,54.69799650218711,0.13065492875864193,54.400001525878906,54.900001525878906,10.168690281178808,0.04638223049908525,10.100000381469727,10.199999809265137,60.00434486494961,0.08070375237546479,59.70000076293945,60.20000076293945,,,,,,,,,,,,,,,,,1.2680626012580054,0.3909795347599823,0.11963255703449249,9.436323165893555,14.378993056168083,2.940956555279979,0.0048829615116119385,14.993743896484375,3.8824246457985994,11.371161660462677,-32.807395935058594,33.38724899291992,84.90870143702291,13.9548597960498,8.636737823486328,92.27881622314453,40.90448483142353,22.99301483156937,0.0,80.29419708251953,518.9497770053764,230.92239379699046,0.0,976.7830200195312,3.48554295698993,8.205666004250746,0.0,225.3181610107422,28.497814542890882,4.013960052849975,24.301889419555664,49.94659423828125,0.04061904439135083,0.009158401407018756,0.0006000000284984708,0.07509999722242355,,,,,0.0,0.0,0.0,0.0,0.14967706383468557,2.842316011668731,0.0,57.67998123168945,0.0,0.0,0.0,0.0,1.9436055469953775,0.23071740838947596,1.0,2.0,,,,,2586.9247963175017,708.9192025819184,0.0,2807.4892578125,3065.1141320180086,798.7010283684431,0.0,3426.92333984375,139.69275591705218,179.37766529597857,0.0,1000.0,3.0077041602465333,0.23213438696350816,1.0,4.0,,,,,,,,,,,,,,,,,,,,,9.82253707950398,1.3136371465956256,0.0,10.016724586486816,,,,
Day_2024_08_05_Wafer_02,2024-08-05,7,2,3247,31,0.12300000339746475,0.0,0.12300000339746475,0.12300000339746475,127.51379515656993,34.76163238885434,20.752586364746094,157.78070068359375,7.283988304641,35.007331324520585,0.0,200.0,4.109242387283461,0.12133793954105322,3.6700000762939453,4.460000038146973,0.0,0.0,0.0,0.0,71.4572219942746,121.9122476046468,0.0,300.0,407.4629826092944,270.81379826904947,0.0,600.02001953125,,,,,2.0816260765323573,0.040847531485529845,1.940000057220459,2.190000057220459,0.0,0.0,0.0,0.0,1371.0121621054652,0.03268525401639289,1371.0,1371.0999755859375,54.71179565180622,0.16673321562666768,54.400001525878906,55.0,10.13495552484755,0.04768996465685039,10.100000381469727,10.199999809265137,59.99584218322735,0.08110738462249632,59.79999923706055,60.20000076293945,,,,,,,,,,,,,,,,,1.2840075915731537,0.3842968128826466,0.11230811476707458,9.199499130249023,14.374820918561836,2.95060916579184,0.0030518509447574615,14.993743896484375,4.03790803333044,13.576811672694369,-31.922361373901367,38.20917510986328,85.88164035966295,13.921723641798076,7.895138263702393,92.37036895751953,40.93901073525126,22.983694282600652,0.0,80.29419708251953,522.3598673179915,230.49678895917899,0.0,977.195068359375,3.381576804780927,7.989315776719237,0.0,228.01904296875,28.56032555911737,3.9648766178512864,24.1889705657959,49.98321533203125,0.04060314112190303,0.009156379133300217,0.000699999975040555,0.06940000504255295,,,,,0.0,0.0,0.0,0.0,0.04878074028031584,1.6059974597761095,0.0,56.154056549072266,0.0,0.0,0.0,0.0,1.9433323067446875,0.23124215491248842,1.0,2.0,,,,,2586.135070382539,710.096949148576,0.0,2805.978515625,3064.3873163945204,800.1976138058596,0.0,3379.00927734375,138.08172624114434,178.73774806331937,0.0,1000.0,3.007699414844472,0.23206294070802863,1.0,4.0,,,,,,,,,,,,,,,,,,,,,9.820966860386713,1.3246923378153994,0.0,10.026795387268066,,,,
Day_2024_08_05_Wafer_03,2024-08-05,7,3,3299,31,0.12300000339746475,0.0,0.12300000339746475,0.12300000339746475,125.61840327836124,36.86037287387082,21.057771682739258,157.78070068359375,7.182491664659254,34.741543024566695,0.0,200.0,4.108590499745531,0.11766956992346722,3.7200000286102295,4.460000038146973,0.0,0.0,0.0,0.0,70.29682343321163,121.14925889054716,0.0,300.010009765625,401.49384224931555,273.2714002555851,0.0,600.030029296875,,,,,2.0953712878931143,0.03815494732579241,1.9700000286102295,2.200000047683716,0.0,0.0,0.0,0.0,1371.0132735091363,0.0339291874303049,1371.0,1371.0999755859375,54.721158385240656,0.18436734300518443,54.400001525878906,55.0,10.188390297035479,0.03203864780296105,10.100000381469727,10.199999809265137,60.00633493905069,0.0897359977632276,59.79999923706055,60.20000076293945,,,,,,,,,,,,,,,,,1.2629227170341844,0.37979889013500984,0.11474959552288055,9.201940536499023,14.384428037229442,2.928641955176288,0.0,14.993743896484375,4.158371247461833,11.202364711788078,-32.53273010253906,57.252723693847656,83.82887076188774,18.346411026449083,0.0,92.13843536376953,40.3120184519971,23.394090450766402,0.0,80.24842071533203,513.8895250721099,240.32553588856752,0.0,978.2250366210938,3.558135358144132,8.145871178714087,0.0,225.3639373779297,28.56696132140725,3.944049204352243,24.2011775970459,50.05340576171875,0.040319702603195624,0.009379702457238832,0.000699999975040555,0.06840000301599503,,,,,0.0,0.0,0.0,0.0,0.17891117730766543,3.094468148214721,0.0,56.45924377441406,0.0,0.0,0.0,0.0,1.944225522885723,0.22952048533208294,1.0,2.0,,,,,2533.199261422806,790.8989636058233,0.0,2803.460693359375,3007.969051901085,886.7061928049314,0.0,3379.772216796875,142.71922388805623,188.7571992967831,0.0,1000.0,3.007578053955744,0.2302281863366009,1.0,4.0,,,,,,,,,,,,,,,,,,,,,9.823752679619583,1.3143905058475744,0.0,10.016724586486816,,,,
Day_2024_08_05_Wafer_04,2024-08-05,7,4,3247,31,0.12300000339746475,0.0,0.12300000339746475,0.12300000339746475,127.21086578850824,34.751998239842344,20.752586364746094,156.86514282226562,7.2258977440266445,34.84527191440697,0.0,200.0,4.107730228790034,0.12904139629233324,3.640000104904175,4.429999828338623,0.0,0.0,0.0,0.0,71.47508796385407,121.93791321263754,0.0,300.010009765625,407.65973092784026,270.82189245513877,0.0,600.010009765625,,,,,2.097406802193583,0.038519963803680536,1.9500000476837158,2.200000047683716,0.0,0.0,0.0,0.0,1371.0145329462773,0.035243663750786976,1371.0,1371.0999755859375,54.71118021202263,0.2087905061268867,54.29999923706055,55.0,10.139359564938324,0.048861905322873295,10.100000381469727,10.199999809265137,60.0033567597178,0.07685485520787394,59.79999923706055,60.20000076293945,,,,,,,,,,,,,,,,,1.243622780573581,0.3820578043100467,0.11963255703449249,9.21170711517334,14.37480193561601,2.950760323346863,0.004272591322660446,14.993133544921875,3.3000593813962853,8.404651460714058,-36.62221145629883,33.814510345458984,85.42209004680304,13.926649024786057,7.531968116760254,98.43745422363281,40.916650540064325,23.005767923793503,0.0,79.927978515625,524.254047103614,230.50873670415157,0.0,980.3536987304688,3.3814358174144616,8.016903044859314,0.0,227.8817138671875,28.684085745498663,3.936789829217828,24.1920223236084,50.129703521728516,0.04059072959931349,0.009174349041734697,0.000699999975040555,0.07159999758005142,,,,,0.0,0.0,0.0,0.0,0.06569891677917537,1.8720756544823023,0.0,55.69628143310547,0.0,0.0,0.0,0.0,1.9433323067446875,0.23124215491248842,1.0,2.0,,,,,2585.7129807820274,710.7691397644246,0.0,2804.300048828125,3065.1066685504165,800.6436881989026,0.0,3381.603515625,141.50740330887504,180.56224397058347,0.0,1000.0,3.007699414844472,0.23206294070802863,1.0,4.0,,,,,,,,,,,,,,,,,,,,,9.818184046661592,1.3358950139841685,0.0,10.024781227111816,,,,
Day_2024_08_05_Wafer_05,2024-08-05,7,5,3247,31,0.12300000339746475,0.0,0.12300000339746475,0.12300000339746475,127.25654487562869,34.77577336950457,21.057771682739258,157.78070068359375,7.2935478901837625,35.00545986887668,0.0,200.0,4.13453342145797,0.12211003797432898,3.7200000286102295,4.449999809265137,0.0,0.0,0.0,0.0,71.30721910783409,121.86410106629491,0.0,300.010009765625,407.89681121153507,270.630788931073,0.0,600.02001953125,,,,,2.0968154833652366,0.03701043327188547,1.9500000476837158,2.200000047683716,0.0,0.0,0.0,0.0,1371.0146868969794,0.03539791076648106,1371.0,1371.0999755859375,54.709332086946695,0.22831544049112507,54.29999923706055,55.099998474121094,10.191561298881416,0.027800643517222712,10.100000381469727,10.199999809265137,60.00505051349984,0.0822077588613594,59.79999923706055,60.20000076293945,,,,,,,,,,,,,,,,,1.244535986241154,0.3881364617347003,0.10742515325546265,9.380168914794922,14.374798364295964,2.950357609453633,0.005493331700563431,14.993133544921875,3.2635631273444115,7.40187553345067,-60.701316833496094,27.8328800201416,85.25021347134599,13.893229008035062,7.037568092346191,96.16382598876953,40.89702541056434,23.00108738298001,0.0,79.8822021484375,524.7326620305763,229.95914170708073,0.0,981.7957153320312,3.4562141530888058,7.915831616183387,0.0,228.61415100097656,28.725446904296685,3.907454101901983,24.24695587158203,50.05035400390625,0.0406052659886746,0.009269546203781929,0.000699999975040555,0.07530000060796738,,,,,0.0,0.0,0.0,0.0,0.11715836873008979,2.523035771531878,0.0,57.832576751708984,0.0,0.0,0.0,0.0,1.9433323067446875,0.23124215491248842,1.0,2.0,,,,,2585.831515524547,710.1820496491599,0.0,2808.496337890625,3060.8483164146714,799.1492894797545,0.0,3377.4833984375,138.44835267101695,179.37319459967478,0.0,1000.0,3.007699414844472,0.23206294070802863,1.0,4.0,,,,,,,,,,,,,,,,,,,,,9.821057445055013,1.3247039170107646,0.0,10.024781227111816,,,,
Day_2024_08_05_Wafer_06,2024-08-05,7,6,3247,31,0.12300000339746475,0.0,0.12300000339746475,0.12300000339746475,127.2101139136744,34.74317307005024,20.44740104675293,156.86514282226562,7.304595011538558,35.005371861359976,0.0,200.0,4.155247930530258,0.12231561713099004,3.7300000190734863,4.449999809265137,0.0,0.0,0.0,0.0,71.45077620373829,121.95389536666475,0.0,300.010009765625,407.8151233934754,270.7977770886759,0.0,600.010009765625,,,,,2.1023775438620635,0.035267899624329455,1.9800000190734863,2.2100000381469727,0.0,0.0,0.0,0.0,1371.0181661828467,0.03855674286080011,1371.0,1371.0999755859375,54.69562707330618,0.23982558293558498,54.29999923706055,55.099998474121094,10.155374256177502,0.049717713721660076,10.100000381469727,10.199999809265137,60.01284239157773,0.07424711990075278,59.79999923706055,60.20000076293945,,,,,,,,,,,,,,,,,1.2338320436635897,0.39082226103964285,0.12085329741239548,9.488815307617188,14.374639128341991,2.9504253022941147,0.0079348124563694,14.993743896484375,2.739907980185492,7.211949140506046,-66.98812866210938,24.109622955322266,85.05409802720845,13.829682705893449,6.393627643585205,96.01123046875,40.94002569966365,23.03166337274277,0.0,79.8822021484375,526.4236343802031,230.8595479961213,0.0,979.598388671875,3.5113956049465567,7.942455136303195,0.0,222.4799346923828,28.77223508498248,3.9085468684543794,24.1828670501709,49.931331634521484,0.04060083114397794,0.009256320724133666,0.000699999975040555,0.07800000160932541,,,,,0.0,0.0,0.0,0.0,0.04793483145537287,1.578028653981772,0.0,55.08591079711914,0.0,0.0,0.0,0.0,1.9433323067446875,0.23124215491248842,1.0,2.0,,,,,2585.937641887471,709.8157165935355,0.0,2807.153564453125,3062.777786879896,798.4768031333662,0.0,3376.415283203125,142.0647255482928,180.5342990345143,0.0,1000.0,3.007699414844472,0.23206294070802863,1.0,4.0,,,,,,,,,,,,,,,,,,,,,9.821752207514907,1.3247969602636194,0.0,10.032837867736816,,,,
