experiment_key,lot_number,wafer_number,conditioning_count,conditioning_surface,mean_si_etch,std_si_etch,cv_si_etch,min_si_etch,max_si_etch,n_points,Date,planned_wafers,process_date,process_group,n_samples,n_process_signals,EpdIntensity_mean,ForeLinePressure_mean,ForeLinePressure_min,ForeLinePressure_max,Gas1Flow_mean,Gas1Flow_max,Gas2Flow_mean,Gas2Flow_std,Gas2Flow_min,Gas2Flow_max,Gas4Flow_mean,Gas4Flow_max,Gas5Flow_max,Gas7Flow_mean,Gas7Flow_std,Gas7Flow_min,Gas7Flow_max,Heater1Temp_mean,Heater2Temp_mean,Heater2Temp_std,Heater3Temp_mean,Heater3Temp_std,Heater3Temp_min,Heater3Temp_max,Heater4Temp_mean,Heater4Temp_std,HeliumBPFlow_mean,HeliumBPFlow_std,HeliumBPFlow_min,HeliumBPFlow_max,HeliumBPPressure_mean,HeliumBPPressure_min,HeliumBPPressure_max,PlatenDcBias_mean,PlatenDcBias_std,PlatenDcBias_min,PlatenDcBias_max,PlatenRFLoadCapacitor_mean,PlatenRFLoadCapacitor_std,PlatenRFLoadCapacitor_min,PlatenRFLoadCapacitor_max,PlatenRFLoadPower_max,PlatenRFPeakToPeak_mean,PlatenRFPeakToPeak_max,PlatenRFReflectedPower_mean,PlatenRFReflectedPower_std,PlatenRFReflectedPower_max,PlatenRFTuningCapacitor_mean,PlatenRFTuningCapacitor_std,PlatenRFTuningCapacitor_min,PlatenRFTuningCapacitor_max,Pressure_mean,Pressure_min,Pressure_max,SourceRF2PeakToPeak_mean,SourceRF2PeakToPeak_max,SourceRFLoadPower_max,SourceRFPeakToPeak_max,SourceRFReflectedPower_mean,SourceRFReflectedPower_std,moriInnerCurrent_max
2024-07-02_01,1,1,3,Chuck,44.28899101123595,3.688361093285706,0.0832794111825663,40.5896,52.6763,89,2th July 2024,10,2024-07-02,Day_2024_07_02_Wafer_01,3245,44,18.659691411975444,127.43974656985245,20.752586364746094,157.4755096435547,7.207149461201049,200.0,4.15832357656423,0.1140733217753316,3.670000076293945,4.440000057220459,71.43391342596517,300.0199890136719,600.030029296875,2.00284128912792,0.0359081445465727,1.850000023841858,2.130000114440918,1371.0139565301786,54.42363645321416,0.1248633636671309,10.162711891738589,0.0493735393476421,10.100000381469728,10.300000190734863,59.99525399112554,0.098080522985174,1.668730659950496,0.4330336028915907,0.0,9.458296775817873,14.378463729281547,0.0,14.993133544921877,1.911248689660306,11.15972833903303,-32.074954986572266,30.42695426940918,86.07706086507012,14.047291051787674,7.861567974090576,94.5646514892578,80.29419708251953,520.5115468452818,976.3710327148438,3.3647996920340324,8.137334704547719,222.5257110595703,28.403409317498586,3.9310172726276,14.267403602600098,50.065616607666016,0.0406054850117746,0.0006000000284984,0.0740000009536743,0.1845217723875824,60.121463775634766,2806.482177734375,3383.4345703125,138.8562100766436,176.97305166144696,10.050966262817385
2024-07-02_02,1,2,3,Chuck,44.038886516853935,3.636161560823041,0.0825670639840419,40.3938,51.8768,89,2th July 2024,10,2024-07-02,Day_2024_07_02_Wafer_02,3298,44,0.1230000033974647,125.29893167066604,20.14221572875977,157.4755096435547,7.046876895571836,200.0,3.973226222000099,0.1402306222662682,3.440000057220459,4.400000095367432,70.39368377980003,300.0,600.010009765625,2.0399696421738898,0.0377321538313941,1.8799999952316284,2.1600000858306885,1371.0130350218171,54.42683412726537,0.1638504462449385,10.155700487249035,0.0496812371312568,10.100000381469728,10.199999809265137,59.99939337291452,0.0784643467375918,1.67296250747362,0.4399563437877532,0.1416058838367462,9.9075288772583,14.388317295250168,0.0042725913226604,14.993133544921877,3.376524210699115,14.258217860691277,-32.074954986572266,35.34043502807617,85.08170768186639,18.654935566708534,0.0,93.25235748291016,80.29419708251953,514.4097683260555,979.2550659179688,3.2087880769589767,7.893905724749421,223.62437438964844,28.4468986095986,3.984142183214082,24.2133846282959,49.94354248046875,0.0403640081692575,0.0006000000284984,0.0691999942064285,0.0776380500770323,53.40739059448242,2805.978515625,3356.273193359375,137.38881595317318,184.8903047904784,10.016724586486816
2024-07-02_03,1,3,3,Chuck,44.149623595505616,3.603756541381583,0.0816259856346417,40.5103,51.911,89,2th July 2024,10,2024-07-02,Day_2024_07_02_Wafer_03,3247,44,0.1230000033974647,126.95352162571734,20.14221572875977,157.17031860351562,7.186208807923242,200.0,3.977859594361541,0.1225004309165457,3.369999885559082,4.28000020980835,71.36342758812357,300.0,600.010009765625,2.045423429894161,0.0428763485453345,1.8799999952316284,2.150000095367432,1371.0129010688352,54.417831722831664,0.1719172136168051,10.155959408357395,0.049650953744501,10.100000381469728,10.199999809265137,60.00455773027266,0.0843082353993663,1.6764453597892277,0.4490773665665604,0.1379436701536178,9.966124534606934,14.374781262294755,0.0042725913226604,14.993743896484377,2.6535594920800727,13.896962897306446,-44.3739128112793,34.699546813964844,86.55485396286801,14.097557822634728,7.608264446258545,93.24320220947266,80.33997344970703,523.826398219187,982.6883544921876,3.1433829762739127,7.697233407552694,225.13504028320312,28.59905403990139,3.954785388163069,24.24390411376953,50.132755279541016,0.0406221124236875,0.0006000000284984,0.0724000036716461,0.0822411311895325,53.86516952514648,2804.8037109375,3362.22412109375,138.2368000484395,176.07123930907565,10.026795387268066
2024-07-02_04,1,4,3,Chuck,43.90529550561798,3.5522596776850137,0.0809073173697345,40.3074,51.6734,89,2th July 2024,10,2024-07-02,Day_2024_07_02_Wafer_04,3247,44,0.1230000033974647,126.69260565567134,20.44740104675293,156.86514282226562,7.2275700649463985,200.0,3.991478313473066,0.1266603918374114,3.359999895095825,4.289999961853027,71.41886954508323,300.010009765625,600.010009765625,2.0520603166274154,0.0374112595466631,1.919999957084656,2.140000104904175,1371.011854204061,54.43224515994218,0.1796083701198364,10.199999809265137,0.0,10.199999809265137,10.199999809265137,60.003356697451416,0.0865100735373743,1.615242167265554,0.4262554614887124,0.1452681124210357,9.723196983337402,14.374704564354504,0.0,14.993133544921877,3.4489863286724742,12.806949850260407,-95.919677734375,35.46250915527344,86.35268365106914,14.03746953529123,6.933805465698242,92.7243881225586,80.15686798095703,526.4545095553573,980.9030151367188,3.213466527177383,7.675505811409587,221.79327392578125,28.662895691369105,3.917933630626661,24.23474884033203,50.06866836547852,0.040581182255041,0.0006000000284984,0.0724999979138374,0.0491566988443058,54.93331527709961,2806.64990234375,3360.087890625,135.95313762347487,176.0271827279295,10.022767066955566
2024-07-02_05,1,5,3,Chuck,43.42659101123596,3.509060637272411,0.0808044231785197,39.8455,51.0277,89,2th July 2024,10,2024-07-02,Day_2024_07_02_Wafer_05,3298,44,0.1230000033974647,124.94266646034144,20.44740104675293,156.55995178222656,7.152380231108229,200.0,4.059784738348064,0.1091082971332295,3.660000085830689,4.340000152587891,70.36819557242633,300.0,600.010009765625,2.056531184655092,0.0375876793377622,1.940000057220459,2.190000057220459,1371.014762920058,54.412735260639,0.2173023841532962,10.197877331890432,0.0198961026902722,10.100000381469728,10.300000190734863,60.00788324192989,0.0832948761706469,1.6145042939040428,0.4423443082398754,0.1391644030809402,10.022278785705566,14.384122248428374,0.0048829615116119,14.993743896484377,2.465549480271672,12.319752942936304,-85.26871490478516,40.162357330322266,84.49049533997578,18.519005259895152,0.0,92.94412231445312,80.20264434814453,515.2810932712312,981.8643798828124,3.388887075525457,8.06046530712927,222.20526123046875,28.648053325400923,3.909125644983802,24.26526641845703,50.065616607666016,0.0403852936821417,0.0006000000284984,0.065600000321865,0.0786559508018887,54.780723571777344,2804.6357421875,3361.766357421875,139.7947628842006,185.69383878949228,10.020752906799316
2024-07-02_06,1,6,3,Chuck,43.584064044943815,3.504993155363801,0.0804191447532166,39.988,51.257,89,2th July 2024,10,2024-07-02,Day_2024_07_02_Wafer_06,3246,44,0.1230000033974647,126.8747326127556,20.44740104675293,156.86514282226562,7.235705492448794,200.0,3.885536060095274,0.1218721857645881,3.539999961853028,4.289999961853027,71.33459924382645,300.0,600.030029296875,2.0660781997702995,0.0379090353617655,1.919999957084656,2.1700000762939453,1371.0133670376763,54.41275388608358,0.2392030987158961,10.166882319870512,0.0480426336704353,10.100000381469728,10.300000190734863,60.003758248912646,0.0793925074041429,1.6322005914222364,0.4352089892108008,0.1318399608135223,9.853816032409668,14.374557292878452,0.0067140720784664,14.993133544921877,3.2857885772037565,11.37732633572118,-53.68205642700195,31.8002872467041,86.30184508515815,14.014744120745306,7.193212509155273,92.7854232788086,79.927978515625,528.3508773493459,981.5210571289062,3.3078030892467045,7.688754291383107,224.036376953125,28.74833808823713,3.906917026342568,24.27136993408203,50.151065826416016,0.040601262581883,0.0006000000284984,0.0731000006198883,0.1644859266956867,56.61183547973633,2806.482177734375,3359.4775390625,140.05827949056774,177.41974710626343,10.026795387268066
2024-07-02_08,1,8,3,Chuck,43.09692808988764,3.477713183714158,0.0806951524818813,39.5443,50.67,89,2th July 2024,10,2024-07-02,Day_2024_07_02_Wafer_08,3298,44,0.1230000033974647,124.838933172625,20.14221572875977,156.25477600097656,7.113511236391854,200.0,4.082498505666373,0.0983170409064907,3.5199999809265137,4.369999885559082,70.43594865679623,300.010009765625,600.02001953125,2.0187022251169053,0.0312262770521827,1.8899999856948853,2.119999885559082,1371.0162786202693,54.40539704734011,0.2415476503203535,10.173195843265734,0.0453157346311883,10.100000381469728,10.300000190734863,60.0018493381683,0.0820542271233547,1.6182242562783131,0.4261354761289155,0.1330607086420059,9.75859832763672,14.384275117986189,0.0097659230232238,14.993133544921877,3.180078653945136,9.974507364394675,-66.37776184082031,33.845027923583984,84.43426906691131,18.4742469890502,0.0,92.6419906616211,79.927978515625,517.4325787328531,981.7957153320312,3.3357526698325386,7.778438055248354,224.53993225097656,28.698405199299582,3.864372774390004,24.23780059814453,49.96490478515625,0.040376439751692,0.0006000000284984,0.069300003349781,0.1132645708203243,56.61183547973633,2804.8037109375,3353.83154296875,139.73749220896943,186.2201078194164,10.016724586486816
2024-07-02_09,1,9,3,Chuck,43.339929213483146,3.4895088394683547,0.0805148716851794,39.7618,50.9367,89,2th July 2024,10,2024-07-02,Day_2024_07_02_Wafer_09,3246,44,0.1230000033974647,126.95549475022914,20.14221572875977,156.86514282226562,7.186266182301519,200.0,4.064054244988066,0.1026836094282809,3.5799999237060547,4.349999904632568,71.42251036118186,300.0,600.030029296875,2.0772950798364898,0.0408516804526583,1.909999966621399,2.190000057220459,1371.012073453385,54.41333924703075,0.2498398507108354,10.121442033270592,0.0432415070523441,10.0,10.300000190734863,60.01417096573412,0.0820532928616177,1.58673647472558,0.430235637875607,0.1330607086420059,9.9002046585083,14.374600360116068,0.0054933317005634,14.993743896484377,2.603324759395785,9.74895020038958,-66.19464874267578,32.04443359375,86.10614861166925,13.945964928022072,7.300027370452881,92.57179260253906,79.8822021484375,527.7124635763397,983.2377319335938,3.2844629218607904,7.487761861836691,223.30393981933597,28.767588469692758,3.849457099760841,24.23474884033203,50.07477188110352,0.0406440537477337,0.0006000000284984,0.0783000066876411,0.0637447618072002,52.949615478515625,2805.642822265625,3358.104248046875,140.025692523258,177.41396361698816,10.024781227111816
2024-07-02_10,1,10,3,Chuck,43.28435730337079,3.477851927747658,0.080348933065406,39.7163,50.9023,89,2th July 2024,10,2024-07-02,Day_2024_07_02_Wafer_10,3247,44,0.1230000033974647,126.6561376021244,19.53184700012207,157.17031860351562,7.242211271297677,200.0,4.037468455041193,0.1131656421357335,3.5299999713897705,4.300000190734863,71.31986410785518,300.0,600.030029296875,2.069026743884743,0.0383939868014847,1.909999966621399,2.1700000762939453,1371.0143174152945,54.40046189181578,0.2357783144414668,10.130489889790471,0.0460431989683296,10.100000381469728,10.199999809265137,59.99790557494779,0.0795966711061405,1.6088497280973562,0.4358425201529869,0.1330607086420059,10.052797317504885,14.374621288703477,0.0024414807558059,14.993743896484377,2.8596134737964625,8.88035000472889,-31.8308048248291,29.602954864501957,85.97767066074438,13.966621432507678,7.38853120803833,92.90750122070312,79.927978515625,525.6392652854062,982.3450317382812,3.323885823529722,7.568695893275702,222.8003845214844,28.79048881965452,3.907247890080335,24.26831817626953,50.11749649047852,0.0406060358876916,0.0006000000284984,0.0780000016093254,0.0824291110589462,56.00146484375,2805.810791015625,3381.29833984375,139.16477151629712,177.16086272289732,10.018738746643066
2024-07-05_01,2,1,1,Chuck,44.20857078651686,3.793221476954354,0.085802852466591,40.4464,52.6825,89,5th July 2024,10,2024-07-05,Day_2024_07_05_Wafer_01,3245,31,18.531941387899945,127.4380535072832,19.53184700012207,157.4755096435547,7.197405238246376,200.0,4.080289696838896,0.114553918866789,3.640000104904175,4.409999847412109,71.33057002953049,300.010009765625,600.02001953125,1.8823975367244845,0.0473279411636993,1.7300000190734863,2.009999990463257,1371.013987339296,54.05550037378156,0.2461255177691658,10.12563967565175,0.0447169737406964,10.0,10.199999809265137,60.03556177994504,0.0905112461490745,1.5132436972415686,0.4007578241677084,0.0,8.816186904907227,14.37890011248608,0.0048829615116119,14.993743896484377,2.314779572861588,10.38588258027417,-31.647693634033203,31.159399032592773,85.46204855497152,13.932192683268395,8.148442268371582,92.90444946289062,80.20264434814453,518.3919796842272,970.2597045898438,3.3624861119478617,8.160491668138661,223.25816345214844,28.38751243920466,3.924999123672351,14.618366241455078,50.05645751953125,0.0406143602170337,0.0006000000284984,0.0680999979376792,0.1007251874691532,59.51109313964844,2806.64990234375,3367.8701171875,138.830581905384,177.08494623994432,10.032837867736816
2024-07-05_02,2,2,1,Chuck,44.20844943820225,3.6585005708723823,0.0827556862401722,40.5446,52.1452,89,5th July 2024,10,2024-07-05,Day_2024_07_05_Wafer_02,3247,31,0.1230000033974647,127.042811867491,20.752586364746094,157.4755096435547,7.132048044247024,200.0,4.070508184233261,0.1201065568437341,3.660000085830689,4.420000076293945,71.61674772330032,300.010009765625,600.010009765625,2.0080689704341084,0.0482068585656293,1.8600000143051147,2.119999885559082,1371.0104378576018,54.03206022431162,0.2287097167536608,10.128980801367636,0.0480130462830137,10.0,10.199999809265137,60.01102521524526,0.0817344319510221,1.4669513474446574,0.4051294375437846,0.1355021893978119,9.449750900268556,14.374704561799462,0.0036622211337089,14.992523193359377,3.0667107437880987,14.762400011781432,-35.79821014404297,36.68324661254883,86.6589618309263,14.118359644446429,6.78731632232666,92.97769165039062,80.29419708251953,521.3144086033592,976.9203491210938,3.1971545839308773,7.82863657193276,224.036376953125,28.491444092219812,3.94527987849683,24.23474884033203,50.083927154541016,0.0405831225963927,0.0006000000284984,0.0708000063896179,0.0820531536697937,55.238502502441406,2806.482177734375,3369.39599609375,137.18553264949196,177.19183426554025,10.016724586486816
2024-07-05_03,2,3,1,Chuck,43.95148597898877,3.547390219150668,0.0807114967818497,40.3631,51.6801,89,5th July 2024,10,2024-07-05,Day_2024_07_05_Wafer_03,3247,31,0.1230000033974647,126.90032331327455,20.752586364746094,156.86514282226562,7.215007707952746,200.0,4.016929499802679,0.1262108104959558,3.5999999046325684,4.380000114440918,71.35357556117668,300.010009765625,600.010009765625,2.045220163039585,0.0404023567291944,1.919999957084656,2.1600000858306885,1371.013917143469,54.02975041630601,0.2241475532244274,10.131783384082864,0.0465702776094042,10.100000381469728,10.199999809265137,60.00098519285606,0.085729324226178,1.449203053170951,0.4122718306018531,0.1318399608135223,9.717093467712402,14.374761711063757,0.0,14.993743896484377,3.2285424979385837,13.969162771693917,-31.8308048248291,35.34043502807617,86.3343234839056,13.993451940251765,7.818841934204102,92.92581176757812,80.24842071533203,522.6311076275562,981.2463989257812,3.236052290233862,7.843154389369266,222.5257110595703,28.58739645898911,3.94044181649956,24.23780059814453,50.12360000610352,0.0405769938277353,0.0006000000284984,0.0725999996066093,0.1138217281039619,54.62813186645508,2806.146484375,3367.107177734375,137.88362378913888,178.27451964805985,10.018738746643066
2024-07-05_04,2,4,1,Chuck,43.42695056179775,3.466730713088856,0.0798290155822846,39.9051,51.0643,89,5th July 2024,10,2024-07-05,Day_2024_07_05_Wafer_04,3298,31,0.1230000033974647,125.16160760235252,20.44740104675293,156.86514282226562,7.099742269243993,200.0,3.982489413388069,0.1191656190991824,3.549999952316284,4.300000190734863,70.43356274243042,300.010009765625,600.02001953125,2.0499484090460944,0.0392555995946283,1.8899999856948853,2.1600000858306885,1371.0153388861384,54.006337363044736,0.2238562806847227,10.18908416523653,0.0311881677755119,10.100000381469728,10.199999809265137,60.00087907142246,0.0834992710193201,1.5067659976122378,0.4145907091302573,0.1245155185461044,9.525437355041504,14.38850865611584,0.0061037018895149,14.994964599609377,3.0620392052747034,13.008950568346547,-83.37657165527344,40.4065055847168,84.38052596828888,18.478574366844803,0.0,92.7091293334961,79.9737548828125,515.8378598413879,982.82568359375,3.3999775623278032,8.09242695750964,227.14926147460935,28.614467211388472,3.936366374451023,24.23474884033203,49.94354248046875,0.0403566400424067,0.0006000000284984,0.0658000037074089,0.1588850235346232,56.30664825439453,2805.978515625,3371.22705078125,142.03357044098647,186.57397204023204,10.030823707580566
2024-07-05_05,2,5,1,Chuck,43.54600561797753,3.4666253747622258,0.0796083435338341,40.0046,51.2281,89,5th July 2024,10,2024-07-05,Day_2024_07_05_Wafer_05,3247,31,0.1230000033974647,126.87240827916987,20.752586364746094,156.86514282226562,7.245540498839339,200.0,3.961087184059536,0.1281813547861304,3.3399999141693115,4.340000152587891,71.28298731959329,300.010009765625,600.030029296875,2.0633507350205567,0.0381057145466935,1.9299999475479128,2.180000066757202,1371.0114539322356,53.99950754807698,0.2123274570820197,10.200923742570986,0.0095691290698663,10.199999809265137,10.300000190734863,60.01080972538165,0.0723051874343937,1.4029555295040177,0.4087697739027263,0.1293984800577163,9.691457748413086,14.374809080456629,0.0079348124563694,14.993743896484377,3.581427453443165,12.006277046282449,-49.287391662597656,34.02813720703125,86.01150878657184,13.97947892089522,7.525864601135254,92.55348205566406,80.20264434814453,526.2576250241359,984.405029296875,3.3279602791188148,7.692523325623361,223.25816345214844,28.71449897514698,3.9136910134737626,24.26221466064453,50.114444732666016,0.0405977514397406,0.0006000000284984,0.0689999982714653,0.1797556159016826,56.30664825439453,2806.314208984375,3370.61669921875,136.71664554546814,176.8454018281467,10.018738746643066
2024-07-05_06,2,6,1,Chuck,43.41621348314607,3.452597133719872,0.0795232208598787,39.8772,51.0924,89,5th July 2024,10,2024-07-05,Day_2024_07_05_Wafer_06,3247,31,0.1230000033974647,126.72127247825932,20.44740104675293,156.86514282226562,7.283369256282747,200.0,3.9773021510170903,0.1294632844375981,3.4800000190734863,4.289999961853027,71.55311657186031,300.010009765625,600.02001953125,2.060505034852329,0.0401336624109801,1.899999976158142,2.180000066757202,1371.0179814420042,54.01145655329792,0.2330603959740829,10.197689998028716,0.0150237840994109,10.100000381469728,10.199999809265137,60.001939977393874,0.0799674739664703,1.4346553014036616,0.4130684343170808,0.1293984800577163,9.768364906311035,14.37474967948209,0.0067140720784664,14.993133544921877,3.128170717742797,10.882616815718563,-35.6456184387207,35.6456184387207,85.97323900257436,13.952922533601807,7.55943489074707,92.49244689941406,79.927978515625,526.2011808507583,980.697021484375,3.266956162046094,7.578408419721608,223.62437438964844,28.74788228673204,3.862639868980321,24.26831817626953,49.94354248046875,0.0405944253251396,0.0006000000284984,0.0754999965429306,0.1005221602730946,56.91701889038086,2806.146484375,3370.769287109375,140.54926095527293,177.90912902068806,10.034852027893066
2024-07-05_07,2,7,1,Chuck,43.29778764044944,3.45002615253,0.0796813495687002,39.7664,50.9669,89,5th July 2024,10,2024-07-05,Day_2024_07_05_Wafer_07,3247,31,0.1230000033974647,126.78527970485844,20.752586364746094,156.55995178222656,7.3040868496516,200.0,3.896630749982946,0.1154980048693144,3.450000047683716,4.210000038146973,71.25034489458777,300.010009765625,600.02001953125,2.065811469219338,0.0390933664068224,1.919999957084656,2.1700000762939453,1371.0137324026264,54.010101417045725,0.2533257289275504,10.172158893306769,0.0468446515527777,10.100000381469728,10.300000190734863,60.00095460361285,0.0693396069904626,1.367008540179313,0.3986360129181197,0.1293984800577163,9.444868087768556,14.374889909819544,0.0085451826453208,14.993133544921877,2.922802860787512,10.469640524307389,-39.03317260742188,31.617176055908203,85.95713280838454,13.955178311764817,6.61336088180542,92.36731719970705,79.927978515625,525.1901513403072,982.9630126953124,3.274809006856273,7.5906654596495295,222.89193725585935,28.76171291751938,3.881831678228012,24.23780059814453,50.08087539672852,0.0405567597422085,0.0006000000284984,0.0763000026345253,0.1425826269771856,55.08591079711914,2805.642822265625,3375.34716796875,139.96885477410746,177.66964103088503,10.020752906799316
2024-07-05_08,2,8,1,Chuck,42.96067191011236,3.4267495520532942,0.0797648034747492,39.4479,50.5389,89,5th July 2024,10,2024-07-05,Day_2024_07_05_Wafer_08,3299,31,0.1230000033974647,124.88323904305165,20.752586364746094,156.55995178222656,7.126923310207093,200.0,3.906962733588171,0.1047249135713562,3.559999942779541,4.28000020980835,70.30666852222033,300.010009765625,600.0399780273438,2.054722596132672,0.0360606251891362,1.909999966621399,2.1600000858306885,1371.0150008836129,54.00027270286724,0.2438134028106256,10.187965954459411,0.0400583673030067,10.100000381469728,10.300000190734863,60.00024227663834,0.0828162730365739,1.3712492708537969,0.4081299795744753,0.1196325570344924,9.850153923034668,14.384479474029003,0.0061037018895149,14.993743896484377,3.1819084658338,10.635208467503736,-43.45835876464844,36.43910217285156,84.34159934805736,18.478560759988376,0.0,92.60231018066406,79.927978515625,517.9040157876617,983.6497192382812,3.371721747188757,7.839111873866921,226.05059814453125,28.697396265950918,3.888363531497377,24.24695587158203,50.077823638916016,0.0403493176691209,0.0006000000284984,0.0653000026941299,0.1951001396537658,56.30664825439453,2804.6357421875,3363.44482421875,142.33116050230106,187.0418757582484,10.020752906799316
2024-07-05_09,2,9,1,Chuck,43.18773370786516,3.447464424166889,0.079825082915593,39.6556,50.8204,89,5th July 2024,10,2024-07-05,Day_2024_07_05_Wafer_09,3246,31,0.1230000033974647,126.75993556529744,20.14221572875977,156.86514282226562,7.273995696313367,200.0,4.084097363591855,0.0993964631374285,3.5999999046325684,4.320000171661377,71.34548043996125,300.010009765625,600.030029296875,2.0544177016503857,0.0401363016083363,1.9299999475479128,2.1700000762939453,1371.0142294272036,54.00381990692458,0.2437712988687604,10.200461918236808,0.006783192731991,10.199999809265137,10.300000190734863,60.00588398720112,0.0727562102471156,1.4241546162289929,0.4138765460287903,0.1159703359007835,9.74517059326172,14.374669357451417,0.0079348124563694,14.993743896484377,3.158750361303305,10.212357365721076,-34.02813720703125,31.403545379638672,85.95560562412311,13.955793934298963,7.205420017242432,92.40699768066406,79.8822021484375,525.4593472671744,981.7957153320312,3.353721880261601,7.635249888286498,221.4270477294922,28.778223872111305,3.893257409870013,24.26831817626953,50.12360000610352,0.0406019405447645,0.0006000000284984,0.0771999955177307,0.144600946375858,54.93331527709961,2806.146484375,3358.714599609375,136.93916745297724,177.4285058144344,10.022767066955566
2024-07-05_10,2,10,1,Chuck,43.10430337078652,3.4263373788217737,0.0794894502608743,39.5785,50.7233,89,5th July 2024,10,2024-07-05,Day_2024_07_05_Wafer_10,3246,31,0.1230000033974647,126.75589279061984,20.14221572875977,156.86514282226562,7.218656809507621,200.0,4.097288986597984,0.0925561098930365,3.7200000286102295,4.340000152587891,71.45170660046958,300.010009765625,600.02001953125,2.0395470979179926,0.0343157982886865,1.909999966621399,2.150000095367432,1371.014044629448,54.008564084676486,0.2592164013597145,10.197627672499811,0.0152202711262929,10.100000381469728,10.199999809265137,60.00345030083601,0.0715683837175351,1.4017488037913726,0.4085057902978735,0.1306192278861999,9.698781967163086,14.379198056221632,0.0097659230232238,14.993743896484377,2.8780101422388027,9.85963062399087,-37.07999038696289,34.730064392089844,85.97392794781824,13.97589885460316,7.208471775054932,92.36426544189452,79.8822021484375,525.586187817473,982.551025390625,3.219745058685688,7.402776302570724,220.23681640625,28.771388714356107,3.874334151138737,24.27442169189453,49.94354248046875,0.0405899256611132,0.0006000000284984,0.0701999962329864,0.0492658620988301,54.62813186645508,2806.146484375,3363.902587890625,140.04292627509616,178.53667554048616,10.018738746643066
2024-07-09_01,3,1,9,Chuck,44.18354494382022,3.6836329448352063,0.0833711498142346,40.4958,52.5449,89,9th July 2024,10,2024-07-09,Day_2024_07_09_Wafer_01,3247,31,18.87370175039232,128.54627420985224,22.27851104736328,157.78070068359375,7.43643054830425,200.0,4.227117346072513,0.1503485408549909,3.7699999809265137,4.659999847412109,71.58660898890092,300.0,600.02001953125,1.91181397874942,0.0673158754777829,1.75,2.0899999141693115,1371.0117310434994,54.92106539012837,0.1652483154716759,10.16643057377624,0.0517138469033473,10.100000381469728,10.300000190734863,59.98882026778099,0.0890213450864959,1.3523822136620285,0.3949821502667709,0.0,8.984649658203125,14.37422310688866,0.0,14.993743896484377,2.6522436341690145,10.522448364179672,-32.715843200683594,30.42695426940918,85.45898296960068,13.76615241189434,8.42310905456543,92.7671127319336,80.111083984375,520.977123390905,974.7916870117188,3.459992546273821,8.265898889221427,233.14614868164065,28.47374207003505,3.9532145824384486,22.772911071777344,50.05645751953125,0.0405827221579457,0.0006000000284984,0.0663000047206878,0.098360395886768,55.69628143310547,2807.4892578125,3393.96337890625,139.97451271044912,178.47547602230568,10.063051223754885
2024-07-09_02,3,2,9,Chuck,43.90555393258427,3.620144491216546,0.082452996647649,39.2308,52.0478,89,9th July 2024,10,2024-07-09,Day_2024_07_09_Wafer_02,3298,31,0.1230000033974647,126.59971641207406,21.97332763671875,158.08587646484375,7.085679217216289,200.0,4.276843548616255,0.1125455378086871,3.920000076293945,4.630000114440918,70.48441774741475,300.010009765625,600.02001953125,1.877095203641113,0.0397358956007378,1.7000000476837158,1.9700000286102293,1371.0142778959903,54.91516028960016,0.1805875957377232,10.178047249286807,0.0445738087105409,10.100000381469728,10.300000190734863,59.99627032838062,0.0831291684346689,1.425868814586328,0.393611802102291,0.1245155185461044,9.278847694396973,14.388571028095564,0.0,14.993133544921877,3.476657862226626,13.245104666584208,-33.906063079833984,35.70665740966797,84.77700469909001,18.567648910754443,0.0,93.10281372070312,80.24842071533203,514.3427878033399,978.4310302734376,3.3694127936022364,8.090448262508446,220.5572662353516,28.489984473002327,3.9448071409358048,24.23474884033203,49.93743515014648,0.040362188896899,0.0006000000284984,0.0683000013232231,0.1109974284545084,54.47554016113281,2806.146484375,3370.769287109375,139.61269741331657,186.66357349992896,10.016724586486816
2024-07-09_03,3,3,9,Chuck,44.266009562584266,3.726089616354972,0.0841749607243667,40.5166,52.3406,89,9th July 2024,10,2024-07-09,Day_2024_07_09_Wafer_03,3247,31,0.1230000033974647,128.17097259970274,21.97332763671875,158.08587646484375,7.25378503275718,200.0,4.083144457846155,0.1064306059811939,3.7300000190734863,4.349999904632568,71.35023404946214,300.010009765625,600.0399780273438,1.9499538089812705,0.0383625692826132,1.830000042915344,2.059999942779541,1371.0137324026264,54.90511191379558,0.177937835692937,10.152664077660102,0.049936385249055,10.100000381469728,10.199999809265137,60.00372630014469,0.0760317163863093,1.3361366286961012,0.3909818825279109,0.1245155185461044,9.289834022521973,14.37468877008393,0.0,14.993133544921877,3.376595337353452,12.465341442730097,-34.974212646484375,37.62932205200195,86.17927225134649,14.000648883259425,7.776116371154785,92.6938705444336,80.0653076171875,525.3793595539888,980.0790405273438,3.373300992076328,7.898260551332114,221.06082153320312,28.631027497179076,3.908916911067577,24.22254180908203,50.077823638916016,0.0406020322981946,0.0006000000284984,0.0758000016212463,0.0995822621008635,55.69628143310547,2803.79638671875,3371.684814453125,137.1092787525715,177.32939719925568,10.016724586486816
2024-07-09_04,3,4,9,Chuck,44.079486308876405,3.6802060420349054,0.0834902207400228,40.3343,52.0542,89,9th July 2024,10,2024-07-09,Day_2024_07_09_Wafer_04,3247,31,0.1230000033974647,128.03431112361682,21.362957000732425,157.78070068359375,7.270822306139802,200.0,3.998478616462475,0.1275088118828539,3.559999942779541,4.380000114440918,71.40705889074432,300.010009765625,600.0499877929688,2.0305635675783336,0.0350901545531867,1.919999957084656,2.119999885559082,1371.014594526558,54.89944538954114,0.1745502520804253,10.13021271714145,0.046985782461583,10.100000381469728,10.300000190734863,60.00951621405411,0.0768599741553652,1.3949445827391136,0.4054146195664478,0.1135288551449775,9.57670783996582,14.374612634256367,0.0024414807558059,14.993133544921877,3.610019170140207,11.011518079258012,-34.11969375610352,31.495101928710938,86.00044819373956,13.928335803793528,7.913449287414551,92.46192932128906,79.927978515625,526.3651398898713,982.7570190429688,3.408688185438812,7.89791230835085,223.30393981933597,28.694309008462927,3.890074235119343,24.26221466064453,49.93743515014648,0.0405923618201062,0.0006000000284984,0.0756999999284744,0.1768889290610202,56.00146484375,2807.4892578125,3369.243408203125,137.1553809486919,177.30151864551354,10.018738746643066
2024-07-09_05,3,5,9,Chuck,43.97683269134832,3.617573040407448,0.0822608819011002,40.2553,51.8725,89,9th July 2024,10,2024-07-09,Day_2024_07_09_Wafer_05,3195,31,0.1230000033974647,129.94886401598816,21.362957000732425,157.78070068359375,7.407427230621914,200.0,4.051101736283638,0.1202998078666802,3.619999885559082,4.389999866485596,72.50805317601233,300.010009765625,600.010009765625,2.060122017345518,0.0388857305116886,1.950000047683716,2.1600000858306885,1371.014863350022,54.90544567914076,0.1581679441704434,10.174522655707944,0.0456843804428274,10.100000381469728,10.300000190734863,60.0071984985065,0.0710290273283531,1.3805950917688334,0.4118252770884874,0.1196325570344924,9.731741905212402,14.364502580363611,0.0,14.993133544921877,3.1512964000910846,9.677537684874784,-33.47880554199219,33.021026611328125,87.76108893572072,7.540749961502237,35.36790084838867,92.55043029785156,79.8822021484375,536.0467439797749,981.177734375,3.397784707261503,10.321123597518891,378.9941101074219,28.779618237873013,3.851777326725363,26.30085182189941,50.138858795166016,0.0408784034262966,0.0006000000284984,0.064699999988079,0.2181189857924674,56.45924377441406,2807.4892578125,3370.61669921875,135.19492600548529,164.41611560197336,10.038880348205566
2024-07-09_06,3,6,9,Chuck,43.70646829337079,3.612516559788651,0.0826540487220419,40.0075,51.6604,89,9th July 2024,10,2024-07-09,Day_2024_07_09_Wafer_06,3246,31,0.1230000033974647,127.9679836718594,21.97332763671875,157.78070068359375,7.223074555077412,200.0,4.124497849120083,0.0947111601578522,3.829999923706055,4.389999866485596,71.37297902218837,300.010009765625,600.030029296875,2.0704558950401863,0.0393456620160436,1.909999966621399,2.1600000858306885,1371.0122582511408,54.89963002066809,0.1755633416083501,10.186167488109897,0.0371100898379709,10.100000381469728,10.300000190734863,60.00699294531558,0.0762586365062662,1.4325937437087537,0.4016959571036782,0.1171910762786865,9.421673774719238,14.379330254469162,0.0,14.993743896484377,3.2608359851590367,8.891732874168772,-34.88265609741211,32.166507720947266,85.76422660378711,13.862963723671657,7.934812545776367,92.24829864501952,79.927978515625,526.9005215281112,982.4823608398438,3.295279778154522,7.550589662376933,217.94793701171875,28.772351470613508,3.880102334607528,24.26831817626953,49.94354248046875,0.040605976226572,0.0006000000284984,0.069300003349781,0.1310152275945695,55.69628143310547,2805.978515625,3368.327880859375,138.9415427088228,178.56725304397278,10.018738746643066
2024-07-09_07,3,7,9,Chuck,43.58551297651685,3.5956182045580425,0.0824957183937539,39.8958,51.4953,89,9th July 2024,10,2024-07-09,Day_2024_07_09_Wafer_07,3246,31,0.1230000033974647,127.97700960226288,21.97332763671875,157.78070068359375,7.236598899641929,200.0,3.964035770735914,0.1053639139410027,3.390000104904175,4.269999980926514,71.13867828514695,300.010009765625,600.02001953125,2.0683086309914813,0.034521654808809,1.899999976158142,2.1700000762939453,1371.0140754290735,54.90234096947821,0.1806011885896641,10.177510720451012,0.0417573235924263,10.100000381469728,10.199999809265137,60.01201448657964,0.0730389362462543,1.3904398426698157,0.4084838244191339,0.1269569993019104,9.712210655212402,14.374502388610104,0.0,14.993133544921877,2.897378029238641,8.49707688723437,-34.974212646484375,31.55613899230957,85.79443665587895,13.939185731657608,7.672353267669678,92.34290313720705,79.927978515625,526.5844987268736,982.551025390625,3.296887502467888,7.355475308829471,215.56748962402344,28.78337043872676,3.868042953653967,24.27442169189453,50.07477188110352,0.0405888782620263,0.0006000000284984,0.0794000029563903,0.1143738963467356,57.222206115722656,2805.810791015625,3369.548583984375,141.29426039730097,178.2506254842422,10.020752906799316
2024-07-09_08,3,8,9,Chuck,43.50429716483146,3.580641267962553,0.0823054617891199,39.8245,51.3609,89,9th July 2024,10,2024-07-09,Day_2024_07_09_Wafer_08,3247,31,0.1230000033974647,127.91635403987036,21.362957000732425,157.78070068359375,7.178740376275013,200.0,3.927653249241882,0.1130282980851999,3.5299999713897705,4.309999942779541,71.34260239719617,300.010009765625,600.02001953125,2.041404336057592,0.0388338525036396,1.8899999856948853,2.1600000858306885,1371.016595885685,54.903602938450845,0.1926782325605114,10.173575577531771,0.0461477018460005,10.100000381469728,10.300000190734863,60.007914639194816,0.0840046265438748,1.3748630840190197,0.4062127578168291,0.1220740377902984,9.678030014038086,14.37473388797881,0.0061037018895149,14.993743896484377,3.209020803772856,8.19341135222976,-39.73509979248047,32.013916015625,85.68780023926105,13.897617780908728,7.129123687744141,92.44972229003906,79.8822021484375,528.2940024143004,983.3750610351562,3.386060111439197,7.4972926635786195,222.93771362304688,28.79678524241728,3.846973441900151,24.24085235595703,49.93743515014648,0.040570002716328,0.0006000000284984,0.0784000009298324,0.194371042818446,56.45924377441406,2803.29296875,3410.443359375,140.89953310334263,178.82283007358012,10.018738746643066
2024-07-09_09,3,9,9,Chuck,43.42807412224719,3.5553391158461136,0.0818672986934227,39.7708,51.19,89,9th July 2024,10,2024-07-09,Day_2024_07_09_Wafer_09,3247,31,0.1230000033974647,127.86700936820569,21.362957000732425,157.78070068359375,7.290098553345589,200.0,3.931259654579362,0.1076740681399658,3.5199999809265137,4.25,71.3438095745344,300.010009765625,600.02001953125,2.030772992527077,0.0347801545591374,1.909999966621399,2.150000095367432,1371.0141942547327,54.90215535776264,0.2049938106371393,10.192485223375984,0.0263666340872397,10.100000381469728,10.199999809265137,60.00104685772519,0.0804640739778402,1.488707369768807,0.4359740501263749,0.1232947781682014,9.823297500610352,14.37472354692172,0.0024414807558059,14.993743896484377,2.900677647192661,7.88088921481865,-35.187843322753906,30.762657165527344,85.73451325046784,13.91304221576548,6.985686779022217,92.51686096191406,79.8822021484375,527.2026105856653,980.7656860351562,3.3937155921407984,7.4408544516611315,219.0923767089844,28.79508683627886,3.874258583299593,24.1859188079834,50.114444732666016,0.0406085306050802,0.0006000000284984,0.0781999975442886,0.0484047817163258,55.69628143310547,2804.8037109375,3361.461181640625,138.4878376903036,178.13448857756416,10.018738746643066
2024-07-09_10,3,10,9,Chuck,42.98307262797753,3.537856523444539,0.0823081345083217,39.3302,50.7712,89,9th July 2024,10,2024-07-09,Day_2024_07_09_Wafer_10,3349,31,0.1230000033974647,124.44398363101443,21.057771682739254,157.78070068359375,7.096727373180802,200.00999450683597,3.999065425866538,0.1097874226578005,3.609999895095825,4.300000190734863,69.22416533028641,300.010009765625,600.02001953125,2.013613004120616,0.0339181502378089,1.870000004768372,2.109999895095825,1371.0161202796078,54.90277657860533,0.2326569403310766,10.199999809265137,0.0,10.199999809265137,10.199999809265137,60.000656460533925,0.0959737496524947,1.3581609754473034,0.4028160528829252,0.1196325570344924,9.807428359985352,14.3977824885773,0.0024414807558059,14.993743896484377,3.19733557013406,8.69987218811143,-35.12680435180664,31.220436096191406,82.30461807127193,21.84925305935482,0.0,92.52906799316406,79.8822021484375,507.5996988683218,983.6497192382812,3.294891823881836,7.493305758883414,225.18081665039065,28.650061333702727,3.870313615264792,24.22559356689453,50.065616607666016,0.0401154968064213,0.0006000000284984,0.0795999988913536,0.0960025371598215,56.30664825439453,2807.3212890625,3365.886474609375,144.50262892310764,195.2897475449798,10.018738746643066
2024-07-11_01,4,1,3,Si,44.30630482640449,3.7748835123493496,0.0851996917174572,40.5354,52.6455,89,11th July 2024,10,2024-07-11,Day_2024_07_11_Wafer_01,3247,31,18.98509539876501,128.50012528584264,21.362957000732425,159.00143432617188,7.299424084855692,200.0,3.964028369473574,0.0984271257987191,3.5999999046325684,4.260000228881836,71.33039719203082,300.010009765625,600.02001953125,1.9940991684734768,0.0351132977331561,1.8600000143051147,2.0999999046325684,1371.0129010688352,54.70846880697492,0.0968660623118138,10.177825621395504,0.041548082189118,10.100000381469728,10.199999809265137,59.67446905523217,0.1002053527430696,1.3538766518684948,0.3925530741000294,0.1037629321217536,9.292275428771973,14.375240499788765,0.0054933317005634,14.994964599609377,3.3247881223504128,12.223676780939886,-34.11969375610352,33.204139709472656,85.34275117065857,13.949320298944247,7.861567974090576,92.52296447753906,80.20264434814453,519.0362490415206,977.3323974609376,3.440170079422641,8.117488950434183,224.76882934570312,28.48731699274766,4.049857446917518,24.22254180908203,49.94354248046875,0.0405508465633616,0.0006000000284984,0.0708000063896179,0.1682418609421768,60.57924270629883,2807.656982421875,3413.190185546875,137.7885246335712,177.30390006234916,10.022767066955566
2024-07-11_02,4,2,3,Si,44.36490342820225,3.737808419771371,0.0842514720182009,40.6087,52.5266,89,11th July 2024,10,2024-07-11,Day_2024_07_11_Wafer_02,3246,31,0.1230000033974647,128.2152533522375,21.97332763671875,158.3910675048828,7.307082564149394,200.0,3.998062248811704,0.1310304205210735,3.5299999713897705,4.369999885559082,71.4984165195884,300.010009765625,600.02001953125,2.038228553052457,0.0420385956558537,1.8899999856948853,2.140000104904175,1371.017278590176,54.717190411674046,0.1425296606391324,10.187738634815792,0.0328040477316079,10.100000381469728,10.199999809265137,59.69463965603399,0.0772540234641546,1.3347697934286138,0.3984404832104423,0.125736266374588,9.536423683166504,14.374801934707635,0.0067140720784664,14.993133544921877,3.4292988953440555,15.271498788326433,-90.76204681396484,35.828731536865234,86.355484704654,13.99407582043048,7.849360466003418,92.6358871459961,80.24842071533203,522.4172834912275,976.1650390625,3.262956107043313,7.993210145843175,227.51548767089844,28.54605565038788,3.973740574202562,24.2042293548584,49.93743515014648,0.0406084100935161,0.0006000000284984,0.0780000016093254,0.0630866289873293,51.881465911865234,2806.314208984375,3372.447998046875,136.93305598052697,177.84916659942635,10.032837867736816
2024-07-11_03,4,3,3,Si,44.32450595134832,3.668143649233856,0.0827565602933082,40.6007,52.3633,89,11th July 2024,10,2024-07-11,Day_2024_07_11_Wafer_03,3195,31,0.1230000033974647,129.93157513040893,22.27851104736328,158.08587646484375,7.434403763404218,200.0,3.988710511271756,0.1397424586273495,3.470000028610229,4.46999979019165,72.5619686784762,300.010009765625,600.030029296875,2.0402816529938126,0.0387829023852286,1.899999976158142,2.150000095367432,1371.0126729615977,54.71007823078472,0.1515272095460214,10.184100056739291,0.0365729773605297,10.100000381469728,10.199999809265137,59.703568162753925,0.06839089948115,1.3065337882355346,0.3930925404266033,0.1269569993019104,9.328898429870604,14.364885243315232,0.0024414807558059,14.993743896484377,4.315030686582944,14.20248780913128,-33.936580657958984,38.75850677490234,87.8544574504727,7.562753375542266,35.32822799682617,92.31848907470705,80.24842071533203,535.8935501218028,980.2163696289062,3.3774103762783074,10.122825512140182,398.1749877929688,28.662707061051204,3.9114197153372254,26.297800064086918,49.93743515014648,0.0408586538915999,0.0006000000284984,0.0644999966025352,0.08262444676741,53.71257781982422,2804.468017578125,3368.327880859375,132.9336714534949,164.38437703097526,10.018738746643066
2024-07-11_04,4,4,3,Si,43.998570636404494,3.640386087506352,0.0827387352555105,40.2776,51.9429,89,11th July 2024,10,2024-07-11,Day_2024_07_11_Wafer_04,3247,31,0.1230000033974647,127.90996261152593,21.97332763671875,158.08587646484375,7.3476070307308765,200.0,3.994924576568133,0.1178561276569463,3.549999952316284,4.369999885559082,71.31245763700892,300.010009765625,600.02001953125,2.0574807071083687,0.0428238705225655,1.919999957084656,2.1600000858306885,1371.0129010688352,54.72106574680903,0.1667342408006616,10.176162557305284,0.0426152118149082,10.100000381469728,10.199999809265137,59.69313216965713,0.0706822135911993,1.315432165502988,0.3929664773943886,0.1208532974123954,9.399701118469238,14.37486566028959,0.0030518509447574,14.993743896484377,3.582574117429667,12.952056741861254,-34.85213851928711,34.791099548339844,85.97821209355064,13.909767999581035,7.843256950378418,92.37036895751952,80.111083984375,524.7511664726273,982.2077026367188,3.3921788556872423,8.116637402964345,226.6914825439453,28.691529738928747,3.91678689142876,24.22254180908203,49.96795654296875,0.0405767166695288,0.0006000000284984,0.0715000033378601,0.1135397577124226,54.93331527709961,2804.468017578125,3371.989990234375,139.54984800185758,178.0439520771031,10.026795387268066
2024-07-11_05,4,5,3,Si,43.92957708887641,3.58105345993556,0.0815180499618862,40.2389,51.7485,89,11th July 2024,10,2024-07-11,Day_2024_07_11_Wafer_05,3195,31,0.1230000033974647,129.7762600303256,21.97332763671875,158.08587646484375,7.421862284622282,200.0,4.004331796046154,0.1164941985369233,3.609999895095825,4.289999961853027,72.3051986721474,300.010009765625,600.02001953125,2.0585727217798127,0.0397915920361041,1.909999966621399,2.1600000858306885,1371.0178360200264,54.69862325605652,0.1951462924826912,10.147762236498144,0.0518034485202926,10.0,10.300000190734863,59.70744912351987,0.0674771047171222,1.3340602415175131,0.407726257691759,0.1245155185461044,9.726859092712402,14.364787800329063,0.0054933317005634,14.993743896484377,4.103875085893371,11.902122458327502,-34.63850784301758,41.53569030761719,87.82240396777229,7.5678447017597295,35.35569381713867,92.25745391845705,79.8822021484375,536.8458344126718,983.5123901367188,3.481101669424763,10.50345867481826,387.8292236328125,28.780245864820404,3.865532029578024,26.43818473815918,49.94354248046875,0.0408824409542208,0.0006000000284984,0.0644000023603439,0.1660130508255697,55.69628143310547,2805.978515625,3368.17529296875,134.22668209992617,164.7805520399978,10.018738746643066
2024-07-11_06,4,6,3,Si,43.64391731,3.5909332851148625,0.0822779783860529,39.9431,51.5914,89,11th July 2024,10,2024-07-11,Day_2024_07_11_Wafer_06,3247,31,0.1230000033974647,127.9917338018532,21.362957000732425,157.78070068359375,7.314391746518725,200.0,3.921949509440623,0.1257146820473865,3.5199999809265137,4.28000020980835,71.36169998560986,300.010009765625,600.02001953125,2.061955602344528,0.0381813838433556,1.940000057220459,2.1700000762939453,1371.0144713659963,54.699384642924976,0.1994902092711403,10.124084020050114,0.044391496580563,10.100000381469728,10.300000190734863,59.70428090143982,0.0741153161746953,1.335220040210236,0.3953761901976121,0.1232947781682014,9.430219650268556,14.37502563241003,0.0067140720784664,14.993133544921877,3.3995570701784747,11.379149053300427,-65.46220397949219,34.943695068359375,86.02859241381623,13.91991288949367,7.678456783294678,92.56263732910156,79.8822021484375,526.2461205785885,983.3750610351562,3.320868740180088,7.742324040006005,225.6843719482422,28.76280318548909,3.8844576116906255,24.2133846282959,49.93743515014648,0.0405666765227425,0.0006000000284984,0.0785999968647956,0.1141976866679519,54.93331527709961,2806.146484375,3370.464111328125,140.3073875579328,178.04187474114707,10.026795387268066
2024-07-11_07,4,7,3,Si,43.214110956853936,3.544839253352606,0.0820296698199313,39.5572,51.0043,89,11th July 2024,10,2024-07-11,Day_2024_07_11_Wafer_07,3299,31,0.1230000033974647,126.158929654272,20.752586364746094,157.78070068359375,7.1876174610714525,200.0,4.085137935073566,0.107354758209237,3.619999885559082,4.380000114440918,70.30018486407317,300.010009765625,600.030029296875,2.069281547999664,0.036855621116614,1.940000057220459,2.1600000858306885,1371.0134553380285,54.70624478407505,0.2198675142084983,10.16611094588979,0.0473401648677194,10.100000381469728,10.199999809265137,59.70869968688354,0.0717964271903997,1.2966061205882382,0.4023465368502751,0.1220740377902984,9.823297500610352,14.38456347979838,0.0097659230232238,14.993743896484377,3.641536272377923,11.25219227103678,-59.6636848449707,33.234657287597656,84.32955023139561,18.47155227031845,0.0,92.56263732910156,79.927978515625,516.9519863585408,984.7483520507812,3.351628932257237,7.803692920013852,222.84616088867188,28.711760956578345,3.883982327785933,24.23474884033203,50.05645751953125,0.0403706876980409,0.0006000000284984,0.0685999989509582,0.0778457893679163,52.3392448425293,2805.978515625,3370.158935546875,142.5087858278572,187.4130657992346,10.018738746643066
2024-07-11_08,4,8,3,Si,43.135930337078655,3.5405483509044084,0.0820788684337482,39.4823,50.9625,89,11th July 2024,10,2024-07-11,Day_2024_07_11_Wafer_08,3299,31,0.1230000033974647,126.10120447349028,21.362957000732425,158.08587646484375,7.256304948076055,200.0,3.9107547966268217,0.1139779644596154,3.450000047683716,4.239999771118164,70.40383441922957,300.010009765625,600.02001953125,2.0522460946533743,0.040469692533228,1.919999957084656,2.1700000762939453,1371.0168797821664,54.69490810508763,0.203288914810213,10.18899653788298,0.0312976961295188,10.100000381469728,10.199999809265137,59.70785097282343,0.0823888427730858,1.2878792536921777,0.3982053151051706,0.1220740377902984,9.708548545837402,14.384559405824747,0.0097659230232238,14.993743896484377,3.4525139170655628,10.800018960997294,-35.9508056640625,34.699546813964844,84.2817483252605,18.459930616408453,0.0,92.61146545410156,79.8822021484375,516.5776817643234,981.3837280273438,3.364908505672666,7.752089226543015,221.79327392578125,28.729529009330776,3.901938295346664,24.24390411376953,50.144962310791016,0.0403203087587561,0.0006000000284984,0.0689000040292739,0.1437579961790031,54.93331527709961,2805.642822265625,3370.61669921875,142.53291213214533,187.36198571818812,10.026795387268066
2024-07-11_09,4,9,3,Si,42.94292808988764,3.535692373945909,0.0823346830599217,39.3009,50.7659,89,11th July 2024,10,2024-07-11,Day_2024_07_11_Wafer_09,3351,31,0.1230000033974647,124.26233598247497,21.057771682739254,157.78070068359375,7.094712027254918,200.0,3.916019123513391,0.1040558318172253,3.539999961853028,4.170000076293945,69.19637714091702,300.010009765625,600.030029296875,2.0356400751847006,0.0358870355149388,1.899999976158142,2.1600000858306885,1371.0141415779572,54.698687586134064,0.2038101396251176,10.18701868390226,0.0336144713691278,10.100000381469728,10.199999809265137,59.69737398243776,0.080737065477448,1.3030858958293985,0.384332012416713,0.1171910762786865,9.352091789245604,14.394117679138995,0.0097659230232238,14.993133544921877,3.8036390510611446,10.95672914478906,-35.09628677368164,34.18072891235352,82.48383261115293,21.91483320633128,0.0,92.44972229003906,79.8822021484375,506.76607885676617,983.1004028320312,3.429548240581072,7.682673324555483,226.3710479736328,28.64453451884608,3.885974824816005,24.25000762939453,50.06866836547852,0.0400720676396101,0.0006000000284984,0.0747999995946884,0.0941693207215138,55.69628143310547,2805.47509765625,3362.22412109375,140.85521766114942,194.3803907479761,10.016724586486816
2024-07-11_10,4,10,3,Si,43.42402808988764,3.5187772857649904,0.0810329543468682,39.775,51.2116,89,11th July 2024,10,2024-07-11,Day_2024_07_11_Wafer_10,3194,31,0.1230000033974647,129.8078142362008,21.362957000732425,158.08587646484375,7.416819036730642,200.0,3.888459626853504,0.106057437612953,3.440000057220459,4.190000057220459,72.46164985557724,300.010009765625,600.02001953125,2.085278586141005,0.0293611020030827,1.9600000381469729,2.1700000762939453,1371.0157131321669,54.70122165357462,0.1949611232626171,10.188259112513954,0.0321953960245367,10.100000381469728,10.199999809265137,59.70485301725403,0.0627054506012309,1.3054530371374724,0.4059140862388482,0.1086458936333656,9.729300498962402,14.36937982935876,0.0097659230232238,14.994964599609377,2.9846509916751027,10.172223913867802,-35.218360900878906,38.94161987304688,87.8528543112796,7.598491526906482,35.37705612182617,92.49549865722656,79.8822021484375,536.2597853649237,985.0917358398438,3.388328500586558,9.867185876227444,397.90032958984375,28.83067534905937,3.837793207908242,26.328317642211918,50.15411758422852,0.0408549777043819,0.0006000000284984,0.0651999935507774,0.0987504052608253,54.170352935791016,2806.146484375,3366.34423828125,137.3215419627311,165.98343338301615,10.026795387268066
2024-07-19_01,5,1,1,Si,44.31420112359551,3.7898979852093886,0.0855233286196244,40.572,52.7809,89,19th July 2024,10,2024-07-19,Day_2024_07_19_Wafer_01,3196,31,19.429191571204587,130.5967807405732,22.583696365356445,158.6962432861328,7.342900509862707,200.0,4.123398014168268,0.1313305985755536,3.569999933242798,4.46999979019165,72.59487167000188,300.010009765625,600.02001953125,1.991564454774236,0.0386038540645492,1.809999942779541,2.0899999141693115,1371.0100726341277,54.4036606524853,0.2958277115748955,10.113172901437638,0.0606056587612908,10.0,10.199999809265137,59.725813552942384,0.0852140878004064,1.5159231214498512,0.4115350480024187,0.1086458936333656,9.377727508544922,14.36037549212836,0.0,14.994354248046877,3.0135595813412244,11.291114215693876,-32.68532180786133,37.65983963012695,87.01101186009909,7.77987472607154,35.07187271118164,92.95327758789062,80.29419708251953,529.6770424777187,971.3583984375,3.5599086980366885,10.344475532651858,372.9972229003906,28.529406389396392,4.022434116389913,25.33646583557129,49.94354248046875,0.0408383287761219,0.0006000000284984,0.066500000655651,0.1354044005927514,59.6636848449707,2806.64990234375,3377.635986328125,139.77962582360473,167.13800015799882,10.016724586486816
2024-07-19_02,5,2,1,Si,43.71237640449438,3.675083242657185,0.0840742038055685,40.0443,51.7959,89,19th July 2024,10,2024-07-19,Day_2024_07_19_Wafer_02,3351,31,0.1230000033974647,124.94392543748329,22.27851104736328,159.30662536621094,6.97191883002496,200.0,4.184846322097482,0.1166882456216701,3.759999990463257,4.489999771118164,69.22726357933684,300.010009765625,600.0399780273438,2.0431333531624736,0.0369335503450413,1.919999957084656,2.150000095367432,1371.0166775149326,54.397940544326495,0.2232835202765493,10.099642188397496,0.0437754069798805,10.0,10.199999809265137,59.70396892692181,0.0820578571006436,1.3562050431842272,0.3945288044971456,0.1196325570344924,9.477828025817873,14.393819144281904,0.0048829615116119,14.993743896484377,3.652248644394791,14.853606022657882,-57.61894607543945,40.92531967163086,82.67789339098297,22.01554404994471,0.0,92.7091293334961,80.6604232788086,501.7724711783286,981.177734375,3.232380087981826,7.769028371657498,220.5572662353516,28.38929652683915,3.940545720394117,24.21949005126953,50.065616607666016,0.0400715007974622,0.0006000000284984,0.0719000026583671,0.0467203687248355,53.10220718383789,2808.83203125,3376.110107421875,142.34349360823705,194.45403030022032,10.016724586486816
2024-07-19_03,5,3,1,Si,43.85850112359551,3.59665582626589,0.0820058992925984,40.1919,51.7073,89,19th July 2024,10,2024-07-19,Day_2024_07_19_Wafer_03,3247,31,0.1230000033974647,128.37032512257127,21.97332763671875,158.3910675048828,7.229735140379232,200.0,4.201413618222287,0.111447388463676,3.7300000190734863,4.489999771118164,71.4842285652363,300.010009765625,600.030029296875,2.0513827705295187,0.0379312735102502,1.940000057220459,2.1600000858306885,1371.0162264040002,54.42177380889902,0.1735870750191742,10.129073205565469,0.0454166481341716,10.100000381469728,10.199999809265137,59.70612872105802,0.0854980565809364,1.3751755062115534,0.4000681768888159,0.1196325570344924,9.474165916442873,14.374850624685228,0.0048829615116119,14.993133544921877,3.884911324231119,14.662984197107708,-33.875545501708984,39.85717391967773,85.99114315862981,13.939910422955874,7.940916061401367,92.39173889160156,80.29419708251953,524.4831194699931,985.3663940429688,3.3393377520804832,7.862704018511083,224.1279296875,28.62754235885897,3.949195120111362,24.2103328704834,50.12970352172852,0.0405766551472042,0.0006000000284984,0.0715000033378601,0.1136337470597107,54.01776123046875,2808.83203125,3376.415283203125,139.73384251547412,180.03544557028528,10.018738746643066
2024-07-19_04,5,4,1,Si,43.35476853932584,3.5109266995920128,0.0809813272652431,39.738,51.0861,89,19th July 2024,10,2024-07-19,Day_2024_07_19_Wafer_04,3299,31,0.1230000033974647,126.64524626059762,21.97332763671875,158.3910675048828,7.094607448732132,200.00999450683597,4.173458631850258,0.1136046301371007,3.660000085830689,4.46999979019165,70.3993300834931,300.0199890136719,600.02001953125,2.0665443562926504,0.0378676762503798,1.919999957084656,2.1700000762939453,1371.0121825357826,54.41442838485547,0.2167017821351482,10.166353442228791,0.0472569187913411,10.100000381469728,10.199999809265137,59.70366781211037,0.0884567467292851,1.374078546971688,0.4018425327167801,0.1220740377902984,9.57670783996582,14.384546647067951,0.0048829615116119,14.993133544921877,3.792648683428295,13.900123802219058,-34.11969375610352,40.19287872314453,84.16753191435633,18.43019727235252,0.0,92.40394592285156,80.29419708251953,514.4317191252024,983.9930419921876,3.4364406050355933,8.017814050016108,221.06082153320312,28.61849217965553,3.9185490986626057,24.2072811126709,50.065616607666016,0.040357623216051,0.0006999999750405,0.0680999979376792,0.1389938174106381,53.10220718383789,2805.978515625,3374.889404296875,141.75267799488384,188.31339944114103,10.024781227111816
2024-07-19_05,5,5,1,Si,43.50141797752809,3.525516996631381,0.081043725941361,39.8595,51.3457,89,19th July 2024,10,2024-07-19,Day_2024_07_19_Wafer_05,3246,31,0.1230000033974647,128.3313666847262,22.583696365356445,159.00143432617188,7.164291426865355,200.0,4.14520949929567,0.1266335412455411,3.759999990463257,4.510000228881836,71.5530652095181,300.010009765625,600.010009765625,2.062307403069988,0.03691163954221,1.909999966621399,2.1600000858306885,1371.0173401894278,54.40985811483838,0.2377248193174985,10.18564376078927,0.0350696363811339,10.100000381469728,10.199999809265137,59.70693155548416,0.0840683926790444,1.3808326245602898,0.3954211371161468,0.1220740377902984,9.311807632446287,14.374610313875984,0.0048829615116119,14.993743896484377,3.777638658651656,12.754994461450607,-82.15583038330078,39.39939498901367,85.84892627903508,13.9697594477626,7.721182823181152,92.21778106689452,80.29419708251953,525.8505313377357,984.1990356445312,3.4373375230428067,7.9619314535446275,228.2937164306641,28.72557146609454,3.89281490330294,24.23474884033203,50.071720123291016,0.0405748919081757,0.0006000000284984,0.0775000005960464,0.0654841086340038,55.69628143310547,2807.3212890625,3374.279052734375,143.27178654218585,180.74942139989412,10.030823707580566
2024-07-19_06,5,6,1,Si,43.371765168539326,3.514368172720677,0.0810289403501128,39.7342,51.1782,89,19th July 2024,10,2024-07-19,Day_2024_07_19_Wafer_06,3247,31,0.1230000033974647,128.25481141527726,22.583696365356445,158.3910675048828,7.125768401665475,200.0,4.0934093184275815,0.1158123014389952,3.390000104904175,4.449999809265137,71.57769010237165,300.010009765625,600.010009765625,2.066562927169436,0.0362329665878177,1.9299999475479128,2.180000066757202,1371.0152103293665,54.39950690403108,0.2337375830570704,10.149183962651316,0.0535701605997933,10.0,10.300000190734863,59.70264858695813,0.0825823070981925,1.3499332137812017,0.4062611104091106,0.125736266374588,9.721976280212402,14.37481565975527,0.0030518509447574,14.993743896484377,3.8924869091502696,11.431568710330064,-34.27228546142578,31.9833984375,85.83701577258543,13.933132305039583,7.440412521362305,92.33069610595705,79.927978515625,525.6432410481896,983.9930419921876,3.39153033068956,7.723453512680429,224.49415588378903,28.75662900808961,3.8873062545775783,24.2164363861084,50.065616607666016,0.040566584263331,0.0006999999750405,0.0758000016212463,0.1288131112350402,55.39109420776367,2805.139404296875,3393.810791015625,140.39800323670988,179.84095632763896,10.016724586486816
2024-07-19_07,5,7,1,Si,43.26722436393258,3.499747225483388,0.0808867977304494,39.6316,50.9781,89,19th July 2024,10,2024-07-19,Day_2024_07_19_Wafer_07,3246,31,0.1230000033974647,128.36436731405487,22.583696365356445,158.08587646484375,7.245554528589339,200.0,4.067245864824094,0.111069827859413,3.670000076293945,4.389999866485596,71.43776026246088,300.010009765625,600.010009765625,2.056201432563608,0.0401785645885029,1.8799999952316284,2.1600000858306885,1371.0139214309438,54.40178643518661,0.2418279541699058,10.164972283262864,0.0477127478366771,10.100000381469728,10.199999809265137,59.703173183175565,0.0760692805057123,1.4083071793357824,0.4081064907767707,0.1135288551449775,9.606005668640137,14.374631390667584,0.0048829615116119,14.993743896484377,3.6534585885184825,10.618315866178891,-43.15317153930664,35.920284271240234,85.84891962696577,13.882677712393878,7.058931350708008,92.28797149658205,79.927978515625,527.447105055155,984.4736938476562,3.359701478887104,7.556859028976109,225.22659301757807,28.780451189935462,3.888240628725084,24.22864532470703,49.94964599609375,0.0405741217653399,0.0006999999750405,0.0768999978899955,0.0501590406755128,56.00146484375,2805.810791015625,3373.51611328125,143.4463983428695,180.6349108678948,10.028809547424316
2024-07-19_08,5,8,1,Si,43.17212696629213,3.5171884290439914,0.0814689633380846,39.5676,51.0264,89,19th July 2024,10,2024-07-19,Day_2024_07_19_Wafer_08,3247,31,0.1230000033974647,128.3589523710175,21.057771682739254,158.6962432861328,7.196636896128421,200.0,4.012694827806116,0.11285997924751,3.559999942779541,4.340000152587891,71.42750240172956,300.010009765625,600.02001953125,2.0500338324628173,0.0348886551572603,1.8899999856948853,2.140000104904175,1371.0137324026264,54.405019858230766,0.2459709708469656,10.146627775367898,0.0508112902825622,10.100000381469728,10.300000190734863,59.71139511211784,0.0888383978219261,1.3897796517262688,0.4080373371307605,0.1220740377902984,9.679250717163086,14.374788963645788,0.0079348124563694,14.993133544921877,3.7441897000170954,10.095291074528149,-103.57981872558594,32.166507720947266,85.81095139327547,13.9966349669863,6.860560894012451,92.31543731689452,79.927978515625,526.398616230374,985.6410522460938,3.256875737792516,6.4311692896363,168.2332763671875,28.78798494435913,3.89217209493169,24.1828670501709,50.144962310791016,0.0405609483379525,0.0006999999750405,0.0733000040054321,0.1133517778430089,54.62813186645508,2804.6357421875,3412.732421875,142.84575315139452,180.8965329868835,10.016724586486816
2024-07-19_09,5,9,1,Si,43.233769856629216,3.4869587445155985,0.0806535899154519,39.6471,50.9989,89,19th July 2024,10,2024-07-19,Day_2024_07_19_Wafer_09,3195,31,0.1230000033974647,130.08240058552678,22.583696365356445,157.78070068359375,7.413868544495582,200.0,4.12311424544906,0.1066394725421884,3.660000085830689,4.460000038146973,72.54851326713913,300.010009765625,600.030029296875,2.067589931607433,0.0383571484771141,1.950000047683716,2.1700000762939453,1371.010263534331,54.40159606933594,0.2362447858398999,10.190422408233786,0.0324673976265021,10.100000381469728,10.300000190734863,59.70575903234347,0.0748073012085575,1.3366602845198483,0.3925760262749844,0.1220740377902984,9.234901428222656,14.36497998903848,0.0067140720784664,14.993743896484377,3.4669504356682768,9.163831385076328,-33.47880554199219,34.30280303955078,87.57388110929439,7.513623771761931,35.48081970214844,92.19336700439452,79.927978515625,537.1236821373117,985.9157104492188,3.252943571168399,9.611277070154657,398.5412292480469,28.83620691851644,3.830707351566821,26.18793296813965,49.98321533203125,0.0408574019921273,0.0006999999750405,0.0650999993085861,0.1354945402190159,58.90072250366211,2805.810791015625,3372.90576171875,140.4628698295294,167.96172595780547,10.032837867736816
2024-07-19_10,5,10,1,Si,43.02462584269663,3.4908134401574133,0.081135242242902,39.4453,50.8589,89,19th July 2024,10,2024-07-19,Day_2024_07_19_Wafer_10,3245,31,0.1230000033974647,128.39329754810305,21.97332763671875,158.08587646484375,7.146323583067864,200.0,4.136992300383299,0.1070358264273168,3.7100000381469727,4.409999847412109,71.29425873091941,300.010009765625,600.0399780273438,2.067352795196792,0.0350064171192411,1.950000047683716,2.1600000858306885,1371.0166369233918,54.39704156414202,0.2121548013625953,10.199999809265137,0.0,10.199999809265137,10.199999809265137,59.70477666281772,0.0768442210359299,1.3465537602985953,0.3896196733784645,0.1171910762786865,9.23367977142334,14.379387883013129,0.0061037018895149,14.993743896484377,3.458955634577065,9.487271183500384,-97.62871551513672,30.579545974731445,85.6108537449124,13.853915834814188,7.159642219543457,92.18115997314452,79.927978515625,527.193288013711,984.1990356445312,3.310289588703764,7.325107511053529,220.6945953369141,28.779866669100866,3.8521060182333984,24.27136993408203,50.065616607666016,0.0405915868725449,0.0006999999750405,0.0763000026345253,0.0799406266175727,55.69628143310547,2804.6357421875,3371.22705078125,142.53900927892315,180.76479349369924,10.016724586486816
2024-08-01_01,6,1,9,Si,43.75222247191011,3.6681675018372233,0.0838395696171152,40.0937,51.9813,89,1st Aug 2024,10,2024-08-01,Day_2024_08_01_Wafer_01,3299,31,18.676811940884477,126.82822798584114,21.362957000732425,158.6962432861328,7.195153076286934,200.0,4.3391906624672885,0.1265293844547525,3.9600000381469727,4.730000019073486,70.30228836278799,300.0,600.010009765625,1.9945286396020248,0.0587145909634939,1.850000023841858,2.1700000762939453,1371.0143947873053,54.99378588474964,0.1763987911994948,10.213034116126943,0.0349978545418123,10.100000381469728,10.300000190734863,59.16983951269117,0.1036170008067974,1.3710328018703255,0.3948537294256274,0.1098666340112686,9.497360229492188,14.390024795018252,0.0036622211337089,14.993743896484377,4.1131069007589085,13.73938596167008,-32.074954986572266,35.55406188964844,83.84766660491131,18.411357575149843,0.0,92.46498107910156,80.29419708251953,511.2067594363423,977.8130493164062,3.36742011578508,8.145438310240221,232.001708984375,28.464039305623064,4.046918940976519,24.2164363861084,49.94659423828125,0.0403588962144192,0.0006000000284984,0.0648000016808509,0.1460244536363706,59.20590972900391,2806.482177734375,3380.9931640625,141.9472505509239,187.975849027156,10.016724586486816
2024-08-01_02,6,2,9,Si,44.195029213483146,3.712803884630562,0.0840095357035729,40.5022,52.2677,89,1st Aug 2024,10,2024-08-01,Day_2024_08_01_Wafer_02,3246,31,0.1230000033974647,128.3109645461566,22.583696365356445,158.08587646484375,7.28359211384573,200.0,4.395961184598602,0.1277453576644311,3.839999914169312,4.690000057220459,71.51457473005611,300.010009765625,600.0499877929688,1.8903635196383175,0.0411954251835933,1.7400000095367432,1.9900000095367432,1371.015430612617,55.01811448835842,0.1583962401533175,10.209919748523689,0.0298976234894251,10.199999809265137,10.300000190734863,59.189772151681424,0.0854254708097686,1.3094520293685734,0.393990944372195,0.1281777471303939,9.441205978393556,14.374653382949848,0.0024414807558059,14.993743896484377,3.924552447400707,14.158020674730906,-66.71346282958984,40.65065383911133,85.98037667209839,13.935258142158842,7.428205013275146,92.40089416503906,80.29419708251953,523.4861437550167,980.7656860351562,3.317689163946602,7.965639686879844,229.07192993164065,28.591469587841964,3.9760539824399994,24.22559356689453,50.138858795166016,0.0405994452732211,0.0006000000284984,0.0729999989271164,0.0825955337458602,56.154056549072266,2806.146484375,3381.450927734375,137.9397250777013,178.763995952178,10.034852027893066
2024-08-01_03,6,3,9,Si,44.066997752808994,3.679643666325756,0.0835011199756897,40.3885,52.1867,89,1st Aug 2024,10,2024-08-01,Day_2024_08_01_Wafer_03,3247,31,0.1230000033974647,128.18666886064432,21.97332763671875,157.78070068359375,7.32134278642067,200.0,4.363165995507083,0.0954127196667549,3.9700000286102295,4.639999866485596,71.33779484735447,300.010009765625,600.02001953125,1.9323960599585024,0.0368497716220836,1.7999999523162842,2.059999942779541,1371.0129318589757,55.007606909316905,0.1816285350456293,10.202494459149284,0.0295259073821092,10.100000381469728,10.300000190734863,59.19886055850307,0.0738139662029119,1.2826646644384596,0.3990684303558414,0.1171910762786865,9.640186309814451,14.37478896326259,0.0030518509447574,14.993133544921877,3.91456513100857,11.180294449778362,-74.06842041015625,35.79821014404297,85.54630325374363,13.816417692212951,7.837153434753418,92.14453887939452,80.20264434814453,524.2252233544606,982.2763671875,3.393659198019352,7.910311343804477,227.2866058349609,28.658090957979955,3.948322200710052,24.1828670501709,49.93743515014648,0.0406074219232787,0.0006999999750405,0.0775000005960464,0.1174403379467916,56.61183547973633,2805.978515625,3377.17822265625,137.4564586681634,178.91887894973038,10.022767066955566
2024-08-01_04,6,4,9,Si,43.89461797752809,3.660172377447228,0.0833854478314643,40.222,51.9347,89,1st Aug 2024,10,2024-08-01,Day_2024_08_01_Wafer_04,3247,31,0.1230000033974647,128.06279020130285,21.97332763671875,157.78070068359375,7.325318755721946,200.0,4.27742532153551,0.1022221952963775,3.7799999713897705,4.579999923706055,71.28603631872048,300.010009765625,600.030029296875,1.9966923304253223,0.0331275424305135,1.870000004768372,2.0899999141693115,1371.0160724532982,55.0019403075232,0.1901274004624308,10.152540900650706,0.05258695228781,10.100000381469728,10.300000190734863,59.19969215428311,0.0780612493379146,1.297088349539205,0.3867892661561674,0.1147495955228805,9.245887756347656,14.374940092466291,0.0079348124563694,14.993133544921877,3.3554664111923063,8.87554638967173,-34.11969375610352,32.89895248413086,85.29265838114343,13.869064188610706,7.470931053161621,98.5106964111328,79.927978515625,525.4791349147259,982.551025390625,3.535306621394526,8.178956293469556,227.2408142089844,28.68577003772713,3.924281856357749,24.1950740814209,50.05645751953125,0.0405879885305039,0.0006999999750405,0.0778000056743621,0.2005743714600737,56.91701889038086,2804.8037109375,3378.551513671875,138.0020698353047,178.4758590109725,10.018738746643066
2024-08-01_05,6,5,9,Si,43.69129550561797,3.6235096083803935,0.0829343594976365,40.0373,51.6084,89,1st Aug 2024,10,2024-08-01,Day_2024_08_01_Wafer_05,3246,31,0.1230000033974647,128.10233661912503,21.362957000732425,158.6962432861328,7.275326555550617,200.0,4.165154037839898,0.1021284501836043,3.799999952316284,4.420000076293945,71.37924832861884,300.0199890136719,600.010009765625,2.064038774920186,0.040943987048533,1.9299999475479128,2.200000047683716,1371.0110878653536,54.99879860305081,0.1856196985465971,10.161737551310146,0.04860999351597,10.100000381469728,10.199999809265137,59.20021559761691,0.0756479966279229,1.3456955341483368,0.3942756926040865,0.1147495955228805,9.367961883544922,14.379291329931098,0.0054933317005634,14.993743896484377,3.308625752736372,7.892053195185743,-65.03494262695312,28.22962188720703,85.33414771302718,13.918761559902991,6.891079425811768,97.39982604980467,79.83641815185547,526.2043151150349,983.3750610351562,3.507019569038041,8.137532581543002,230.21636962890625,28.737656626815937,3.9092279493636095,24.22254180908203,50.06256484985352,0.0405920821677641,0.0006999999750405,0.0746999979019165,0.1621824665269364,57.37479782104492,2805.978515625,3378.551513671875,141.39327157258722,179.962464195621,10.016724586486816
2024-08-01_06,6,6,9,Si,43.231184269662926,3.57928583223534,0.0827940731373179,39.5939,51.0864,89,1st Aug 2024,10,2024-08-01,Day_2024_08_01_Wafer_06,3297,31,0.1230000033974647,126.16603597294464,21.97332763671875,157.4755096435547,7.266053986981113,200.0,4.183306039373984,0.1045664912721578,3.740000009536743,4.460000038146973,70.36323618912583,300.0199890136719,600.02001953125,2.07318769807992,0.0375904975160932,1.9299999475479128,2.200000047683716,1371.0134635001991,55.00282077251292,0.2083245701665043,10.1878979676848,0.0326197086905976,10.100000381469728,10.199999809265137,59.21107064068661,0.0803245694627524,1.3523304185380638,0.3924620779029937,0.1232947781682014,9.411908149719238,14.38867701592547,0.0079348124563694,14.993743896484377,3.054285404354578,7.502650761376561,-69.55168151855469,34.08917617797852,83.84195151566682,18.420017105565964,0.0,100.0,79.8822021484375,518.8587798285491,982.551025390625,3.55583678148879,8.10015002019062,229.02615356445312,28.703207988467117,3.86312792035214,24.23169708251953,50.00762939453125,0.040340885261975,0.0006999999750405,0.0676999986171722,0.0818270011348799,55.238502502441406,2805.978515625,3380.840576171875,144.76747190640674,188.88337838999388,10.026795387268066
2024-08-01_07,6,7,9,Si,42.97732808988764,3.866934891427953,0.0899761586699901,28.653,50.9534,89,1st Aug 2024,10,2024-08-01,Day_2024_08_01_Wafer_07,3298,31,0.1230000033974647,126.22318564797256,21.362957000732425,157.78070068359375,7.195057611108807,200.0,4.176497875740486,0.10017250226842,3.809999942779541,4.429999828338623,70.45576399875655,300.010009765625,600.010009765625,2.106473604717567,0.03979665028514,1.950000047683716,2.2100000381469727,1371.0172183544005,55.00457855048796,0.2222260473106241,10.194451023550595,0.0228964043480197,10.100000381469728,10.199999809265137,59.20436629184887,0.0825677983694035,1.3320202323805208,0.3852267848078057,0.1159703359007835,9.21292781829834,14.38445537823228,0.0030518509447574,14.993743896484377,3.2352118529718235,7.628790659624623,-53.37687301635742,113.83403778076172,83.56882425018554,18.317500809313035,0.0,97.3906707763672,79.83641815185547,517.2550201184681,984.1990356445312,3.5080230873837173,7.992476822651909,229.11770629882807,28.716691272774924,3.8851156972433234,24.24390411376953,50.065616607666016,0.0403510002426271,0.0006999999750405,0.0645999982953071,0.1941876639880289,56.91701889038086,2805.978515625,3377.330810546875,144.45823748530836,188.9734168262826,10.018738746643066
2024-08-01_08,6,8,9,Si,43.32931011235955,3.550864204670488,0.0819506286959693,39.6672,51.2159,89,1st Aug 2024,10,2024-08-01,Day_2024_08_01_Wafer_08,3246,31,0.1230000033974647,127.94748764660942,21.057771682739254,157.78070068359375,7.343126916203783,200.0,4.161595820572666,0.1069056657784371,3.7699999809265137,4.420000076293945,71.36603186646957,300.010009765625,600.010009765625,2.107162644373952,0.0384899091108393,1.950000047683716,2.200000047683716,1371.0127202455303,55.01047438070941,0.2298276272746669,10.194947466024702,0.0219055492946019,10.100000381469728,10.199999809265137,59.20459035848734,0.0731033249201095,1.319028786571211,0.3936696410005026,0.1196325570344924,9.414349555969238,14.374675006494936,0.0079348124563694,14.993743896484377,2.5915441983141285,6.89536235009462,-50.63020706176758,28.321176528930664,85.5000741251148,13.84103129947836,7.910397529602051,97.39372253417967,79.8822021484375,527.3154617563414,984.7483520507812,3.4665867774400145,7.62580295726012,221.3812713623047,28.796343169973284,3.900406409818361,24.1798152923584,50.14191055297852,0.0405778800943856,0.0006999999750405,0.0790999978780746,0.1011642531267449,57.222206115722656,2805.978515625,3376.110107421875,142.5546485977827,180.49609764981085,10.026795387268066
2024-08-01_09,6,9,9,Si,43.23398539325843,3.5302805626835823,0.0816552193967773,39.4678,50.9339,89,1st Aug 2024,10,2024-08-01,Day_2024_08_01_Wafer_09,3245,31,0.1230000033974647,127.88600335554644,21.362957000732425,157.78070068359375,7.308533129417474,200.0,4.171747297865951,0.1026080768197489,3.7799999713897705,4.440000057220459,71.50913074244566,300.010009765625,600.010009765625,2.103654824787369,0.034392130068857,1.9800000190734863,2.190000057220459,1371.015250513109,55.00379040546153,0.230050420764764,10.196764080476688,0.0176973897378886,10.100000381469728,10.199999809265137,59.19922977324076,0.07404989657351,1.298379471443467,0.4007196138139278,0.1245155185461044,9.675588607788086,14.379025981225109,0.0067140720784664,14.993743896484377,2.858592135366196,7.724599681171702,-76.6319808959961,26.490066528320312,85.17436389261843,13.827645810557446,7.351909160614014,95.72130584716795,79.8822021484375,525.9950177396942,985.0230712890624,3.4511214588876404,7.738494651696897,224.5857086181641,28.80394290342169,3.8491473684109385,24.24085235595703,50.05645751953125,0.0406006467803446,0.0006999999750405,0.0724999979138374,0.0816334846390781,56.30664825439453,2804.468017578125,3374.889404296875,141.99837543958645,180.7170863445235,10.020752906799316
2024-08-01_10,6,10,9,Si,43.2034202247191,3.532390761650728,0.0817618314308747,39.5395,51.0186,89,1st Aug 2024,10,2024-08-01,Day_2024_08_01_Wafer_10,3245,31,0.1230000033974647,128.06290737851558,21.362957000732425,157.4755096435547,7.371130969739865,200.0,4.0213313146071,0.0994247390959405,3.650000095367432,4.320000171661377,71.1670875775744,300.0,600.02001953125,2.075072365292048,0.0361140646221164,1.9299999475479128,2.190000057220459,1371.0121387922525,55.00714944331048,0.2320986328821651,10.196764080476688,0.0176973897378886,10.100000381469728,10.199999809265137,59.2073652481996,0.0716073075013888,1.3885874829210558,0.403942369161048,0.1196325570344924,9.55107307434082,14.379082410463427,0.0103762932121753,14.993133544921877,2.6561542628542485,7.446272584282179,-43.70250701904297,28.931547164916992,85.5337655289331,13.944722111826476,7.7272868156433105,100.0,79.927978515625,528.216981264182,983.5123901367188,3.4678948788308124,7.918706392170395,225.6385955810547,28.79368698402252,3.864532665281252,24.2133846282959,50.05645751953125,0.040607672949531,0.0006999999750405,0.0784000009298324,0.162561613532538,56.154056549072266,2809.50341796875,3373.2109375,139.10135546159947,180.35859573635884,10.026795387268066
2024-08-05_01,7,1,3,SiO2,43.83111460674157,3.7184122433185767,0.0848349916875409,40.0996,52.1228,89,5th Aug 2024,6,2024-08-05,Day_2024_08_05_Wafer_01,3245,31,18.476583234731606,127.83004494124826,20.752586364746094,157.78070068359375,7.306203388590337,200.0,4.034776609667644,0.1102532600153701,3.5999999046325684,4.369999885559082,71.37370104501066,300.0199890136719,600.010009765625,2.0843728199945577,0.0322131143990646,1.940000057220459,2.190000057220459,1371.0176228151483,54.69799650218711,0.1306549287586419,10.168690281178808,0.0463822304990852,10.100000381469728,10.199999809265137,60.00434486494961,0.0807037523754647,1.2680626012580054,0.3909795347599823,0.1196325570344924,9.436323165893556,14.378993056168085,0.0048829615116119,14.993743896484377,3.8824246457986,11.371161660462676,-32.807395935058594,33.38724899291992,84.90870143702291,13.9548597960498,8.636737823486328,92.27881622314452,80.29419708251953,518.9497770053764,976.7830200195312,3.48554295698993,8.205666004250746,225.3181610107422,28.49781454289088,4.013960052849975,24.301889419555664,49.94659423828125,0.0406190443913508,0.0006000000284984,0.0750999972224235,0.1496770638346855,57.67998123168945,2807.4892578125,3426.92333984375,139.69275591705218,179.37766529597857,10.016724586486816
2024-08-05_02,7,2,3,SiO2,44.11084831460674,3.716409880580997,0.0842516075427721,40.3837,52.2922,89,5th Aug 2024,6,2024-08-05,Day_2024_08_05_Wafer_02,3247,31,0.1230000033974647,127.51379515656993,20.752586364746094,157.78070068359375,7.283988304641,200.0,4.109242387283461,0.1213379395410532,3.670000076293945,4.460000038146973,71.4572219942746,300.0,600.02001953125,2.0816260765323573,0.0408475314855298,1.940000057220459,2.190000057220459,1371.0121621054652,54.71179565180622,0.1667332156266676,10.13495552484755,0.0476899646568503,10.100000381469728,10.199999809265137,59.99584218322735,0.0811073846224963,1.2840075915731537,0.3842968128826466,0.1123081147670745,9.199499130249023,14.374820918561836,0.0030518509447574,14.993743896484377,4.03790803333044,13.576811672694369,-31.922361373901367,38.20917510986328,85.88164035966295,13.921723641798076,7.895138263702393,92.37036895751952,80.29419708251953,522.3598673179915,977.195068359375,3.381576804780927,7.989315776719237,228.01904296875,28.56032555911737,3.9648766178512864,24.1889705657959,49.98321533203125,0.040603141121903,0.0006999999750405,0.0694000050425529,0.0487807402803158,56.154056549072266,2805.978515625,3379.00927734375,138.08172624114434,178.73774806331937,10.026795387268066
2024-08-05_03,7,3,3,SiO2,43.68900561797753,3.633369560106568,0.0831643913317055,40.0253,51.6961,89,5th Aug 2024,6,2024-08-05,Day_2024_08_05_Wafer_03,3299,31,0.1230000033974647,125.61840327836124,21.057771682739254,157.78070068359375,7.182491664659254,200.0,4.108590499745531,0.1176695699234672,3.7200000286102295,4.460000038146973,70.29682343321163,300.010009765625,600.030029296875,2.0953712878931143,0.0381549473257924,1.9700000286102293,2.200000047683716,1371.0132735091363,54.721158385240656,0.1843673430051844,10.18839029703548,0.032038647802961,10.100000381469728,10.199999809265137,60.00633493905069,0.0897359977632276,1.2629227170341844,0.3797988901350098,0.1147495955228805,9.201940536499023,14.384428037229442,0.0,14.993743896484377,4.158371247461833,11.202364711788078,-32.53273010253906,57.252723693847656,83.82887076188774,18.346411026449083,0.0,92.13843536376952,80.24842071533203,513.8895250721099,978.2250366210938,3.558135358144132,8.145871178714087,225.3639373779297,28.56696132140725,3.944049204352243,24.2011775970459,50.05340576171875,0.0403197026031956,0.0006999999750405,0.068400003015995,0.1789111773076654,56.45924377441406,2803.460693359375,3379.772216796875,142.71922388805623,188.7571992967831,10.016724586486816
2024-08-05_04,7,4,3,SiO2,43.76099325842696,3.6074572366204105,0.082435451483399,40.0782,51.5847,89,5th Aug 2024,6,2024-08-05,Day_2024_08_05_Wafer_04,3247,31,0.1230000033974647,127.21086578850824,20.752586364746094,156.86514282226562,7.225897744026644,200.0,4.107730228790034,0.1290413962923332,3.640000104904175,4.429999828338623,71.47508796385407,300.010009765625,600.010009765625,2.097406802193583,0.0385199638036805,1.950000047683716,2.200000047683716,1371.0145329462773,54.71118021202263,0.2087905061268867,10.139359564938324,0.0488619053228732,10.100000381469728,10.199999809265137,60.0033567597178,0.0768548552078739,1.243622780573581,0.3820578043100467,0.1196325570344924,9.21170711517334,14.37480193561601,0.0042725913226604,14.993133544921877,3.3000593813962853,8.404651460714058,-36.62221145629883,33.814510345458984,85.42209004680304,13.926649024786055,7.531968116760254,98.4374542236328,79.927978515625,524.254047103614,980.3536987304688,3.3814358174144616,8.016903044859314,227.8817138671875,28.684085745498663,3.936789829217828,24.1920223236084,50.12970352172852,0.0405907295993134,0.0006999999750405,0.0715999975800514,0.0656989167791753,55.69628143310547,2804.300048828125,3381.603515625,141.50740330887504,180.56224397058347,10.024781227111816
2024-08-05_05,7,5,3,SiO2,43.5520786516854,3.558108930810905,0.0816977981525851,39.8751,51.3076,89,5th Aug 2024,6,2024-08-05,Day_2024_08_05_Wafer_05,3247,31,0.1230000033974647,127.25654487562868,21.057771682739254,157.78070068359375,7.293547890183762,200.0,4.13453342145797,0.1221100379743289,3.7200000286102295,4.449999809265137,71.30721910783409,300.010009765625,600.02001953125,2.0968154833652366,0.0370104332718854,1.950000047683716,2.200000047683716,1371.0146868969794,54.709332086946695,0.228315440491125,10.191561298881416,0.0278006435172227,10.100000381469728,10.199999809265137,60.00505051349984,0.0822077588613594,1.244535986241154,0.3881364617347003,0.1074251532554626,9.380168914794922,14.374798364295964,0.0054933317005634,14.993133544921877,3.2635631273444115,7.40187553345067,-60.701316833496094,27.8328800201416,85.25021347134599,13.893229008035062,7.037568092346191,96.16382598876952,79.8822021484375,524.7326620305763,981.7957153320312,3.4562141530888058,7.915831616183387,228.61415100097656,28.725446904296685,3.907454101901983,24.24695587158203,50.05035400390625,0.0406052659886746,0.0006999999750405,0.0753000006079673,0.1171583687300897,57.83257675170898,2808.496337890625,3377.4833984375,138.44835267101695,179.37319459967478,10.024781227111816
2024-08-05_06,7,6,3,SiO2,43.370857303370784,3.540088174649416,0.0816236614805001,39.7078,51.2329,89,5th Aug 2024,6,2024-08-05,Day_2024_08_05_Wafer_06,3247,31,0.1230000033974647,127.2101139136744,20.44740104675293,156.86514282226562,7.304595011538558,200.0,4.155247930530258,0.12231561713099,3.7300000190734863,4.449999809265137,71.45077620373829,300.010009765625,600.010009765625,2.1023775438620635,0.0352678996243294,1.9800000190734863,2.2100000381469727,1371.0181661828467,54.69562707330618,0.2398255829355849,10.155374256177502,0.04971771372166,10.100000381469728,10.199999809265137,60.01284239157773,0.0742471199007527,1.2338320436635897,0.3908222610396428,0.1208532974123954,9.488815307617188,14.374639128341991,0.0079348124563694,14.993743896484377,2.739907980185492,7.211949140506046,-66.98812866210938,24.109622955322266,85.05409802720845,13.829682705893449,6.393627643585205,96.01123046875,79.8822021484375,526.4236343802031,979.598388671875,3.5113956049465567,7.942455136303195,222.4799346923828,28.77223508498248,3.9085468684543794,24.1828670501709,49.93133163452149,0.0406008311439779,0.0006999999750405,0.0780000016093254,0.0479348314553728,55.08591079711914,2807.153564453125,3376.415283203125,142.0647255482928,180.5342990345143,10.032837867736816
2024-08-07_01,8,1,3,SiO2,43.74446306921348,3.703222464475212,0.0846557988062601,40.044,51.9915,89,7th Aug 2024,10,2024-08-07,Day_2024_08_07_Wafer_01,3299,31,18.757639893009088,126.68049217275,21.057771682739254,157.78070068359375,7.194449833414435,200.0,4.223767812919096,0.1121517131001304,3.7300000190734863,4.519999980926514,70.31642306033407,300.0,600.02001953125,2.0473779554474025,0.0392810427911666,1.899999976158142,2.190000057220459,1371.01318259469,54.90245469536482,0.2343788951750979,10.122340356700166,0.0416585680971679,10.100000381469728,10.199999809265137,59.1766598248489,0.100155610268749,1.3564227708689045,0.3885153642949708,0.1306192278861999,9.269082069396973,14.38547262767904,0.0,14.993743896484377,3.53372701914898,12.17509449783809,-32.3191032409668,34.18072891235352,83.5754618521494,18.38826294996796,0.0,92.60231018066406,80.29419708251953,509.8137562668804,976.8516845703124,3.441519311927067,8.137961793406001,225.13504028320312,28.43333758423277,4.04420679789985,24.25916290283203,49.93743515014648,0.0403798117391142,0.0006000000284984,0.0651999935507774,0.11545043903685,58.13776016235352,2805.139404296875,3379.9248046875,141.05872624957152,187.3803923851757,10.016724586486816
2024-08-07_02,8,2,3,SiO2,43.896177528089886,3.6837317593018746,0.0839191922108615,40.1973,51.877,89,7th Aug 2024,10,2024-08-07,Day_2024_08_07_Wafer_02,3298,31,0.1230000033974647,126.293143187963,21.97332763671875,157.78070068359375,7.16441480574306,200.0,4.06080656582258,0.1279900416929746,3.609999895095825,4.360000133514404,70.20414800857114,300.010009765625,600.010009765625,2.0851394355188653,0.0387794965403129,1.9600000381469729,2.200000047683716,1371.0136413019018,54.91479659210631,0.231135872959247,10.188720310435576,0.0316388978669222,10.100000381469728,10.199999809265137,59.19966644139056,0.0837577237950665,1.2602630553054333,0.3876542465373846,0.1220740377902984,9.419232368469238,14.384022671219894,0.0,14.993743896484377,3.805754363428397,14.560689970223104,-32.074954986572266,44.129764556884766,84.67882643715495,18.536299708786206,0.0,92.7976303100586,80.56886291503906,513.2151601963726,979.2550659179688,3.172379624623785,7.832051392890572,226.82882690429688,28.471106096641304,3.949120913818273,24.2133846282959,49.99237060546875,0.0403403575339971,0.0006000000284984,0.0680999979376792,0.047332376187465,53.10220718383789,2806.146484375,3378.7041015625,139.26136438872524,186.95569289160483,10.032837867736816
2024-08-07_03,8,3,3,SiO2,43.71542808988764,3.625126988151548,0.0829255744836254,40.0513,51.5945,89,7th Aug 2024,10,2024-08-07,Day_2024_08_07_Wafer_03,3298,31,0.1230000033974647,126.12842852104932,21.057771682739254,157.78070068359375,7.194875682799034,200.0,4.087534890961401,0.1174437622406275,3.5899999141693115,4.420000076293945,70.35979385822932,300.010009765625,600.02001953125,2.0919314348169933,0.0388834304201643,1.9600000381469729,2.200000047683716,1371.017309296413,54.91218888217424,0.2214946480219277,10.200909454942543,0.0094955146632596,10.199999809265137,10.300000190734863,59.20379020663158,0.0852525004257209,1.2604692270600883,0.3905502466131518,0.1049836724996566,9.494918823242188,14.384047289288011,0.0,14.993743896484377,4.261736802725158,13.384767372504754,-62.105167388916016,40.92531967163086,84.34317728056556,18.47578644464011,0.0,92.6786117553711,80.29419708251953,515.8331744909431,982.7570190429688,3.338001304788977,7.994083952282847,224.95193481445312,28.552838903257094,3.97057430706786,24.25916290283203,50.12970352172852,0.0403354454266976,0.0006999999750405,0.064300000667572,0.0963766746914263,54.62813186645508,2806.482177734375,3377.17822265625,139.2149297715503,188.1243135543893,10.022767066955566
2024-08-07_04,8,4,3,SiO2,43.83268764044944,3.6163890230267297,0.0825043869700901,40.1374,51.7433,89,7th Aug 2024,10,2024-08-07,Day_2024_08_07_Wafer_04,3247,31,0.1230000033974647,127.84698933647492,20.752586364746094,157.78070068359375,7.31729905356168,200.0,4.119775186952239,0.1114104928603278,3.619999885559082,4.460000038146973,71.49510326617276,300.010009765625,600.02001953125,2.096045547020704,0.0387729005973056,1.9700000286102293,2.190000057220459,1371.012377636448,54.90659048434658,0.2352089116497848,10.19541099749237,0.0267436227333574,10.100000381469728,10.300000190734863,59.19950724543885,0.0828839477529007,1.2584382140401476,0.3941341594748431,0.1098666340112686,9.541306495666504,14.374542139914585,0.0036622211337089,14.993133544921877,3.4783863582205763,12.146476761491048,-54.35346603393555,38.88058090209961,85.81890762391956,13.952500956186112,7.599108695983887,92.41920471191406,80.111083984375,524.4290232656917,983.1004028320312,3.4008917203594677,7.979038272659927,228.75149536132807,28.68282435364014,3.93268022130991,24.22254180908203,50.11139297485352,0.0406064055108201,0.0006999999750405,0.0759999975562095,0.1153725617329157,55.84887313842773,2810.1748046875,3374.889404296875,137.15528693730954,178.72580112912283,10.030823707580566
2024-08-07_05,8,5,3,SiO2,43.646195505617975,3.586914638810899,0.0821816104991145,39.9924,51.5523,89,7th Aug 2024,10,2024-08-07,Day_2024_08_07_Wafer_05,3247,31,0.1230000033974647,127.89840191476044,21.362957000732425,158.08587646484375,7.291995688673989,200.0,4.0217832141485,0.1255656005494714,3.5199999809265137,4.420000076293945,71.23899928720459,300.010009765625,600.010009765625,2.09468429001214,0.0382635281563233,1.950000047683716,2.190000057220459,1371.0159492927369,54.90301805149051,0.2075515512918975,10.167138894741669,0.0469777886164783,10.100000381469728,10.199999809265137,59.20699108935592,0.0787520366123455,1.3012908253145283,0.404392089630528,0.1184118166565895,9.64140796661377,14.374589327695253,0.0030518509447574,14.993743896484377,3.934406393008266,10.357690711003848,-57.43583297729492,34.57747268676758,85.73207607495443,13.90900893831412,7.483138561248779,92.31848907470705,79.927978515625,526.0162231097561,985.8470458984376,3.343482701608657,7.764804518574396,228.2479248046875,28.7271171137484,3.908666746550221,24.25305938720703,49.94964599609375,0.0406043728854258,0.0006999999750405,0.0710000023245811,0.0839329488394184,56.91701889038086,2806.146484375,3378.09375,140.54152575657253,180.08885644083858,10.018738746643066
2024-08-07_06,8,6,3,SiO2,43.50728202247191,3.573204059465712,0.0821288734520377,39.8199,51.2551,89,7th Aug 2024,10,2024-08-07,Day_2024_08_07_Wafer_06,3246,31,0.1230000033974647,127.8824265645157,21.362957000732425,157.4755096435547,7.30383548217304,200.0,4.151873075660922,0.1085009193380618,3.630000114440918,4.409999847412109,71.21540682763607,300.010009765625,600.010009765625,2.0891404351700404,0.0379055186795364,1.9600000381469729,2.2300000190734863,1371.015338213739,54.8928522496626,0.1918795974582869,10.179328336145726,0.0416266886667144,10.100000381469728,10.300000190734863,59.20431317713109,0.0678973321103439,1.22108185827475,0.3880463346025192,0.1135288551449775,9.410687446594238,14.374485831881012,0.0030518509447574,14.993133544921877,3.7526202375185176,9.954472049643831,-75.3501968383789,35.09628677368164,85.52349412845228,13.840960667964254,7.82799768447876,92.22998809814452,79.927978515625,527.0462324761786,983.6497192382812,3.4501287791182507,7.790706470421942,222.15948486328125,28.772821561539534,3.8927192840629896,24.23780059814453,49.93743515014648,0.0405697777910497,0.0006999999750405,0.0775000005960464,0.163122653079782,56.30664825439453,2805.978515625,3380.535400390625,141.1448833336566,179.53617250580947,10.026795387268066
2024-08-07_07,8,7,3,SiO2,43.40571685393258,3.5638474003537484,0.0821054842233497,39.7304,51.2407,89,7th Aug 2024,10,2024-08-07,Day_2024_08_07_Wafer_07,3246,31,0.1230000033974647,127.98396694079932,21.362957000732425,157.78070068359375,7.231164510964369,200.0,4.176062848563555,0.1144546597631193,3.7300000190734863,4.449999809265137,71.39792366720133,300.010009765625,600.02001953125,2.098040630695486,0.0392579392549003,1.9600000381469729,2.200000047683716,1371.01379823244,54.90896472237541,0.2149779360164222,10.200461922643806,0.0117669641875627,10.100000381469728,10.300000190734863,59.207979043618586,0.0807196487834781,1.2704447488669472,0.3856483736331376,0.1098666340112686,9.260536193847656,14.379103855710207,0.0036622211337089,14.993133544921877,3.713969087865128,9.166149399851358,-44.46546936035156,35.09628677368164,85.44235507368087,13.871851971338412,7.38547945022583,93.08450317382812,79.8822021484375,527.005277745311,984.5423583984376,3.47377921615395,7.712620822579042,226.78305053710935,28.815614234350814,3.8578411021504935,24.23474884033203,49.96795654296875,0.0406107205272599,0.0006999999750405,0.0701000019907951,0.1848410044051362,56.91701889038086,2806.146484375,3377.17822265625,141.4284158111748,180.4542856487348,10.016724586486816
2024-08-07_08,8,8,3,SiO2,43.69908426966292,3.784513695938984,0.0866039588515198,39.8948,51.9439,89,7th Aug 2024,10,2024-08-07,Day_2024_08_07_Wafer_08,3835,31,0.1230000033974647,112.85323031299896,20.752586364746094,158.08587646484375,10.34882920260506,200.0,4.475887881108648,0.1433879555652597,4.0,4.820000171661377,61.26998691617073,300.010009765625,600.010009765625,1.9135984358918088,0.0410374829396929,1.7799999713897705,2.039999961853028,1371.015824036679,54.950195599970016,0.1019207496769213,10.158096528830397,0.0493462674421442,10.100000381469728,10.199999809265137,59.27084747772018,0.0864306711684334,1.1298985166958444,0.4666439892513611,0.1098666340112686,9.377727508544922,13.062567066507125,-0.0036622211337089,14.994354248046877,2.9501013717253484,13.753509891961285,-44.95376586914063,34.08917617797852,73.97297862897175,33.79174383622071,0.0,93.24930572509766,80.33997344970703,445.6096678653006,974.1050415039062,2.695671688864369,9.597352174377628,389.3856506347656,28.256035934308983,3.836755262058343,25.479904174804688,50.04119873046875,0.0352819814004314,0.0006000000284984,0.0654999986290931,0.0672441733707194,53.86516952514648,2806.482177734375,3374.889404296875,115.65953408024885,161.43409513478252,10.024781227111816
2024-08-07_09,8,9,3,SiO2,43.47381460674157,3.750282804474113,0.0862653263441149,39.6855,51.7371,89,7th Aug 2024,10,2024-08-07,Day_2024_08_07_Wafer_09,3246,31,0.1230000033974647,127.69448292674066,21.97332763671875,157.78070068359375,7.436709794915354,200.0,4.503012944354881,0.1214543781480748,4.070000171661377,4.809999942779541,71.4246826627741,300.010009765625,600.010009765625,1.9114694984988967,0.0376525835797865,1.7599999904632568,2.0199999809265137,1371.0129358429124,54.99306848118207,0.1568508443996061,10.156808435953623,0.0495416391627342,10.100000381469728,10.199999809265137,59.28311754815459,0.0695460249873098,1.248743700906772,0.3717153074223918,0.0,8.740501403808594,14.378850906956494,0.0024414807558059,15.000457763671877,3.450688196418466,14.910691121521712,-38.91109848022461,96.62159729003906,86.85830011150387,14.16564048745072,7.632678985595703,93.3774871826172,80.29419708251953,525.0793327524276,975.2037353515624,3.18361362136524,7.441628965343649,199.6826019287109,28.689251996085588,3.888792689709389,24.45753288269043,49.934383392333984,0.0405658961140888,0.0006000000284984,0.0766000002622604,0.0651550422240684,53.55998229980469,2807.4892578125,3379.9248046875,142.3021232462887,181.64555999688545,10.115421295166016
2024-08-07_10,8,10,3,SiO2,43.21752471910112,3.549246849341962,0.0821251765900715,39.5611,51.0756,89,7th Aug 2024,10,2024-08-07,Day_2024_08_07_Wafer_10,3246,31,0.1230000033974647,127.86757160687402,21.97332763671875,158.08587646484375,7.309269870680746,200.0,4.21367838260794,0.12464541589764,3.700000047683716,4.510000228881836,71.37877088999323,300.010009765625,600.030029296875,1.99769869812168,0.0544848410728557,1.850000023841858,2.1600000858306885,1371.0127818447825,54.95428232697154,0.1035204382001652,10.121596068125482,0.0411546401794759,10.100000381469728,10.199999809265137,59.22399873433845,0.0718679711958905,1.373675157192656,0.4047427790717313,0.1037629321217536,9.638965606689451,14.378971661248796,0.0,14.993743896484377,3.994840926618688,14.99692038754603,-55.51316833496094,41.16946792602539,86.36626942276735,14.023658650250765,7.56248664855957,92.7793197631836,80.38575744628906,526.303126148875,981.3150634765624,3.3401408621620154,7.684965413570293,222.06793212890625,28.693708499713363,3.895108681755652,24.24695587158203,49.934383392333984,0.0405885085084223,0.0006999999750405,0.0797000005841255,0.0951000373450165,52.949615478515625,2805.139404296875,3375.194580078125,142.17863898422024,181.40187359460475,10.016724586486816
2024-08-21_01,9,1,3,Chuck,44.29168651685393,3.812686653499169,0.0860813157802957,40.5155,52.6704,89,21st Aug 2024,10,2024-08-21,Day_2024_08_21_Wafer_01,3245,31,19.05028114076388,127.19390553913792,20.752586364746094,156.86514282226562,7.263765794326923,200.0,4.241457637542936,0.1198313711929796,3.7799999713897705,4.570000171661377,71.21018784944835,300.04998779296875,600.02001953125,2.0620862407199407,0.0396818978872943,1.909999966621399,2.200000047683716,1371.0146343307613,55.01978376297444,0.1257401760114987,10.12807417635925,0.0459600544066643,10.0,10.199999809265137,59.89596366470877,0.096991132254541,1.3690812178243106,0.3828027483565098,0.0,8.644062995910645,14.3809080259642,0.0097659230232238,14.993133544921877,3.25637668644886,10.520987640897587,-39.5825080871582,31.9833984375,85.3828913770949,13.927216592478892,7.55943489074707,92.7488021850586,80.111083984375,521.9372098714067,978.4996948242188,3.5008774473459585,8.23203409346086,223.30393981933597,28.510482736949008,3.9380798077504977,24.3720817565918,50.065616607666016,0.0406088132947935,0.0006000000284984,0.0705000013113021,0.1819824841797627,57.37479782104492,2806.314208984375,3372.447998046875,138.75615260341135,178.77133097876057,10.048952102661133
2024-08-21_02,9,2,3,Chuck,44.376304494382026,3.799254092010874,0.0856144768091685,40.613,52.64,89,21st Aug 2024,10,2024-08-21,Day_2024_08_21_Wafer_02,3245,31,0.1230000033974647,126.88467643573216,20.14221572875977,156.86514282226562,7.291882898191274,200.0,4.106049321428837,0.1289616767664007,3.2699999809265137,4.510000228881836,71.32885968487233,300.010009765625,600.010009765625,2.0972295454727665,0.0376997466915282,1.9700000286102293,2.200000047683716,1371.0145727125264,55.03238781663045,0.1572597012504238,10.143205064911688,0.0495434694230403,10.100000381469728,10.199999809265137,59.90533204394607,0.0782786333410768,1.3231309713218906,0.3818178446875742,0.1269569993019104,9.054231643676758,14.37910478136894,0.0061037018895149,14.993133544921877,4.1351122628375085,13.5111438100564,-31.34250831604004,81.20975494384766,86.46965499813274,14.01556822094679,7.681509017944336,92.94107055664062,80.20264434814453,523.6771319561269,977.1264038085938,3.250320012044328,7.741535537863045,219.45860290527344,28.59265983181852,3.9520979817774977,24.23474884033203,49.94354248046875,0.0406144218218336,0.0006999999750405,0.0736000016331672,0.1941616722541891,56.00146484375,2805.978515625,3370.769287109375,136.06271792292273,178.4628777483739,10.018738746643066
2024-08-21_03,9,3,3,Chuck,44.198883146067416,3.7333308124014857,0.0844666323369227,40.4619,52.3408,89,21st Aug 2024,10,2024-08-21,Day_2024_08_21_Wafer_03,3246,31,0.1230000033974647,126.69854140443267,21.057771682739254,156.55995178222656,7.233761553817847,200.0,4.133776970946782,0.1230306625769834,3.640000104904175,4.440000057220459,71.4395315200056,300.010009765625,600.030029296875,2.101139835568026,0.0398919712260581,1.950000047683716,2.2300000190734863,1371.0099174795662,55.014725391907376,0.1781225317289062,10.167128775932138,0.0480195087333928,10.100000381469728,10.300000190734863,59.90280400039381,0.0825713996770774,1.340795273694611,0.3849657669703566,0.1184118166565895,9.11771011352539,14.379312938229582,0.0054933317005634,14.993133544921877,3.706682638261176,12.011461994463549,-44.61806106567383,39.73509979248047,86.02044576637846,13.969511328883158,7.745597839355469,92.7762680053711,79.927978515625,525.5903979646374,982.001708984375,3.439537565138372,8.012221544251453,221.3812713623047,28.67458692951402,3.913372458090933,24.25916290283203,50.077823638916016,0.0406185454732433,0.0006999999750405,0.0720999985933303,0.1477035679937657,55.84887313842773,2805.978515625,3375.499755859375,136.4930104725453,178.9594103425191,10.024781227111816
2024-08-21_04,9,4,3,Chuck,43.97901235955056,3.6845254736354094,0.0837791772928541,40.2646,52.0674,89,21st Aug 2024,10,2024-08-21,Day_2024_08_21_Wafer_04,3246,31,0.1230000033974647,126.67879756497368,21.362957000732425,156.86514282226562,7.288462732426217,200.0,4.129131253824804,0.1296995921463957,3.490000009536743,4.440000057220459,71.38640458956567,300.0,600.02001953125,2.1102864896891225,0.0400571521503096,1.919999957084656,2.220000028610229,1371.0152458148611,55.00733189045171,0.1730054031421631,10.1850276348845,0.0394581941108675,10.100000381469728,10.300000190734863,59.90283495749652,0.0816129664303305,1.307071095703196,0.3961957223518508,0.1196325570344924,9.519333839416504,14.379242618511432,0.0079348124563694,14.993743896484377,4.2047003392297695,10.544730354123953,-43.9771728515625,37.11050796508789,85.81951531215134,13.878352770086916,7.794427394866943,92.52296447753906,79.8822021484375,526.2313501589547,982.0703735351562,3.379685177352424,7.687087971288843,214.5146026611328,28.732705606330125,3.89820722109145,24.24695587158203,50.09918594360352,0.0405937149546979,0.0006999999750405,0.0687000006437301,0.1633577023621921,57.222206115722656,2803.460693359375,3368.327880859375,136.0431587154336,178.69354758923456,10.016724586486816
2024-08-21_05,9,5,3,Chuck,43.78194831460674,3.6411057775986007,0.0831645442417152,40.0754,51.7766,89,21st Aug 2024,10,2024-08-21,Day_2024_08_21_Wafer_05,3246,31,0.1230000033974647,126.6323522296278,20.752586364746094,156.86514282226562,7.277298213628844,200.0,4.116515730460044,0.1344122421651039,3.7200000286102295,4.460000038146973,71.50975646435278,300.010009765625,600.02001953125,2.113006763449438,0.0394931971320266,1.950000047683716,2.240000009536743,1371.017216990924,55.01176817183574,0.189939997268982,10.185304888515509,0.036693043726573,10.100000381469728,10.300000190734863,59.90378996683945,0.0853585710569885,1.3580582550280966,0.3992711239223421,0.1232947781682014,9.504684448242188,14.379264992780556,0.0122074037790298,14.993743896484377,3.7611383445749142,9.61694951587731,-70.28412628173828,30.94576835632324,85.70443348391,13.898002058893487,7.82799768447876,92.36731719970705,79.927978515625,528.2881764137517,982.7570190429688,3.496400148509666,7.646688119069166,213.3701629638672,28.778539759835123,3.877326770611356,24.27136993408203,50.071720123291016,0.0406182682441773,0.0006999999750405,0.0759000033140182,0.080386093055034,55.238502502441406,2805.642822265625,3375.34716796875,139.3863363802727,179.06970085188888,10.026795387268066
2024-08-21_06,9,6,3,Chuck,43.35196179775281,3.586823470879388,0.0827372815932245,39.689,51.2778,89,21st Aug 2024,10,2024-08-21,Day_2024_08_21_Wafer_06,3298,31,0.1230000033974647,124.94053812645797,20.14221572875977,156.86514282226562,7.172277138639624,200.0,4.2057913932892825,0.1134625870117343,3.7899999618530273,4.539999961853027,70.2216552781673,300.010009765625,600.0499877929688,2.118984222122942,0.0378289820192999,1.9800000190734863,2.220000028610229,1371.0109433555256,55.00770170143549,0.2045761230330431,10.190418299506693,0.0294381203579679,10.100000381469728,10.199999809265137,59.902668913036784,0.087973315989592,1.3605340324735338,0.3903906059321412,0.1208532974123954,9.327676773071287,14.388969297495402,0.0097659230232238,14.993133544921877,3.765380730406308,8.803960944788274,-50.38605880737305,31.250953674316406,84.03741287134177,18.3701400649724,0.0,92.42835998535156,79.83641815185547,518.5217301604096,981.9330444335938,3.415981737554543,7.657618963694981,213.7363739013672,28.7360989557316,3.8670362432095216,24.25305938720703,49.93743515014648,0.0403746509398367,0.0006999999750405,0.064699999988079,0.1943264690003588,57.83257675170898,2805.978515625,3368.327880859375,139.18548471123216,187.43095675870475,10.016724586486816
2024-08-21_07,9,7,3,Chuck,43.514860674157305,3.590227219088776,0.0825057730501007,39.8362,51.3211,89,21st Aug 2024,10,2024-08-21,Day_2024_08_21_Wafer_07,3246,31,0.1230000033974647,126.57048785267828,20.752586364746094,156.55995178222656,7.216303143330097,200.0,4.204953792208297,0.1142461555414711,3.7300000190734863,4.519999980926514,71.40679900953977,300.0,600.02001953125,2.112507684834563,0.0368179664743059,1.9700000286102293,2.220000028610229,1371.0172477905498,55.01044365277058,0.2119072751764356,10.19340711747579,0.0248191778867337,10.100000381469728,10.199999809265137,59.899877516487386,0.0788592723681162,1.3312128745432592,0.390677820832189,0.1220740377902984,9.293496131896973,14.379330242192689,0.0109866634011268,14.993743896484377,3.493814628798508,8.116406072472326,-33.38724899291992,33.204139709472656,85.53443708202389,13.909217699354594,6.799523830413818,94.02142333984376,79.83641815185547,527.6118114704125,982.8943481445312,3.449564666945765,7.578572986192772,214.4688262939453,28.82850514175124,3.8416809275348487,24.25916290283203,50.083927154541016,0.0405821006953686,0.0006999999750405,0.0780999958515167,0.048043617112212,54.93331527709961,2804.6357421875,3372.447998046875,140.16113614450248,179.80233893152862,10.022767066955566
2024-08-21_08,9,8,3,Chuck,43.43098426966292,3.580032522481111,0.0824303796628852,39.7517,51.2209,89,21st Aug 2024,10,2024-08-21,Day_2024_08_21_Wafer_08,3245,31,0.1230000033974647,126.5999937183868,20.752586364746094,156.86514282226562,7.237543916004855,200.0,4.252471501801525,0.098336006415152,3.880000114440918,4.510000228881836,71.55599989988748,300.010009765625,600.02001953125,2.108015378267262,0.0365110290635506,1.9800000190734863,2.220000028610229,1371.0134943934177,55.01112473639208,0.2189456293269409,10.199999809265137,0.0,10.199999809265137,10.199999809265137,59.9056402326916,0.0744208826843004,1.3201598107722947,0.3916730275537681,0.125736266374588,9.367961883544922,14.383755071113354,0.0115970335900783,14.993743896484377,3.62447975905173,7.782312186688993,-42.08502578735352,32.074954986572266,85.48780266066728,13.95926010994584,6.656086921691895,95.57786560058594,79.83641815185547,527.7830802223899,982.9630126953124,3.3831390069737366,7.61224690784048,215.24703979492188,28.80216351936705,3.88356388407083,24.25305938720703,50.08087539672852,0.0406089672912414,0.0006999999750405,0.0804000049829483,0.1442693184263349,54.62813186645508,2806.146484375,3368.48046875,137.50899451521494,179.8456076175323,10.016724586486816
2024-08-21_10,9,10,3,Chuck,43.34042359550562,3.5570727673257627,0.0820728657505467,39.687,51.2241,89,21st Aug 2024,10,2024-08-21,Day_2024_08_21_Wafer_10,3245,31,0.1230000033974647,126.74501539386108,20.752586364746094,156.86514282226562,7.232714947125371,200.0,4.071312811488546,0.1018984308959033,3.700000047683716,4.329999923706055,71.53203986651553,300.010009765625,600.0499877929688,2.112150978931844,0.0342706188906037,1.9600000381469729,2.2100000381469727,1371.0155894134004,55.01121722604901,0.2288739056590056,10.201848814777676,0.0134736178971554,10.199999809265137,10.300000190734863,59.90678034872046,0.0775528333150835,1.3535742406462117,0.3951397956690276,0.1135288551449775,9.397259712219238,14.383432111825984,0.0122074037790298,14.993743896484377,3.506383940545363,7.485894455232517,-93.53923034667967,27.74132537841797,85.28025038165194,13.965509438033372,7.095553398132324,100.0,79.79064178466797,527.1381422986235,980.7656860351562,3.3353157130189137,7.572811914042166,209.93682861328125,28.834530072439986,3.88940440117565,24.25305938720703,50.126651763916016,0.0406097993809652,0.0006999999750405,0.0710999965667724,0.1651009029159193,57.06961441040039,2804.8037109375,3366.6494140625,139.94967596211308,180.5146223194337,10.018738746643066
2024-08-22_01,10,1,3,SiO2,44.3370988764045,3.776954298604727,0.0851872223109023,40.5799,52.5928,89,22nd Aug 2024,10,2024-08-22,Day_2024_08_22_Wafer_01,3194,31,19.394658424132828,129.30178391045158,21.362957000732425,157.17031860351562,7.389618043974975,200.0,4.222551666876639,0.1197618813926597,3.7200000286102295,4.46999979019165,72.61480584280284,300.010009765625,600.0399780273438,2.1077520124749536,0.0348081894921389,1.9600000381469729,2.200000047683716,1371.009859833929,54.721509483208415,0.1846545186808558,10.178553469866308,0.0410512339649963,10.100000381469728,10.199999809265137,59.37445274501125,0.107698600757493,1.5129425941302244,0.4101857667955062,0.1293984800577163,9.370403289794922,14.370798157881444,0.0,14.993743896484377,4.387566035586592,12.402903872644876,-30.21332359313965,36.0423583984375,87.14302866773897,7.833216674612207,34.711753845214844,92.6389389038086,80.29419708251953,531.7243896560813,974.4483642578124,3.4473637593006186,10.001933931962494,349.1012268066406,28.562268244600624,3.99705431677075,25.635547637939453,49.94354248046875,0.0408563554120315,0.0006000000284984,0.0650999993085861,0.1720368702410158,60.121463775634766,2806.482177734375,3372.447998046875,136.3074078772266,166.23449324491253,10.016724586486816
2024-08-22_02,10,2,3,SiO2,44.01008764044944,3.711611944713637,0.0843354817885505,40.302,52.1391,89,22nd Aug 2024,10,2024-08-22,Day_2024_08_22_Wafer_02,3298,31,0.1230000033974647,125.43403496288256,20.14221572875977,156.86514282226562,7.146470588491297,200.0,4.07341421416776,0.1260334222983233,3.559999942779541,4.510000228881836,70.35712251108673,300.010009765625,600.02001953125,2.09510002825172,0.0409865701115366,1.9299999475479128,2.200000047683716,1371.014732606054,54.71155295826002,0.2031670231470537,10.173438452170643,0.0551644025279201,10.0,10.300000190734863,59.39684724547489,0.0881983555563384,1.4124114289202063,0.4042657127175882,0.1306192278861999,9.65483570098877,14.388602310016733,0.0,14.993743896484377,4.037863469687717,15.155849145538776,-34.54695129394531,114.04766845703124,84.64837542410743,18.57144842155054,0.0,92.7030258178711,80.29419708251953,513.8238538391595,977.6757202148438,3.273457157385483,7.844299665409151,225.5928192138672,28.496735902465858,3.942862212618273,24.2072811126709,50.07477188110352,0.0403565793900593,0.0006000000284984,0.0663000047206878,0.0955438480874565,54.780723571777344,2804.8037109375,3370.61669921875,139.68684682601543,187.57434020899825,10.018738746643066
2024-08-22_03,10,3,3,SiO2,44.15319438202248,3.6983499981674735,0.0837617764678268,40.4314,52.1227,89,22nd Aug 2024,10,2024-08-22,Day_2024_08_22_Wafer_03,3245,31,0.1230000033974647,127.08462212420024,20.14221572875977,157.4755096435547,7.23480123272467,200.0,4.138379055693264,0.1265445415520489,3.7300000190734863,4.480000019073486,71.36934972296315,300.010009765625,600.010009765625,2.110200288372892,0.0375300236549414,1.9700000286102293,2.2100000381469727,1371.0135560116526,54.70887560263988,0.187957967098953,10.157349822186909,0.0494641981478753,10.100000381469728,10.199999809265137,59.40372955251732,0.0845763403223974,1.378293010013864,0.3900493272768074,0.1269569993019104,9.195837020874023,14.379014705304051,0.0036622211337089,14.993133544921877,4.2507158155984985,14.3296703329643,-47.02902221679688,39.73509979248047,86.25759224619814,14.023854029121727,7.818841934204102,92.6694564819336,80.29419708251953,524.1664533712096,980.4910278320312,3.2584598480863,7.712885560377161,222.5257110595703,28.631758337505797,3.949443146625769,24.21949005126953,50.151065826416016,0.0406227422628454,0.0006000000284984,0.0731999948620796,0.0974805399890306,55.39109420776367,2810.1748046875,3370.3115234375,137.03542607696886,179.30764780898005,10.016724586486816
2024-08-22_04,10,4,3,SiO2,43.86219509404494,3.5561902511014423,0.0810764313887304,40.22615165,51.5528,89,22nd Aug 2024,10,2024-08-22,Day_2024_08_22_Wafer_04,3246,31,0.1230000033974647,127.01303434871409,20.14221572875977,156.86514282226562,7.216648191504539,200.0,4.145055458785132,0.1220034736531358,3.650000095367432,4.5,71.34785586520823,300.010009765625,600.02001953125,2.110523708683432,0.0415512888765719,1.919999957084656,2.2100000381469727,1371.015399812991,54.71343211222782,0.1943536735420238,10.17877380626112,0.0408969463328076,10.100000381469728,10.199999809265137,59.40400553366614,0.0894563467133383,1.3565987067885847,0.3946393593619201,0.1342814415693283,9.386272430419922,14.37913957627023,0.0030518509447574,14.993743896484377,3.830627650885544,13.551788646202713,-31.8308048248291,35.34043502807617,86.0621308271193,13.972850242555005,7.3488569259643555,92.49855041503906,80.20264434814453,524.211776488957,983.1690673828124,3.3078312882034595,7.761721845695587,219.45860290527344,28.70139543141984,3.9137141439776113,24.23169708251953,50.06866836547852,0.0406148178407231,0.0006000000284984,0.0780999958515167,0.0988607906075957,55.238502502441406,2804.6357421875,3371.83740234375,137.48851008376064,179.60315381934447,10.030823707580566
